restart_count,cpu_usage_pct,memory_usage_pct,pod_ready,last_exit_code,waiting_reason,oom_killed_count,image_pull_errors,failed_scheduling_events,readiness_probe_failures,label
0,7.9,56.0,1,0,Running,0,0,0,1,healthy
0,11.1,74.4,1,0,Running,0,0,0,1,healthy
1,12.8,28.1,0,0,ContainerCreating,0,0,6,1,scheduling_failure
0,0.0,6.7,0,0,Unschedulable,0,0,7,0,scheduling_failure
0,7.1,55.2,1,0,Running,0,0,0,0,healthy
0,14.4,12.1,0,0,Pending,0,0,6,0,scheduling_failure
0,28.1,47.5,1,0,Unknown,0,0,0,0,healthy
0,24.0,35.8,1,0,Unknown,0,0,0,1,healthy
1,6.4,11.1,0,0,Pending,0,0,6,0,crash_loop
1,39.2,42.6,1,0,Running,0,0,0,0,healthy
9,70.8,89.2,0,0,Error,0,0,0,3,crash_loop
0,15.8,37.0,1,0,Unknown,0,0,0,0,healthy
7,73.2,55.9,0,1,Error,0,0,0,4,crash_loop
1,21.1,18.9,1,0,Running,0,0,0,0,healthy
4,59.0,100.0,0,90,OOMKilled,0,0,0,2,oom_killed
3,62.9,85.3,0,141,CrashLoopBackOff,3,0,0,2,oom_killed
7,86.4,72.0,0,0,CrashLoopBackOff,0,0,0,3,probe_failure
10,53.1,62.3,0,0,Running,0,0,0,3,crash_loop
5,74.2,66.9,0,0,CrashLoopBackOff,0,0,0,6,crash_loop
4,53.4,39.8,0,1,CrashLoopBackOff,0,0,0,0,crash_loop
7,57.7,82.8,0,2,Running,0,0,0,3,crash_loop
7,35.2,67.3,0,3,Error,0,0,0,4,crash_loop
3,40.0,100.0,0,138,OOMKilled,3,0,0,1,oom_killed
9,82.1,63.4,0,1,CrashLoopBackOff,0,0,0,3,probe_failure
1,16.9,14.7,1,0,Running,0,0,0,1,healthy
0,6.2,12.5,0,0,ErrImagePull,0,6,0,1,image_pull_error
11,78.3,65.1,0,1,CrashLoopBackOff,0,0,0,3,probe_failure
1,20.9,33.1,1,0,Running,0,0,0,0,healthy
1,28.3,40.3,1,0,Running,0,0,0,0,healthy
3,58.9,69.3,0,140,CrashLoopBackOff,2,0,0,3,oom_killed
1,28.2,67.3,1,0,Unknown,0,0,0,0,healthy
9,82.1,66.3,0,1,CrashLoopBackOff,0,0,0,2,probe_failure
10,82.7,72.1,0,1,Error,0,0,0,5,probe_failure
1,33.1,53.6,0,0,Error,0,0,0,8,probe_failure
8,66.7,73.5,0,1,CrashLoopBackOff,0,0,0,4,probe_failure
6,72.6,89.8,0,140,OOMKilled,2,0,0,2,oom_killed
1,16.1,49.7,1,0,Unknown,0,0,0,0,healthy
0,55.2,30.0,1,0,Running,0,0,0,0,healthy
0,21.5,33.0,1,0,Running,0,0,0,0,healthy
0,7.5,31.6,0,0,Unschedulable,0,0,9,0,oom_killed
7,64.1,68.0,0,2,CrashLoopBackOff,0,0,0,4,crash_loop
12,67.6,49.1,0,2,CrashLoopBackOff,0,0,0,3,crash_loop
1,52.8,43.2,1,0,Running,0,0,0,4,probe_failure
1,17.3,11.7,0,0,Pending,0,1,0,0,image_pull_error
4,30.6,91.7,0,138,Error,2,0,0,1,oom_killed
0,4.4,18.8,0,1,Pending,0,8,0,0,image_pull_error
0,30.8,37.9,1,0,Running,0,0,0,0,healthy
9,69.7,80.9,0,0,CrashLoopBackOff,0,0,0,2,crash_loop
0,25.8,67.2,1,0,Unknown,0,0,0,0,healthy
0,85.2,84.3,0,0,Error,0,0,0,1,crash_loop
0,10.3,50.2,1,0,Running,0,0,0,1,healthy
0,10.3,20.2,0,0,ImagePullBackOff,0,3,0,0,image_pull_error
3,53.0,50.9,1,1,Error,0,0,0,2,probe_failure
5,58.4,58.8,0,0,CrashLoopBackOff,0,0,0,6,probe_failure
0,27.4,68.2,1,0,Running,0,0,0,1,healthy
9,69.8,77.5,0,1,Error,0,0,0,3,probe_failure
0,32.9,29.3,1,0,Running,0,0,0,0,healthy
7,81.2,65.0,0,1,CrashLoopBackOff,0,0,0,3,probe_failure
7,88.8,62.0,0,1,CrashLoopBackOff,0,0,0,3,probe_failure
0,11.6,12.8,0,0,Unschedulable,0,0,3,0,scheduling_failure
0,11.8,14.4,0,0,Unschedulable,0,0,7,0,scheduling_failure
0,1.4,11.0,0,0,ErrImagePull,0,3,0,0,image_pull_error
0,18.1,17.4,0,0,ImagePullBackOff,0,6,0,1,image_pull_error
7,56.6,64.9,0,0,Error,0,0,0,5,healthy
0,0.0,65.9,1,0,Running,0,0,0,0,healthy
7,98.6,79.4,0,1,CrashLoopBackOff,0,0,0,3,probe_failure
1,50.4,59.9,0,138,OOMKilled,1,0,0,3,oom_killed
0,30.1,45.1,1,0,Running,0,0,0,0,healthy
0,23.1,45.7,1,0,Running,0,0,0,0,healthy
0,2.7,50.6,1,0,Running,0,0,0,0,healthy
1,32.7,36.1,1,0,Running,0,0,0,0,healthy
0,12.7,43.4,1,0,Running,0,0,0,0,healthy
3,52.5,95.2,0,137,Error,1,0,0,3,oom_killed
0,43.8,84.1,0,1,Error,0,0,0,6,crash_loop
8,79.4,49.0,0,1,CrashLoopBackOff,0,0,0,5,probe_failure
8,66.2,84.6,0,1,CrashLoopBackOff,0,0,0,3,crash_loop
0,7.6,47.1,1,0,Running,0,0,0,0,healthy
0,0.0,39.5,1,0,Running,0,0,0,0,healthy
1,26.6,48.5,1,0,Running,0,0,0,1,healthy
3,41.7,58.9,0,1,Running,0,0,0,1,probe_failure
1,53.3,86.7,1,137,Error,5,0,0,1,oom_killed
1,36.4,36.1,1,0,Unknown,0,0,0,0,healthy
1,27.1,33.7,1,0,Unknown,0,0,0,0,healthy
0,4.2,22.1,0,0,ContainerCreating,0,0,7,0,scheduling_failure
1,10.1,30.8,1,0,Unknown,0,0,0,1,healthy
8,76.9,70.1,0,1,Error,0,0,0,5,probe_failure
3,42.8,49.9,1,0,Running,0,0,0,0,probe_failure
0,22.7,48.8,1,0,Running,0,0,0,0,healthy
0,26.3,39.2,1,0,Running,0,0,0,0,healthy
1,26.6,48.6,1,0,Running,0,0,0,0,healthy
0,11.6,54.3,1,0,Running,0,0,0,0,healthy
1,23.5,51.2,1,0,Running,0,0,0,0,healthy
0,37.3,42.5,1,0,Unknown,0,0,0,0,healthy
7,76.4,60.3,0,1,Error,0,0,0,6,probe_failure
5,67.8,85.5,0,92,Error,1,0,0,0,oom_killed
0,10.1,26.1,1,0,ErrImagePull,0,6,0,0,image_pull_error
7,70.6,83.9,0,0,Running,0,0,0,5,crash_loop
1,3.5,17.0,0,0,ErrImagePull,0,4,0,0,image_pull_error
6,78.4,61.5,0,1,Error,0,0,0,2,probe_failure
0,34.5,32.6,1,0,Running,0,0,0,0,healthy
0,9.9,11.9,0,0,Unschedulable,0,0,7,0,scheduling_failure
0,30.4,29.5,1,0,Running,0,0,0,0,healthy
0,20.2,34.0,1,0,Running,0,0,0,0,healthy
8,70.9,89.6,0,2,Error,0,0,0,3,probe_failure
7,72.3,73.0,0,2,CrashLoopBackOff,0,0,0,3,probe_failure
1,13.4,32.1,1,0,Running,0,0,0,1,healthy
1,47.4,64.5,1,0,CrashLoopBackOff,0,0,0,3,probe_failure
1,38.1,42.4,1,0,Unknown,0,0,0,1,healthy
3,26.4,41.7,1,0,Error,0,0,0,7,probe_failure
1,14.2,8.2,0,0,Pending,0,5,0,1,image_pull_error
0,24.7,14.5,1,0,Running,0,0,0,0,healthy
3,45.7,64.4,0,0,CrashLoopBackOff,0,0,0,4,probe_failure
0,15.6,40.7,1,0,Unknown,0,0,0,0,healthy
1,8.0,34.0,1,0,Running,0,0,0,0,healthy
2,75.5,88.0,0,133,CrashLoopBackOff,0,0,0,1,oom_killed
3,31.5,95.2,0,134,Error,4,0,0,3,oom_killed
9,68.9,77.2,0,1,CrashLoopBackOff,0,0,0,5,probe_failure
5,55.4,88.5,0,141,Error,3,0,0,2,oom_killed
2,57.0,96.4,0,136,Error,0,0,0,1,oom_killed
3,41.7,65.0,0,1,Error,0,0,0,5,probe_failure
1,28.0,45.4,0,0,Running,0,0,0,0,healthy
7,91.7,88.8,0,2,Error,0,0,0,3,probe_failure
8,77.3,72.2,0,1,Error,0,0,0,3,probe_failure
0,55.9,59.1,1,0,Running,0,0,0,0,healthy
0,29.7,29.5,1,0,Running,0,0,0,0,healthy
14,75.4,77.8,0,1,Error,0,0,0,5,crash_loop
0,21.0,39.4,1,0,Running,0,0,0,0,healthy
6,76.3,76.9,0,0,Error,0,0,0,6,probe_failure
0,30.1,41.2,1,0,Running,0,0,0,1,healthy
0,16.4,24.5,1,0,Unknown,0,0,0,0,healthy
10,70.3,66.2,0,0,Running,0,0,0,2,crash_loop
6,60.8,68.1,0,1,Running,0,0,0,2,crash_loop
0,19.3,44.6,1,0,Running,0,0,0,1,healthy
9,76.1,69.4,0,0,CrashLoopBackOff,0,0,0,3,probe_failure
3,20.1,53.9,0,1,CrashLoopBackOff,0,0,0,2,crash_loop
4,56.8,79.5,0,134,OOMKilled,6,0,0,1,oom_killed
1,19.7,65.6,1,0,Running,0,0,0,6,probe_failure
0,16.2,41.3,1,0,Running,0,0,0,1,healthy
4,62.4,67.8,0,0,Running,0,0,0,1,crash_loop
8,76.0,75.3,0,1,CrashLoopBackOff,0,0,0,3,probe_failure
6,76.2,74.1,0,2,CrashLoopBackOff,0,0,0,5,probe_failure
8,77.9,71.6,0,1,CrashLoopBackOff,0,0,0,5,probe_failure
1,47.7,25.4,1,0,Running,0,0,0,0,healthy
9,78.2,69.6,0,1,CrashLoopBackOff,0,0,0,5,probe_failure
0,23.1,34.0,1,0,Running,0,0,0,0,healthy
0,19.0,11.2,0,0,Unschedulable,0,0,5,0,scheduling_failure
0,33.3,27.3,1,0,Running,0,0,0,1,healthy
0,18.3,42.7,1,0,Running,0,0,0,0,healthy
7,77.6,90.4,0,0,Error,0,0,0,5,probe_failure
1,43.0,49.2,1,0,Running,0,0,0,8,probe_failure
0,18.6,37.7,1,0,Running,0,0,0,0,probe_failure
0,28.8,27.8,1,0,Running,0,0,0,0,healthy
1,6.9,30.1,1,0,Running,0,0,0,0,healthy
0,17.6,20.7,0,0,ErrImagePull,0,5,0,1,image_pull_error
3,52.6,72.0,0,136,OOMKilled,2,0,0,1,oom_killed
1,23.0,60.1,1,0,Running,0,0,0,0,healthy
12,78.6,71.6,0,1,Error,0,0,0,4,probe_failure
11,71.6,66.5,0,1,CrashLoopBackOff,0,0,0,5,probe_failure
0,80.8,65.0,0,1,CrashLoopBackOff,0,0,0,3,crash_loop
0,55.9,85.5,0,136,CrashLoopBackOff,3,0,0,1,oom_killed
9,81.5,74.9,0,1,Error,0,0,0,4,probe_failure
5,75.3,85.5,0,2,CrashLoopBackOff,0,0,0,3,probe_failure
2,57.4,53.9,0,0,Error,0,0,0,2,probe_failure
11,82.4,44.5,0,0,Running,0,0,0,1,crash_loop
0,37.4,24.8,1,0,Running,0,0,0,0,probe_failure
1,16.4,56.4,1,0,Running,0,0,0,0,healthy
3,59.5,43.9,1,1,Error,0,0,0,0,probe_failure
0,19.3,48.3,1,0,Unknown,0,0,0,0,healthy
7,77.8,71.5,0,1,CrashLoopBackOff,0,0,0,3,probe_failure
2,24.3,51.6,1,0,Running,0,0,0,0,healthy
0,3.9,21.1,0,0,Pending,0,0,6,0,scheduling_failure
0,23.2,68.9,1,0,Running,0,0,0,0,healthy
3,50.5,85.8,0,0,Error,0,0,0,7,crash_loop
0,13.2,15.1,0,0,Pending,0,0,1,0,scheduling_failure
0,45.4,67.2,1,0,Running,0,0,0,0,healthy
7,77.4,67.3,0,1,CrashLoopBackOff,0,0,0,3,probe_failure
9,76.8,83.3,0,1,Error,0,0,0,5,probe_failure
0,26.8,38.9,1,0,Running,0,0,0,0,healthy
13,73.4,73.6,0,1,Error,0,0,0,4,scheduling_failure
1,15.3,58.1,1,0,Running,0,0,0,1,healthy
7,39.9,52.1,0,1,CrashLoopBackOff,0,0,0,0,crash_loop
0,42.1,58.1,0,0,Error,0,0,0,5,probe_failure
1,31.1,42.9,1,0,Running,0,0,0,0,healthy
6,69.1,56.9,0,1,CrashLoopBackOff,0,0,0,6,probe_failure
0,30.4,55.1,1,0,Running,0,0,0,1,healthy
5,56.2,70.9,0,1,Error,0,0,0,6,crash_loop
1,13.6,17.9,0,0,ContainerCreating,0,0,7,1,scheduling_failure
1,0.1,17.7,0,1,ImagePullBackOff,0,4,0,1,image_pull_error
5,80.5,61.1,0,1,Error,0,0,0,4,probe_failure
5,52.6,91.3,0,139,OOMKilled,4,0,0,3,oom_killed
2,47.1,74.3,0,0,Error,0,0,0,4,probe_failure
0,10.0,55.5,1,0,Running,0,0,0,0,healthy
0,16.0,11.5,0,1,Pending,0,4,0,1,image_pull_error
3,42.8,59.2,0,1,CrashLoopBackOff,0,0,0,4,probe_failure
0,40.8,42.5,1,0,Unknown,0,0,0,0,healthy
1,37.8,47.2,1,0,Running,0,0,0,0,healthy
1,27.7,33.3,1,0,Running,0,0,0,1,healthy
1,30.4,53.6,0,0,Error,0,0,0,7,probe_failure
1,15.1,26.4,1,0,Running,0,0,0,0,healthy
7,77.4,75.7,0,1,CrashLoopBackOff,0,0,0,3,probe_failure
3,50.7,60.0,1,1,Running,0,0,0,5,probe_failure
1,25.6,38.8,1,0,Running,0,0,0,1,healthy
0,3.9,18.6,0,0,ErrImagePull,0,5,0,0,image_pull_error
0,8.5,17.3,0,0,Unschedulable,0,0,7,0,scheduling_failure
1,14.3,21.9,1,0,Running,0,0,0,0,healthy
0,2.9,15.7,0,0,ImagePullBackOff,0,6,0,0,image_pull_error
1,13.8,17.1,0,0,ContainerCreating,0,0,5,0,scheduling_failure
10,79.4,72.7,0,1,Error,0,0,0,1,probe_failure
6,78.0,86.5,0,1,Error,0,0,0,6,probe_failure
1,36.8,58.8,1,0,Running,0,0,0,1,healthy
0,19.2,42.4,1,0,Running,0,0,0,1,healthy
1,45.7,63.1,1,0,Error,0,0,0,8,probe_failure
0,30.3,44.2,1,0,Running,0,0,0,0,healthy
1,23.9,35.6,1,0,Unknown,0,0,0,0,healthy
0,20.7,22.2,0,0,ImagePullBackOff,0,5,0,0,image_pull_error
0,4.9,12.1,1,0,Running,0,0,0,1,healthy
0,11.3,1.3,0,0,ContainerCreating,0,0,7,1,scheduling_failure
1,4.9,18.2,0,0,Unschedulable,0,0,6,0,scheduling_failure
6,59.1,99.1,0,138,OOMKilled,1,0,0,1,oom_killed
1,24.7,43.3,1,0,Running,0,0,0,0,healthy
0,29.9,64.4,1,0,Unknown,0,0,0,1,healthy
0,5.2,9.9,0,0,Unschedulable,0,0,2,0,scheduling_failure
1,15.3,7.0,1,0,Pending,0,0,7,0,scheduling_failure
6,63.3,65.7,0,1,CrashLoopBackOff,0,0,0,4,probe_failure
9,82.7,78.5,0,1,CrashLoopBackOff,0,0,0,5,probe_failure
0,48.1,28.5,1,0,Running,0,0,0,0,healthy
8,84.6,72.0,0,1,CrashLoopBackOff,0,0,0,5,probe_failure
11,76.6,84.4,0,1,CrashLoopBackOff,0,0,0,6,probe_failure
0,18.2,33.1,1,0,Running,0,0,0,1,healthy
0,24.1,47.0,1,0,Unknown,0,0,0,0,healthy
3,65.9,56.6,0,0,CrashLoopBackOff,0,0,0,7,crash_loop
8,76.8,66.7,0,1,CrashLoopBackOff,0,0,0,4,probe_failure
1,9.3,10.1,0,0,Unschedulable,0,0,8,0,scheduling_failure
0,25.1,62.7,1,0,Running,0,0,0,1,healthy
1,0.0,39.2,1,0,Running,0,0,0,1,healthy
3,44.4,100.0,0,84,OOMKilled,2,0,0,4,oom_killed
8,23.2,70.6,0,1,Running,0,0,0,0,crash_loop
0,35.7,40.8,1,0,Unknown,0,0,0,0,healthy
2,31.2,91.0,0,130,Error,4,0,0,2,oom_killed
0,13.6,29.7,1,0,Unknown,0,0,0,1,healthy
6,75.7,70.0,0,1,CrashLoopBackOff,0,0,0,3,probe_failure
1,26.0,60.3,1,0,Running,0,0,0,0,healthy
1,25.1,53.1,1,0,Running,0,0,0,0,healthy
10,72.6,79.3,0,1,CrashLoopBackOff,0,0,0,4,probe_failure
0,5.4,26.1,0,1,Pending,0,4,0,1,image_pull_error
1,38.0,52.3,0,1,CrashLoopBackOff,0,0,0,6,probe_failure
5,75.1,87.1,0,1,Error,0,0,0,4,crash_loop
1,51.6,13.2,1,0,Running,0,0,0,0,healthy
6,78.1,78.5,0,1,CrashLoopBackOff,0,0,0,5,probe_failure
2,46.5,53.7,1,0,Error,0,0,0,4,probe_failure
3,71.0,77.2,0,130,OOMKilled,4,0,0,1,oom_killed
0,5.3,19.6,1,0,Running,0,0,0,0,healthy
2,30.0,70.5,0,1,CrashLoopBackOff,0,0,0,4,probe_failure
0,25.7,42.6,0,0,Running,0,0,0,0,healthy
3,66.9,86.8,0,0,Running,0,0,0,7,probe_failure
0,14.1,12.6,0,0,ErrImagePull,0,6,0,0,image_pull_error
2,67.3,97.5,0,137,Error,0,0,0,1,oom_killed
7,90.9,57.0,0,1,Error,0,0,0,5,crash_loop
11,72.0,61.2,0,1,CrashLoopBackOff,0,0,0,3,probe_failure
10,68.8,73.4,0,1,Error,0,0,0,3,probe_failure
2,46.6,94.9,0,136,OOMKilled,4,0,0,3,oom_killed
9,28.8,90.4,0,0,Running,0,0,0,2,crash_loop
1,19.4,5.9,0,0,ImagePullBackOff,0,3,0,0,image_pull_error
0,13.1,9.7,0,0,Pending,0,0,3,0,scheduling_failure
9,83.1,76.9,0,1,CrashLoopBackOff,0,0,0,3,probe_failure
4,35.9,100.0,0,88,OOMKilled,3,0,0,1,oom_killed
6,75.5,73.9,0,1,CrashLoopBackOff,0,0,0,5,probe_failure
0,0.8,16.2,0,0,ErrImagePull,0,3,0,0,image_pull_error
4,40.8,83.3,0,136,CrashLoopBackOff,1,0,0,1,oom_killed
0,29.6,45.4,1,0,Running,0,0,0,0,healthy
9,83.1,76.7,0,1,CrashLoopBackOff,0,0,0,3,probe_failure
0,7.7,49.6,1,0,Running,0,0,0,0,healthy
0,11.8,43.7,1,0,Unknown,0,0,0,1,healthy
0,28.4,30.8,1,0,Running,0,0,0,0,healthy
0,8.0,10.5,0,0,ImagePullBackOff,0,6,0,0,image_pull_error
2,60.9,100.0,0,135,OOMKilled,0,0,0,2,oom_killed
0,14.8,43.5,1,0,Running,0,0,0,0,healthy
0,15.2,37.4,1,0,Running,0,0,0,0,healthy
7,72.6,68.0,0,1,CrashLoopBackOff,0,0,0,4,probe_failure
0,11.4,16.0,0,0,ImagePullBackOff,0,7,0,0,image_pull_error
2,48.1,76.0,0,91,OOMKilled,0,0,0,1,oom_killed
0,15.0,16.2,0,0,Pending,0,0,7,0,scheduling_failure
6,78.4,69.8,0,1,CrashLoopBackOff,0,0,0,4,probe_failure
2,51.6,50.1,0,0,CrashLoopBackOff,0,0,0,5,probe_failure
7,81.8,66.9,0,1,CrashLoopBackOff,0,0,0,5,probe_failure
2,39.8,88.5,0,136,OOMKilled,5,0,0,2,oom_killed
8,51.0,75.4,0,1,CrashLoopBackOff,0,0,0,7,crash_loop
0,25.2,14.5,1,0,Running,0,0,0,0,healthy
0,7.1,16.3,0,0,Pending,0,2,0,1,image_pull_error
0,38.1,33.2,1,0,Running,0,0,0,0,healthy
7,74.3,67.2,1,1,CrashLoopBackOff,0,0,0,4,probe_failure
6,40.8,56.0,0,0,Running,0,0,0,0,crash_loop
7,50.8,83.0,0,133,CrashLoopBackOff,3,0,0,1,oom_killed
10,75.7,77.7,0,1,Error,0,0,0,7,probe_failure
1,28.8,43.4,0,0,Running,0,0,0,6,probe_failure
3,60.1,88.9,0,1,Running,0,0,0,4,crash_loop
2,38.1,65.0,0,2,CrashLoopBackOff,0,0,0,5,probe_failure
7,79.6,66.5,0,1,Error,0,0,0,4,probe_failure
1,17.2,10.1,0,0,Unschedulable,0,0,7,0,scheduling_failure
3,44.5,53.3,0,2,Error,0,0,0,1,crash_loop
0,7.1,19.8,0,0,ImagePullBackOff,0,3,0,0,image_pull_error
3,41.0,78.8,0,138,Error,3,0,0,1,oom_killed
0,13.1,15.4,0,0,Pending,0,2,0,0,image_pull_error
1,85.0,72.0,0,135,OOMKilled,4,0,0,3,oom_killed
1,72.4,71.3,0,1,Running,0,0,0,2,crash_loop
3,32.5,83.8,0,136,OOMKilled,6,0,0,4,oom_killed
10,69.7,63.6,0,2,CrashLoopBackOff,0,0,0,0,crash_loop
1,9.8,7.0,0,0,ErrImagePull,0,5,0,0,image_pull_error
1,21.1,46.1,1,0,Running,0,0,0,0,healthy
1,41.1,64.0,0,1,Running,0,0,0,7,probe_failure
4,92.0,81.2,0,3,CrashLoopBackOff,0,0,0,2,crash_loop
1,6.1,5.4,0,0,Unschedulable,0,0,7,0,scheduling_failure
0,15.3,33.4,0,0,ContainerCreating,0,0,4,0,scheduling_failure
6,59.9,78.0,0,1,CrashLoopBackOff,0,0,0,3,probe_failure
0,4.8,17.4,0,0,Pending,0,8,0,0,image_pull_error
0,5.7,17.5,0,0,ErrImagePull,0,3,0,0,image_pull_error
1,10.5,12.6,0,0,Pending,0,6,0,0,image_pull_error
1,30.8,32.6,1,0,Unknown,0,0,0,0,healthy
2,32.6,35.5,0,0,Running,0,0,0,4,probe_failure
1,12.7,10.4,0,0,Pending,0,0,10,0,scheduling_failure
0,32.5,25.7,1,0,Running,0,0,0,0,healthy
1,14.2,41.0,1,0,Running,0,0,0,0,healthy
10,86.6,66.2,0,1,Error,0,0,0,6,probe_failure
0,17.1,16.8,0,0,ErrImagePull,0,1,0,0,image_pull_error
7,70.9,88.5,0,1,CrashLoopBackOff,0,0,0,1,probe_failure
2,28.4,65.5,0,0,CrashLoopBackOff,0,0,0,8,probe_failure
9,83.0,75.4,0,0,CrashLoopBackOff,0,0,0,5,probe_failure
7,75.3,77.4,0,1,CrashLoopBackOff,0,0,0,4,probe_failure
9,82.2,64.0,0,1,CrashLoopBackOff,0,0,0,4,probe_failure
8,69.5,74.9,0,1,Error,0,0,0,6,probe_failure
8,77.7,59.8,0,0,Error,0,0,0,5,probe_failure
2,59.5,61.7,0,0,Running,0,0,0,1,probe_failure
2,58.0,54.3,1,1,CrashLoopBackOff,0,0,0,2,probe_failure
4,46.5,88.0,0,0,Error,0,0,0,4,crash_loop
0,11.8,33.3,0,0,ImagePullBackOff,0,5,0,0,image_pull_error
0,33.9,40.9,1,0,Running,0,0,0,0,healthy
2,40.7,60.3,1,0,Running,0,0,0,3,probe_failure
0,39.5,59.1,0,0,Error,0,0,0,5,probe_failure
0,12.4,9.6,0,0,Unschedulable,0,0,11,0,scheduling_failure
6,72.2,74.1,0,1,Error,0,0,0,4,probe_failure
5,89.4,70.6,0,1,CrashLoopBackOff,0,0,0,5,probe_failure
3,59.5,48.1,1,0,Running,0,0,0,5,probe_failure
0,6.8,19.3,1,0,Running,0,0,0,0,healthy
3,71.2,72.3,0,0,CrashLoopBackOff,0,0,0,0,crash_loop
2,44.3,87.9,0,88,OOMKilled,2,0,0,0,oom_killed
0,21.8,48.2,1,0,Running,0,0,0,0,healthy
0,12.8,63.5,1,0,Unknown,0,0,0,0,healthy
11,75.3,72.1,0,0,CrashLoopBackOff,0,0,0,6,probe_failure
7,76.6,76.0,0,1,CrashLoopBackOff,0,0,0,3,probe_failure
0,38.2,39.8,1,0,Running,0,0,0,0,oom_killed
1,27.9,23.5,1,0,Running,0,0,0,1,healthy
1,17.9,27.7,1,0,Running,0,0,0,0,healthy
3,91.7,60.1,0,1,CrashLoopBackOff,0,0,0,7,probe_failure
1,28.0,28.7,0,0,Running,0,0,0,0,healthy
2,41.6,66.1,0,0,Error,0,0,0,4,probe_failure
0,51.8,55.9,0,1,Running,0,0,0,5,probe_failure
0,35.6,39.1,1,0,Unknown,0,0,0,0,healthy
2,39.1,36.7,0,1,Error,0,0,0,6,probe_failure
0,26.9,13.5,1,0,Running,0,0,0,1,healthy
6,65.2,65.6,0,1,CrashLoopBackOff,0,0,0,3,probe_failure
1,5.8,17.2,0,0,ErrImagePull,0,7,0,0,image_pull_error
0,5.5,21.4,0,0,ErrImagePull,0,4,0,0,image_pull_error
0,4.4,13.9,0,0,ImagePullBackOff,0,3,0,1,image_pull_error
4,74.4,75.6,0,1,CrashLoopBackOff,0,0,0,6,probe_failure
1,7.5,43.2,1,0,Running,0,0,0,0,healthy
1,48.3,67.3,0,0,Error,0,0,0,6,probe_failure
2,57.5,84.4,0,145,CrashLoopBackOff,5,0,0,3,oom_killed
1,20.0,37.7,1,0,Running,0,0,0,1,healthy
0,22.1,47.9,1,0,Running,0,0,0,0,healthy
5,79.5,65.8,0,1,CrashLoopBackOff,0,0,0,3,probe_failure
4,65.6,87.9,0,136,CrashLoopBackOff,2,0,0,4,oom_killed
0,25.2,40.0,1,0,Unknown,0,0,0,0,healthy
1,6.8,30.6,0,0,Pending,0,0,4,0,scheduling_failure
0,11.1,21.8,0,0,ErrImagePull,0,4,0,1,probe_failure
0,7.8,16.7,0,0,Unschedulable,0,0,4,0,scheduling_failure
2,43.1,53.2,0,1,Running,0,0,0,3,probe_failure
0,52.0,49.4,0,0,Error,0,0,0,4,probe_failure
0,15.8,8.1,0,0,ErrImagePull,0,4,0,0,image_pull_error
9,70.4,57.0,0,1,CrashLoopBackOff,0,0,0,5,crash_loop
10,71.1,64.0,0,1,CrashLoopBackOff,0,0,0,7,probe_failure
0,30.8,45.9,1,0,Running,0,0,0,0,healthy
0,53.2,66.6,0,1,Running,0,0,0,1,crash_loop
0,15.8,8.6,0,0,ImagePullBackOff,0,5,0,1,image_pull_error
0,78.9,98.5,0,1,Error,0,0,0,2,crash_loop
2,6.2,64.0,1,0,Running,0,0,0,1,healthy
6,78.7,72.4,0,1,CrashLoopBackOff,0,0,0,2,probe_failure
0,29.8,28.5,1,0,Unknown,0,0,0,0,healthy
0,33.4,26.4,1,0,Unknown,0,0,0,0,healthy
0,12.4,38.4,1,0,Running,0,0,0,0,healthy
9,55.8,54.1,1,1,Error,0,0,0,4,crash_loop
4,60.5,76.7,0,1,CrashLoopBackOff,0,0,0,3,crash_loop
0,44.8,39.8,0,0,Running,0,0,0,1,healthy
0,46.3,68.6,1,0,Unknown,0,0,0,0,healthy
0,34.3,45.9,1,0,Running,0,0,0,1,healthy
4,72.1,73.8,0,132,CrashLoopBackOff,1,0,0,3,oom_killed
8,70.2,81.0,0,1,Error,0,0,0,1,probe_failure
0,18.3,17.2,1,0,ImagePullBackOff,0,5,0,0,image_pull_error
6,71.5,59.5,0,1,CrashLoopBackOff,0,0,0,4,probe_failure
10,79.2,84.9,0,1,Error,0,0,0,3,probe_failure
3,30.2,85.9,0,142,OOMKilled,1,0,0,3,oom_killed
0,10.0,16.9,0,0,ImagePullBackOff,0,7,0,0,image_pull_error
10,89.7,63.5,0,2,CrashLoopBackOff,0,0,0,4,crash_loop
0,9.4,35.3,1,0,Running,0,0,0,0,healthy
10,72.6,100.0,0,1,CrashLoopBackOff,0,0,0,4,probe_failure
0,57.8,74.0,0,0,Running,0,0,0,3,probe_failure
1,33.0,42.0,0,1,Error,0,0,0,1,probe_failure
8,86.6,62.8,0,1,Error,0,0,0,4,probe_failure
0,6.3,12.7,0,1,Pending,0,8,0,0,image_pull_error
7,69.4,75.4,0,1,Error,0,0,0,7,probe_failure
1,23.8,36.0,1,0,Running,0,0,0,0,healthy
0,7.7,24.5,0,0,ErrImagePull,0,0,0,0,image_pull_error
6,62.4,68.2,0,1,Error,0,0,0,2,crash_loop
10,74.4,53.7,0,0,CrashLoopBackOff,0,0,0,3,probe_failure
2,61.4,69.3,0,1,CrashLoopBackOff,0,0,0,0,probe_failure
5,58.6,94.1,0,138,Error,2,0,0,3,oom_killed
6,76.6,80.5,0,0,CrashLoopBackOff,0,0,0,4,probe_failure
0,38.8,27.5,1,0,Unknown,0,0,0,0,healthy
1,24.0,42.8,1,0,Running,0,0,0,0,image_pull_error
17,93.2,51.4,0,1,CrashLoopBackOff,0,0,0,5,crash_loop
8,75.5,73.1,0,2,CrashLoopBackOff,0,0,0,6,probe_failure
8,71.6,74.7,0,0,CrashLoopBackOff,0,0,0,2,crash_loop
0,40.6,28.5,1,0,Running,0,0,0,0,healthy
11,78.5,56.0,1,2,CrashLoopBackOff,0,0,0,2,crash_loop
1,25.6,28.0,1,0,Running,0,0,0,0,scheduling_failure
9,92.3,72.8,0,1,CrashLoopBackOff,0,0,0,4,probe_failure
0,19.6,12.9,0,0,Pending,0,3,0,0,image_pull_error
0,10.7,21.9,0,0,ImagePullBackOff,0,2,0,0,image_pull_error
1,28.5,27.8,1,0,Running,0,0,0,0,healthy
0,46.7,21.3,1,0,Running,0,0,0,0,healthy
8,73.2,64.3,0,1,Error,0,0,0,5,probe_failure
1,6.0,40.3,1,0,Running,0,0,0,0,healthy
3,72.9,93.2,0,139,Error,5,0,0,3,oom_killed
0,27.6,62.8,1,0,Running,0,0,0,0,healthy
0,12.9,12.6,0,0,Pending,0,5,0,0,image_pull_error
0,13.4,31.5,1,0,Unknown,0,0,0,0,healthy
9,74.8,65.6,0,1,CrashLoopBackOff,0,0,0,3,probe_failure
0,35.4,21.9,1,0,Running,0,0,0,1,healthy
0,33.9,48.4,1,0,Running,0,0,0,0,healthy
0,35.0,46.5,1,0,Running,0,0,0,0,healthy
3,45.4,55.8,0,1,Error,0,0,0,7,probe_failure
0,22.7,27.0,1,0,Running,0,0,0,0,healthy
10,78.1,75.2,0,1,CrashLoopBackOff,0,0,0,6,probe_failure
10,89.7,73.3,0,1,CrashLoopBackOff,0,0,0,3,probe_failure
8,68.1,70.4,0,1,CrashLoopBackOff,0,0,0,4,probe_failure
0,32.2,41.7,1,0,Running,0,0,0,1,healthy
6,60.5,53.3,0,1,Error,0,0,0,0,crash_loop
5,45.5,63.7,1,1,Running,0,0,0,4,crash_loop
3,52.5,62.2,0,0,CrashLoopBackOff,0,0,0,4,probe_failure
12,33.8,87.8,0,3,Running,0,0,0,2,crash_loop
10,84.4,70.2,0,1,Error,0,0,0,3,probe_failure
10,84.4,65.7,0,1,CrashLoopBackOff,0,0,0,6,probe_failure
1,51.4,62.8,0,1,Running,0,0,0,4,probe_failure
0,0.7,21.3,0,0,Unschedulable,0,0,4,0,scheduling_failure
0,9.8,15.9,0,0,ImagePullBackOff,0,3,0,0,image_pull_error
4,54.8,49.3,0,1,Running,0,0,0,8,probe_failure
6,73.7,48.8,0,1,CrashLoopBackOff,0,0,0,4,probe_failure
6,74.9,76.2,1,1,Error,0,0,0,4,probe_failure
7,78.8,83.6,0,1,CrashLoopBackOff,0,0,0,5,probe_failure
4,42.7,96.9,1,139,OOMKilled,4,0,0,2,oom_killed
8,39.3,56.9,0,3,Running,0,0,0,0,crash_loop
0,6.2,37.3,1,0,Running,0,0,0,0,healthy
7,77.4,77.9,0,1,CrashLoopBackOff,0,0,0,3,probe_failure
0,21.0,73.1,1,0,Running,0,0,0,1,healthy
0,4.2,26.4,0,0,ContainerCreating,0,0,5,1,scheduling_failure
0,7.0,8.6,0,0,Pending,0,0,6,0,scheduling_failure
10,57.1,72.7,0,0,Error,0,0,0,0,crash_loop
12,74.8,64.2,0,2,CrashLoopBackOff,0,0,0,4,probe_failure
7,82.9,65.1,0,2,CrashLoopBackOff,0,0,0,2,probe_failure
0,29.5,55.0,1,0,Running,0,0,0,0,healthy
7,70.3,71.7,0,1,CrashLoopBackOff,0,0,0,4,probe_failure
1,37.2,46.9,1,0,Running,0,0,0,0,healthy
4,56.2,51.1,0,1,Error,0,0,0,11,probe_failure
0,11.0,9.7,0,1,ErrImagePull,0,5,0,1,image_pull_error
0,8.3,46.7,1,0,Unknown,0,0,0,0,healthy
9,45.6,51.1,0,1,Running,0,0,0,0,crash_loop
0,9.6,43.0,1,0,Running,0,0,0,0,healthy
0,19.5,14.1,0,0,Pending,0,6,0,1,image_pull_error
0,26.8,40.3,1,0,Running,0,0,0,0,healthy
0,24.5,44.8,1,0,Running,0,0,0,0,healthy
0,55.3,67.2,0,1,Error,0,0,0,7,probe_failure
4,52.0,77.6,0,90,Error,4,0,0,3,oom_killed
2,44.3,47.2,0,1,Error,0,0,0,0,probe_failure
9,43.2,68.2,1,0,CrashLoopBackOff,0,0,0,3,crash_loop
3,33.7,67.8,0,1,CrashLoopBackOff,0,0,0,4,probe_failure
5,76.7,67.3,0,1,CrashLoopBackOff,0,0,0,5,probe_failure
0,4.8,17.3,0,0,ErrImagePull,0,1,0,0,image_pull_error
6,81.0,72.7,0,1,CrashLoopBackOff,0,0,0,4,probe_failure
9,77.2,74.3,0,1,CrashLoopBackOff,0,0,0,3,probe_failure
1,6.7,39.2,1,0,Running,0,0,0,0,healthy
5,51.6,74.3,0,86,OOMKilled,3,0,0,2,oom_killed
0,46.6,65.0,1,0,Unknown,0,0,0,0,healthy
1,57.5,40.6,0,0,Running,0,0,0,6,probe_failure
0,35.9,38.3,1,0,Running,0,0,0,0,healthy
9,71.4,78.0,0,1,Error,0,0,0,3,probe_failure
0,15.9,16.5,0,0,Pending,0,5,0,0,image_pull_error
0,25.1,29.1,1,0,Running,0,0,0,0,healthy
1,54.6,73.1,0,135,OOMKilled,0,0,0,1,oom_killed
1,54.8,63.2,0,1,CrashLoopBackOff,0,0,0,6,probe_failure
2,49.9,52.6,0,0,Running,0,0,0,5,probe_failure
0,21.4,45.0,1,0,Running,0,0,0,0,healthy
0,37.9,25.4,1,0,Running,0,0,0,0,healthy
7,19.9,56.6,0,2,CrashLoopBackOff,0,0,0,2,crash_loop
9,59.3,50.6,0,0,Running,0,0,0,6,crash_loop
0,25.4,36.5,1,0,Running,0,0,0,1,healthy
9,66.9,45.0,0,2,Running,0,0,0,0,crash_loop
0,17.1,21.8,0,0,Pending,0,8,0,0,image_pull_error
3,88.4,94.6,0,137,Error,2,0,0,1,oom_killed
3,80.6,53.7,0,0,Error,0,0,0,3,probe_failure
0,38.1,54.0,1,0,Running,0,0,0,0,healthy
0,26.6,31.3,1,0,Running,0,0,0,0,healthy
3,21.0,91.8,0,135,OOMKilled,3,0,0,2,oom_killed
4,58.9,79.1,0,139,Error,2,0,0,2,oom_killed
3,84.7,73.6,1,138,CrashLoopBackOff,1,0,0,3,oom_killed
0,16.3,45.1,1,0,Running,0,0,0,0,healthy
1,36.0,37.8,1,0,Running,0,0,0,0,oom_killed
0,39.3,46.0,1,0,Unknown,0,0,0,0,healthy
8,54.5,84.8,0,1,Error,0,0,0,2,crash_loop
0,52.7,51.6,1,0,Running,0,0,0,1,healthy
1,4.3,15.6,0,0,ErrImagePull,0,5,0,1,image_pull_error
1,37.3,59.2,1,0,Unknown,0,0,0,0,healthy
0,27.2,27.1,1,0,Running,0,0,0,0,healthy
1,13.5,32.2,1,0,Running,0,0,0,0,healthy
0,9.8,17.7,0,0,Pending,0,5,0,0,image_pull_error
0,3.7,20.2,1,0,Running,0,0,0,0,healthy
1,56.1,50.0,1,0,Unknown,0,0,0,0,healthy
2,32.2,52.6,0,1,Error,0,0,0,4,probe_failure
5,43.4,55.9,0,2,Error,0,0,0,2,crash_loop
6,86.7,76.6,0,1,CrashLoopBackOff,0,0,0,4,probe_failure
10,80.4,69.9,0,1,CrashLoopBackOff,0,0,0,5,probe_failure
1,26.7,39.9,1,0,Unknown,0,0,0,0,crash_loop
7,79.8,70.5,0,1,CrashLoopBackOff,0,0,0,4,probe_failure
5,76.4,71.3,0,1,CrashLoopBackOff,0,0,0,4,probe_failure
1,44.6,66.6,0,1,Error,0,0,0,1,probe_failure
1,30.9,53.9,1,0,Running,0,0,0,0,healthy
9,81.7,73.0,0,1,Error,0,0,0,3,probe_failure
1,30.9,34.0,1,0,Running,0,0,0,0,healthy
3,41.5,60.6,0,0,Running,0,0,0,3,probe_failure
0,27.1,36.7,1,0,Running,0,0,0,0,healthy
8,72.8,79.9,0,1,CrashLoopBackOff,0,0,0,4,probe_failure
0,6.3,19.1,0,0,Pending,0,6,0,0,image_pull_error
3,57.0,92.6,0,135,Error,1,0,0,2,oom_killed
8,78.8,76.8,0,1,CrashLoopBackOff,0,0,0,2,probe_failure
1,17.2,29.7,1,0,Unknown,0,0,0,0,healthy
8,77.3,75.3,0,0,CrashLoopBackOff,0,0,0,4,probe_failure
8,88.0,57.5,0,1,CrashLoopBackOff,0,0,0,1,probe_failure
0,6.1,35.6,0,0,Pending,0,5,0,0,image_pull_error
1,19.4,45.7,1,0,Running,0,0,0,1,healthy
0,87.8,93.5,0,142,OOMKilled,2,0,0,3,oom_killed
7,33.5,88.4,0,2,CrashLoopBackOff,0,0,0,5,crash_loop
2,56.1,39.9,1,0,Error,0,0,0,1,probe_failure
0,12.5,24.0,0,0,ErrImagePull,0,6,0,0,image_pull_error
1,25.5,56.7,1,0,Running,0,0,0,0,healthy
10,75.4,63.5,0,1,CrashLoopBackOff,0,0,0,4,probe_failure
0,1.9,21.6,0,0,Pending,0,1,0,1,image_pull_error
1,37.4,28.9,1,0,Unknown,0,0,0,0,healthy
0,33.5,88.5,0,138,Error,3,0,0,1,oom_killed
3,66.1,74.0,0,1,Error,0,0,0,4,crash_loop
3,69.9,64.7,0,0,CrashLoopBackOff,0,0,0,1,probe_failure
1,45.6,74.9,0,135,CrashLoopBackOff,1,0,0,1,oom_killed
1,1.8,18.7,0,0,Pending,0,0,4,0,scheduling_failure
9,77.9,72.4,0,1,CrashLoopBackOff,0,0,0,4,probe_failure
1,25.2,41.9,1,0,Running,0,0,0,0,healthy
1,58.4,90.3,0,138,OOMKilled,1,0,0,1,oom_killed
8,71.8,64.6,0,1,CrashLoopBackOff,0,0,0,5,probe_failure
6,71.4,82.7,0,1,CrashLoopBackOff,0,0,0,6,probe_failure
9,81.8,59.3,0,1,Error,0,0,0,3,probe_failure
1,9.5,15.9,0,0,ContainerCreating,0,0,6,1,scheduling_failure
0,62.0,57.6,0,0,Error,0,0,0,5,probe_failure
0,21.9,44.3,1,0,Unknown,0,0,0,1,healthy
0,9.5,39.3,1,0,Running,0,0,0,0,healthy
1,9.4,21.5,0,0,ImagePullBackOff,0,7,0,1,image_pull_error
1,14.2,38.9,1,0,Running,0,0,0,0,healthy
1,22.4,30.6,0,0,Running,0,0,0,1,healthy
0,46.3,37.6,1,0,Running,0,0,0,1,healthy
4,76.8,65.2,0,0,CrashLoopBackOff,0,0,0,5,probe_failure
2,54.4,88.9,0,135,Error,1,0,0,2,oom_killed
2,51.7,87.5,1,133,OOMKilled,4,0,0,4,oom_killed
2,46.5,44.1,0,1,Error,0,0,0,8,probe_failure
0,3.9,49.3,1,0,Running,0,0,0,0,healthy
1,0.0,40.0,1,0,Running,0,0,0,1,healthy
1,3.0,10.7,0,0,Unschedulable,0,0,6,1,scheduling_failure
2,14.0,94.8,0,141,OOMKilled,3,0,0,0,oom_killed
0,40.4,22.6,1,0,Unknown,0,0,0,0,healthy
0,6.0,48.3,1,0,Unknown,0,0,0,0,healthy
2,29.7,52.2,0,1,Running,0,0,0,4,probe_failure
11,72.6,59.2,0,1,Error,0,0,0,6,probe_failure
5,53.5,59.3,0,2,Running,0,0,0,0,crash_loop
9,75.0,83.9,0,1,Error,0,0,0,3,probe_failure
1,0.6,54.8,1,0,Running,0,0,0,0,healthy
1,31.5,30.6,1,0,Running,0,0,0,0,healthy
0,37.1,70.5,0,1,CrashLoopBackOff,0,0,0,4,probe_failure
4,95.0,62.2,0,2,CrashLoopBackOff,0,0,0,3,crash_loop
1,50.7,92.2,0,137,CrashLoopBackOff,0,0,0,4,oom_killed
0,8.0,49.6,1,0,Unknown,0,0,0,0,healthy
1,17.2,21.8,1,0,Running,0,0,0,0,healthy
11,41.1,75.6,0,3,Error,0,0,0,4,crash_loop
0,8.2,29.7,0,0,Pending,0,0,7,1,scheduling_failure
10,86.2,79.0,0,1,CrashLoopBackOff,0,0,0,4,probe_failure
5,67.0,100.0,0,136,Error,2,0,0,2,oom_killed
0,9.2,46.1,1,0,Running,0,0,0,1,healthy
1,40.5,45.6,1,0,Running,0,0,0,0,healthy
0,45.1,40.2,1,0,Running,0,0,0,0,healthy
0,21.0,31.4,1,0,Running,0,0,0,1,healthy
1,21.6,29.8,1,0,Running,0,0,0,0,healthy
6,77.8,77.0,0,2,CrashLoopBackOff,0,0,0,4,probe_failure
0,19.1,53.5,1,0,Running,0,0,0,1,healthy
4,53.7,89.8,0,133,CrashLoopBackOff,2,0,0,3,oom_killed
1,13.4,8.1,0,0,Pending,0,6,0,0,image_pull_error
0,52.9,100.0,0,134,CrashLoopBackOff,4,0,0,5,oom_killed
6,81.4,68.8,0,1,CrashLoopBackOff,0,0,0,4,probe_failure
7,82.8,75.8,0,1,CrashLoopBackOff,0,0,0,2,probe_failure
8,84.7,60.0,0,1,CrashLoopBackOff,0,0,0,4,probe_failure
1,53.1,77.6,0,0,Error,0,0,0,2,healthy
9,55.0,77.6,0,0,CrashLoopBackOff,0,0,0,3,crash_loop
1,22.5,40.3,1,0,Running,0,0,0,0,healthy
10,89.1,75.3,0,2,Error,0,0,0,7,probe_failure
0,21.7,33.8,1,0,Running,0,0,0,0,healthy
2,12.1,46.6,1,0,Running,0,0,0,0,healthy
0,19.0,12.6,0,0,ErrImagePull,0,6,0,0,image_pull_error
0,11.4,5.5,0,0,ContainerCreating,0,0,6,0,scheduling_failure
0,12.3,14.3,0,0,Running,0,0,0,0,healthy
8,70.0,74.2,0,1,Error,0,0,0,3,probe_failure
1,0.0,47.5,1,0,Running,0,0,0,0,healthy
10,77.6,77.8,0,1,CrashLoopBackOff,0,0,0,3,probe_failure
1,28.0,37.9,1,0,Unknown,0,0,0,0,healthy
6,24.8,75.6,1,2,Running,0,0,0,4,crash_loop
0,4.0,14.6,0,0,Unschedulable,0,0,3,0,scheduling_failure
6,70.1,75.1,0,1,CrashLoopBackOff,0,0,0,4,probe_failure
10,66.9,25.7,0,1,Running,0,0,0,3,crash_loop
9,38.5,71.0,0,2,Error,0,0,0,3,crash_loop
6,81.7,67.6,0,1,CrashLoopBackOff,0,0,0,5,probe_failure
0,13.7,44.6,1,0,Running,0,0,0,0,healthy
0,53.5,75.8,0,135,Error,2,0,0,1,oom_killed
0,11.6,54.5,1,0,Running,0,0,0,0,healthy
0,31.7,43.5,1,0,Running,0,0,0,0,healthy
3,59.6,81.1,0,3,CrashLoopBackOff,0,0,0,5,crash_loop
9,79.5,86.5,0,1,CrashLoopBackOff,0,0,0,3,probe_failure
1,20.9,41.2,1,0,Running,0,0,0,0,healthy
0,18.1,8.2,0,0,ContainerCreating,0,0,5,0,scheduling_failure
0,20.0,32.5,1,0,Running,0,0,0,0,healthy
0,18.0,37.9,1,0,Running,0,0,0,0,healthy
0,81.4,68.8,0,1,Running,0,0,0,0,crash_loop
0,21.4,28.9,1,0,Running,0,0,0,0,healthy
11,74.2,69.3,0,0,CrashLoopBackOff,0,0,0,4,probe_failure
9,77.8,70.0,0,1,CrashLoopBackOff,0,0,0,6,probe_failure
7,82.6,61.4,0,1,CrashLoopBackOff,0,0,0,4,probe_failure
0,18.8,51.4,1,0,Unknown,0,0,0,1,healthy
1,44.9,68.6,0,0,CrashLoopBackOff,0,0,0,0,crash_loop
0,11.8,38.7,1,0,Running,0,0,0,0,healthy
0,27.8,48.2,1,0,Unknown,0,0,0,0,healthy
9,67.5,76.0,0,0,CrashLoopBackOff,0,0,0,3,probe_failure
0,39.8,51.2,1,0,Running,0,0,0,1,healthy
8,71.9,50.7,0,1,Error,0,0,0,4,probe_failure
0,5.5,29.4,1,0,Running,0,0,0,0,healthy
2,39.9,50.9,0,0,Running,0,0,0,5,probe_failure
0,12.8,18.4,0,0,Unschedulable,0,0,8,1,scheduling_failure
0,10.6,9.0,0,0,ContainerCreating,0,0,5,0,scheduling_failure
0,49.6,47.5,1,0,Running,0,0,0,1,healthy
0,23.6,44.6,1,0,Unknown,0,0,0,0,healthy
0,12.3,15.6,0,0,ImagePullBackOff,0,3,0,0,crash_loop
4,69.4,63.7,1,0,Running,0,0,0,6,crash_loop
3,31.7,48.7,0,0,Running,0,0,0,7,probe_failure
0,7.0,10.5,0,0,Pending,0,0,6,1,scheduling_failure
6,47.2,97.8,0,139,CrashLoopBackOff,2,0,0,2,oom_killed
3,63.4,90.9,0,84,Error,3,0,0,1,oom_killed
2,54.6,53.0,0,1,Error,0,0,0,10,probe_failure
7,86.6,84.0,0,1,Error,0,0,0,1,probe_failure
0,1.6,14.2,0,0,Pending,0,6,0,1,image_pull_error
1,48.0,44.0,1,0,Unknown,0,0,0,0,healthy
0,24.2,47.8,1,0,Running,0,0,0,0,healthy
0,50.4,33.4,1,0,Running,0,0,0,0,healthy
3,49.3,67.6,0,0,Running,0,0,0,3,probe_failure
9,94.2,96.5,0,4,Error,0,0,0,5,crash_loop
9,72.8,59.5,0,0,CrashLoopBackOff,0,0,0,4,crash_loop
0,2.3,52.1,1,0,Running,0,0,0,0,healthy
0,7.7,11.5,0,0,ImagePullBackOff,0,0,0,0,image_pull_error
16,100.0,72.8,0,2,Error,0,0,0,3,crash_loop
0,26.4,44.1,1,0,Running,0,0,0,1,healthy
0,11.5,14.2,0,0,ErrImagePull,0,4,0,0,image_pull_error
0,31.5,45.2,1,0,Unknown,0,0,0,0,healthy
8,71.3,71.3,0,1,CrashLoopBackOff,0,0,0,3,probe_failure
0,5.1,22.0,0,0,Pending,0,0,9,0,scheduling_failure
6,67.5,70.7,0,1,CrashLoopBackOff,0,0,0,3,probe_failure
1,37.0,33.9,1,0,Running,0,0,0,0,healthy
0,7.5,10.6,0,0,ErrImagePull,0,3,0,0,image_pull_error
9,82.5,77.3,0,1,CrashLoopBackOff,0,0,0,4,probe_failure
4,67.4,53.9,0,2,Error,0,0,0,4,probe_failure
1,47.4,92.3,0,89,Error,4,0,0,2,oom_killed
0,16.9,6.5,0,0,ImagePullBackOff,0,6,0,0,image_pull_error
3,21.8,79.9,0,135,OOMKilled,1,0,0,3,oom_killed
0,26.0,28.8,1,0,Running,0,0,0,0,healthy
8,67.3,64.5,0,1,CrashLoopBackOff,0,0,0,6,probe_failure
8,79.8,66.2,0,1,CrashLoopBackOff,0,0,0,3,probe_failure
1,48.1,42.9,1,0,Running,0,0,0,0,healthy
11,70.9,71.8,0,1,CrashLoopBackOff,0,0,0,5,probe_failure
6,73.7,61.8,0,1,CrashLoopBackOff,0,0,0,5,probe_failure
5,40.1,100.0,0,141,CrashLoopBackOff,1,0,0,3,oom_killed
6,88.5,70.7,0,1,CrashLoopBackOff,0,0,0,3,probe_failure
0,6.4,54.6,1,0,Running,0,0,0,0,healthy
9,75.1,75.8,0,2,CrashLoopBackOff,0,0,0,4,probe_failure
0,31.7,39.1,1,0,Running,0,0,0,0,healthy
0,5.3,19.8,0,0,Unschedulable,0,0,3,0,scheduling_failure
6,84.8,53.2,0,1,CrashLoopBackOff,0,0,0,4,probe_failure
10,79.7,69.4,0,1,Error,0,0,0,4,probe_failure
0,42.3,47.2,1,0,Running,0,0,0,1,healthy
9,82.3,77.3,0,1,CrashLoopBackOff,0,0,0,4,probe_failure
5,49.5,77.5,0,0,Running,0,0,0,3,crash_loop
0,50.3,85.7,1,133,Error,1,0,0,1,oom_killed
5,84.5,62.8,0,1,CrashLoopBackOff,0,0,0,2,probe_failure
0,72.5,50.6,0,1,CrashLoopBackOff,0,0,0,5,crash_loop
0,28.0,32.2,1,0,Unknown,0,0,0,0,healthy
9,81.9,87.5,0,1,CrashLoopBackOff,0,0,0,4,probe_failure
0,20.2,31.8,1,0,Unknown,0,0,0,1,healthy
6,80.4,61.3,0,1,Error,0,0,0,4,probe_failure
1,45.0,81.5,0,132,CrashLoopBackOff,4,0,0,3,oom_killed
0,42.3,49.1,1,0,Running,0,0,0,0,healthy
0,37.4,52.8,1,1,CrashLoopBackOff,0,0,0,8,probe_failure
0,0.0,49.2,1,0,Running,0,0,0,0,healthy
3,31.9,73.6,0,0,Running,0,0,0,2,probe_failure
0,8.7,15.0,0,0,ImagePullBackOff,0,3,0,1,image_pull_error
1,48.7,60.3,0,0,Running,0,0,0,5,probe_failure
0,23.5,26.7,1,0,Running,0,0,0,1,healthy
7,72.9,74.0,0,2,Error,0,0,0,2,probe_failure
3,63.4,83.6,0,0,Error,0,0,0,3,crash_loop
0,12.4,1.1,0,0,ContainerCreating,0,0,5,0,scheduling_failure
3,53.7,77.0,0,130,Error,1,0,0,5,oom_killed
3,40.3,52.3,0,0,Running,0,0,0,3,probe_failure
0,6.7,11.5,0,0,ContainerCreating,0,0,6,0,scheduling_failure
2,27.0,53.8,0,0,Running,0,0,0,4,probe_failure
3,55.5,97.5,0,138,OOMKilled,1,0,0,4,oom_killed
1,49.1,22.6,1,0,Running,0,0,0,1,healthy
0,31.7,26.2,1,0,Unknown,0,0,0,0,healthy
0,14.3,12.4,0,0,ImagePullBackOff,0,7,0,0,image_pull_error
7,82.3,74.1,0,1,CrashLoopBackOff,0,0,0,3,probe_failure
1,14.1,25.2,0,0,Pending,0,0,5,0,scheduling_failure
1,41.9,33.1,1,0,Unknown,0,0,0,0,healthy
0,33.2,37.1,1,0,Running,0,0,0,1,healthy
1,41.0,54.4,0,0,Running,0,0,0,0,probe_failure
8,62.5,91.9,0,1,Error,0,0,0,0,crash_loop
1,53.4,66.5,0,1,Error,0,0,0,5,probe_failure
0,41.9,44.6,1,0,Unknown,0,0,0,0,healthy
2,72.2,86.5,0,1,Running,0,0,0,1,crash_loop
8,68.3,77.5,0,1,Error,0,0,0,5,probe_failure
4,55.7,15.4,0,0,CrashLoopBackOff,0,0,0,2,crash_loop
4,48.4,56.9,0,3,Running,0,0,0,0,crash_loop
4,67.1,86.2,0,137,CrashLoopBackOff,2,0,0,0,oom_killed
0,7.8,44.6,1,0,Running,0,0,0,0,healthy
0,9.9,25.5,0,0,Pending,0,0,6,0,scheduling_failure
0,32.3,27.4,1,0,Running,0,0,0,0,healthy
1,40.0,69.1,1,0,Running,0,0,0,0,healthy
1,21.1,37.7,1,0,Running,0,0,0,1,healthy
0,22.0,30.2,1,0,Unknown,0,0,0,1,healthy
1,0.0,19.2,0,0,Pending,0,0,8,0,scheduling_failure
1,6.8,28.7,0,0,Pending,0,0,0,0,image_pull_error
0,49.8,55.1,0,1,CrashLoopBackOff,0,0,0,2,crash_loop
8,79.1,69.1,0,1,CrashLoopBackOff,0,0,0,3,probe_failure
7,74.9,79.2,0,1,CrashLoopBackOff,0,0,0,4,probe_failure
0,44.7,18.9,1,0,Running,0,0,0,0,healthy
9,92.8,59.5,0,0,CrashLoopBackOff,0,0,0,7,crash_loop
0,27.6,32.1,1,0,Unknown,0,0,0,0,healthy
5,74.5,40.5,0,1,CrashLoopBackOff,0,0,0,2,crash_loop
0,11.9,17.9,0,0,Pending,0,0,4,1,scheduling_failure
1,5.9,26.4,0,1,ErrImagePull,0,3,0,0,image_pull_error
7,82.7,89.0,0,0,CrashLoopBackOff,0,0,0,6,probe_failure
0,11.3,23.5,0,0,ErrImagePull,0,0,0,0,image_pull_error
7,91.3,71.0,0,1,Error,0,0,0,4,probe_failure
0,16.0,45.8,1,0,Running,0,0,0,1,healthy
0,44.4,30.9,1,0,Unknown,0,0,0,0,healthy
3,60.9,89.4,1,138,CrashLoopBackOff,3,0,0,1,oom_killed
1,1.8,38.5,1,0,Running,0,0,0,0,healthy
0,31.5,31.4,1,0,Running,0,0,0,0,healthy
8,86.1,57.5,0,1,CrashLoopBackOff,0,0,0,4,probe_failure
0,15.6,41.8,1,0,Running,0,0,0,0,healthy
6,92.5,41.2,0,2,Error,0,0,0,3,crash_loop
0,12.0,14.5,0,0,Unschedulable,0,0,7,0,scheduling_failure
0,19.8,47.0,1,0,Unknown,0,0,0,0,healthy
4,52.6,50.4,0,0,CrashLoopBackOff,0,0,0,4,oom_killed
1,14.4,38.9,1,0,Unknown,0,0,0,0,healthy
8,81.7,73.5,0,1,CrashLoopBackOff,0,0,0,5,probe_failure
9,78.3,69.9,0,1,Error,0,0,0,6,probe_failure
7,88.7,75.4,0,1,Error,0,0,0,5,probe_failure
1,9.8,0.0,0,0,Pending,0,0,4,0,scheduling_failure
10,73.9,76.4,0,2,CrashLoopBackOff,0,0,0,4,probe_failure
7,76.4,61.4,0,1,Error,0,0,0,5,probe_failure
5,80.4,63.8,0,1,CrashLoopBackOff,0,0,0,5,probe_failure
0,8.7,18.8,0,0,Unschedulable,0,0,4,1,scheduling_failure
0,45.7,37.4,1,0,Running,0,0,0,1,healthy
0,16.0,23.7,1,0,Running,0,0,0,0,healthy
0,29.8,44.7,1,0,Running,0,0,0,0,healthy
0,5.8,14.6,0,0,Pending,0,0,6,0,scheduling_failure
2,39.3,76.2,1,0,CrashLoopBackOff,0,0,0,4,probe_failure
0,4.2,25.3,0,0,ImagePullBackOff,0,8,0,0,image_pull_error
9,60.9,68.2,0,2,CrashLoopBackOff,0,0,0,4,probe_failure
1,42.4,73.6,1,0,Running,0,0,0,0,healthy
0,8.1,21.3,0,0,Unschedulable,0,0,2,0,scheduling_failure
3,27.1,69.2,0,0,Running,0,0,0,5,probe_failure
0,0.2,15.3,0,0,Unschedulable,0,0,6,0,scheduling_failure
7,77.6,68.9,0,1,CrashLoopBackOff,0,0,0,4,probe_failure
6,52.8,58.0,1,1,Error,0,0,0,7,oom_killed
2,27.7,63.9,0,0,CrashLoopBackOff,0,0,0,8,probe_failure
8,67.1,70.7,0,1,CrashLoopBackOff,0,0,0,1,probe_failure
0,10.8,29.5,1,0,Unknown,0,0,0,0,healthy
1,23.3,71.6,1,0,Running,0,0,0,0,healthy
1,27.7,36.0,1,0,Unknown,0,0,0,0,healthy
1,11.6,10.8,0,0,Pending,0,0,4,0,scheduling_failure
1,7.5,15.3,0,0,Unschedulable,0,0,4,0,scheduling_failure
0,17.7,18.9,0,0,ImagePullBackOff,0,0,0,0,image_pull_error
10,65.6,75.0,0,3,Error,0,0,0,2,crash_loop
0,21.6,58.6,1,0,Running,0,0,0,0,healthy
0,19.3,6.1,0,0,ErrImagePull,0,5,0,0,image_pull_error
10,92.8,60.7,0,1,Running,0,0,0,5,crash_loop
0,18.4,52.7,1,0,Unknown,0,0,0,1,healthy
0,16.9,41.0,1,0,Running,0,0,0,0,healthy
10,43.7,55.1,0,1,Running,0,0,0,5,crash_loop
9,77.8,56.9,0,0,Error,0,0,0,5,probe_failure
3,79.9,93.6,0,2,Error,0,0,0,2,crash_loop
12,87.7,72.7,0,1,CrashLoopBackOff,0,0,0,4,probe_failure
8,65.3,100.0,0,1,CrashLoopBackOff,0,0,0,4,probe_failure
1,31.4,27.1,1,0,Running,0,0,0,0,healthy
1,25.5,41.3,1,0,Running,0,0,0,1,healthy
0,5.1,24.6,0,0,ContainerCreating,0,0,10,0,scheduling_failure
0,16.2,41.8,1,0,Running,0,0,0,0,healthy
0,14.2,21.0,0,0,ErrImagePull,0,6,0,0,image_pull_error
1,53.3,54.9,0,1,Running,0,0,0,0,probe_failure
0,32.6,36.8,1,0,Unknown,0,0,0,0,healthy
1,35.4,47.9,1,0,Running,0,0,0,1,healthy
2,44.6,53.8,0,1,Running,0,0,0,3,probe_failure
10,81.3,61.8,0,1,CrashLoopBackOff,0,0,0,4,probe_failure
3,42.3,65.5,0,1,Error,0,0,0,8,probe_failure
1,22.1,33.6,1,0,Running,0,0,0,0,healthy
0,45.4,43.0,0,0,Running,0,0,0,0,probe_failure
0,0.0,11.9,0,0,Unschedulable,0,0,5,0,scheduling_failure
7,71.4,66.9,0,1,CrashLoopBackOff,0,0,0,3,probe_failure
0,14.8,48.8,1,0,Unknown,0,0,0,0,healthy
0,21.6,53.2,1,0,Running,0,0,0,0,healthy
0,5.4,22.6,0,0,ContainerCreating,0,0,9,0,scheduling_failure
0,19.9,16.4,0,0,Pending,0,7,0,0,image_pull_error
0,22.1,44.9,1,0,Running,0,0,0,0,scheduling_failure
1,19.0,6.5,0,0,ContainerCreating,0,0,9,0,scheduling_failure
0,18.6,41.1,1,0,Unknown,0,0,0,1,healthy
0,11.3,12.4,0,0,Pending,0,0,6,1,scheduling_failure
0,47.4,32.0,1,0,Running,0,0,0,0,healthy
10,70.3,87.6,0,1,Error,0,0,0,3,probe_failure
0,21.0,43.8,1,0,Running,0,0,0,0,healthy
7,89.3,79.6,0,1,CrashLoopBackOff,0,0,0,4,probe_failure
0,22.6,33.1,1,0,Running,0,0,0,1,healthy
0,34.5,23.0,1,0,Running,0,0,0,0,healthy
1,63.7,43.4,0,1,Running,0,0,0,5,probe_failure
2,72.6,47.3,0,1,CrashLoopBackOff,0,0,0,6,crash_loop
10,56.6,69.6,0,3,CrashLoopBackOff,0,0,0,3,crash_loop
1,15.5,18.5,0,0,ImagePullBackOff,0,4,0,0,image_pull_error
4,43.9,44.9,1,1,Error,0,0,0,6,crash_loop
10,72.0,77.7,0,0,Error,0,0,0,6,crash_loop
2,31.8,79.3,0,2,CrashLoopBackOff,0,0,0,7,probe_failure
0,21.4,15.5,1,0,Running,0,0,0,0,healthy
4,70.9,92.5,0,140,Error,4,0,0,0,oom_killed
1,10.2,17.1,0,0,ErrImagePull,0,8,0,0,image_pull_error
0,96.1,76.9,1,2,Running,0,0,0,2,crash_loop
4,35.4,91.2,1,140,Error,6,0,0,3,oom_killed
0,29.7,32.8,1,0,Running,0,0,0,0,healthy
3,52.0,75.3,0,134,CrashLoopBackOff,0,0,0,0,oom_killed
7,84.0,69.7,0,2,CrashLoopBackOff,0,0,0,4,probe_failure
0,8.4,28.3,0,0,ContainerCreating,0,0,3,0,scheduling_failure
7,71.9,80.0,0,2,CrashLoopBackOff,0,0,0,6,probe_failure
0,25.5,31.9,1,0,Running,0,0,0,0,healthy
15,52.9,100.0,0,0,Error,0,0,0,4,crash_loop
1,27.7,49.2,1,0,Running,0,0,0,0,healthy
0,30.6,45.4,1,0,Unknown,0,0,0,1,healthy
0,9.1,14.2,0,0,Pending,0,2,0,0,image_pull_error
4,62.8,59.8,0,1,Error,0,0,0,1,crash_loop
4,58.2,88.3,0,132,OOMKilled,4,0,0,3,oom_killed
10,68.7,61.5,0,1,Error,0,0,0,4,probe_failure
0,5.4,29.4,1,0,Running,0,0,0,1,healthy
0,14.4,23.0,0,0,ImagePullBackOff,0,3,0,0,image_pull_error
11,74.8,81.5,0,1,Error,0,0,0,4,probe_failure
0,10.5,45.9,1,0,Unknown,0,0,0,0,healthy
7,70.6,77.8,0,2,Error,0,0,0,3,probe_failure
1,49.9,86.0,0,137,OOMKilled,3,0,0,2,oom_killed
1,24.6,44.0,1,0,Running,0,0,0,1,healthy
1,22.7,57.0,1,0,Running,0,0,0,0,healthy
0,11.1,15.4,0,0,ImagePullBackOff,0,6,0,1,image_pull_error
2,62.7,77.1,0,136,Error,4,0,0,2,oom_killed
5,76.1,83.3,0,1,Error,0,0,0,5,probe_failure
9,73.3,80.5,0,0,CrashLoopBackOff,0,0,0,3,probe_failure
0,15.3,19.0,0,0,ErrImagePull,0,2,0,0,image_pull_error
0,21.2,40.1,1,0,Running,0,0,0,0,healthy
0,18.4,52.2,1,0,Running,0,0,0,1,healthy
2,56.9,80.9,0,0,Error,0,0,0,4,probe_failure
2,57.6,100.0,1,139,Error,2,0,0,2,oom_killed
5,72.9,57.9,0,2,Error,0,0,0,7,crash_loop
3,40.4,86.2,0,139,OOMKilled,0,0,0,4,oom_killed
0,6.7,11.3,0,0,ContainerCreating,0,0,7,0,scheduling_failure
1,6.4,15.0,0,0,ImagePullBackOff,0,9,0,1,image_pull_error
1,47.9,29.6,1,0,Unknown,0,0,0,0,healthy
0,18.7,46.1,1,0,Running,0,0,0,0,healthy
0,72.2,52.5,0,0,CrashLoopBackOff,0,0,0,1,crash_loop
9,71.0,86.3,0,1,Error,0,0,0,4,probe_failure
6,77.2,57.1,1,2,Error,0,0,0,3,crash_loop
11,57.3,95.2,0,0,Running,0,0,0,7,crash_loop
0,53.8,39.6,1,0,Running,0,0,0,0,healthy
0,0.8,8.7,0,0,Unschedulable,0,0,7,0,scheduling_failure
2,35.7,53.7,0,1,Running,0,0,0,9,probe_failure
0,35.0,38.6,1,0,Running,0,0,0,1,healthy
9,69.5,82.3,0,1,Error,0,0,0,5,probe_failure
1,11.6,16.4,0,0,Pending,0,9,0,0,image_pull_error
0,13.2,52.1,1,0,Unknown,0,0,0,1,healthy
3,46.4,82.9,0,138,Error,3,0,0,1,oom_killed
0,29.2,45.3,1,0,Unknown,0,0,0,0,healthy
0,12.1,31.6,0,0,ImagePullBackOff,0,4,0,0,image_pull_error
0,11.9,12.0,0,0,Pending,0,4,0,0,image_pull_error
0,35.6,38.5,1,0,Unknown,0,0,0,0,healthy
11,22.9,68.5,0,1,Error,0,0,0,2,crash_loop
1,41.3,92.1,0,141,CrashLoopBackOff,3,0,0,2,oom_killed
10,66.6,66.5,0,1,CrashLoopBackOff,0,0,0,7,probe_failure
9,64.8,84.3,0,2,Error,0,0,0,0,scheduling_failure
1,15.1,14.1,0,0,Pending,0,9,0,0,image_pull_error
0,40.7,53.3,1,0,Running,0,0,0,0,healthy
10,74.3,76.0,0,1,CrashLoopBackOff,0,0,0,4,probe_failure
2,38.1,42.6,0,1,Running,0,0,0,10,probe_failure
1,28.1,48.3,1,0,Running,0,0,0,0,healthy
1,37.0,59.0,0,0,CrashLoopBackOff,0,0,0,4,probe_failure
1,11.9,16.9,0,0,Pending,0,6,0,1,image_pull_error
0,22.9,30.6,1,0,Running,0,0,0,0,healthy
0,79.7,47.5,0,1,Error,0,0,0,4,crash_loop
0,26.8,41.1,1,0,Running,0,0,0,0,healthy
0,7.0,4.6,0,0,Pending,0,0,8,0,scheduling_failure
0,40.1,42.0,1,0,Running,0,0,0,1,healthy
0,2.8,27.5,0,0,Pending,0,5,0,0,image_pull_error
0,15.5,19.3,0,0,Pending,0,0,8,0,scheduling_failure
2,60.4,58.7,0,3,Error,0,0,0,9,probe_failure
1,25.5,57.1,1,0,Running,0,0,0,0,healthy
0,26.6,22.4,1,0,Running,0,0,0,0,healthy
9,85.5,76.3,0,1,CrashLoopBackOff,0,0,0,4,probe_failure
0,26.3,49.1,1,0,Running,0,0,0,0,healthy
8,63.8,60.7,0,0,Running,0,0,0,3,crash_loop
2,0.0,99.1,0,3,Error,0,0,0,6,crash_loop
3,73.4,84.6,0,1,CrashLoopBackOff,0,0,0,5,crash_loop
0,6.1,31.9,1,0,Running,0,0,0,0,healthy
0,20.8,18.0,0,0,ContainerCreating,0,0,9,0,scheduling_failure
8,87.9,80.4,0,1,CrashLoopBackOff,0,0,0,3,probe_failure
0,21.4,47.5,1,0,Running,0,0,0,1,healthy
4,67.4,81.5,0,131,CrashLoopBackOff,1,0,0,2,oom_killed
1,2.7,11.0,0,0,ContainerCreating,0,0,3,0,scheduling_failure
0,1.2,18.8,0,0,ErrImagePull,0,9,0,0,image_pull_error
8,78.2,91.6,0,1,CrashLoopBackOff,0,0,0,4,probe_failure
12,83.3,62.5,0,1,CrashLoopBackOff,0,0,0,5,probe_failure
3,63.2,58.3,0,1,Error,0,0,0,4,probe_failure
1,8.9,39.9,1,0,Unknown,0,0,0,1,healthy
2,56.6,40.6,0,0,Running,0,0,0,1,probe_failure
2,38.5,66.6,0,3,CrashLoopBackOff,0,0,0,5,crash_loop
0,9.1,26.3,1,0,Running,0,0,0,1,healthy
0,14.5,10.6,0,0,Unschedulable,0,0,6,0,scheduling_failure
1,0.0,10.9,0,0,Pending,0,0,2,0,scheduling_failure
0,18.9,12.0,0,0,ContainerCreating,0,0,9,1,scheduling_failure
0,28.2,55.2,1,0,Running,0,0,0,0,healthy
4,73.0,95.0,0,133,Error,4,0,0,1,oom_killed
0,25.6,49.2,1,0,Running,0,0,0,1,healthy
8,81.5,93.9,0,1,Error,0,0,0,4,probe_failure
9,66.1,75.9,0,1,CrashLoopBackOff,0,0,0,5,probe_failure
6,76.2,85.7,0,1,CrashLoopBackOff,0,0,0,4,probe_failure
3,74.7,94.1,0,140,OOMKilled,4,0,0,2,oom_killed
4,44.0,93.0,0,133,Error,2,0,0,3,oom_killed
5,51.3,90.9,0,133,Error,2,0,0,1,oom_killed
7,83.4,77.7,0,2,CrashLoopBackOff,0,0,0,4,probe_failure
0,30.0,26.3,1,0,Running,0,0,0,0,healthy
1,26.4,40.6,1,0,Unknown,0,0,0,0,healthy
9,76.6,58.2,0,1,Error,0,0,0,6,probe_failure
9,60.9,64.5,0,2,CrashLoopBackOff,0,0,0,0,crash_loop
8,82.2,69.2,0,1,CrashLoopBackOff,0,0,0,3,probe_failure
8,78.4,85.7,0,1,CrashLoopBackOff,0,0,0,3,probe_failure
1,0.3,34.4,1,0,Running,0,0,0,0,healthy
10,81.5,55.7,0,1,CrashLoopBackOff,0,0,0,5,probe_failure
8,80.1,63.9,1,0,Error,0,0,0,6,crash_loop
1,44.2,58.6,1,0,Error,0,0,0,6,probe_failure
1,61.4,75.1,0,1,Error,0,0,0,7,probe_failure
5,53.7,74.7,0,132,CrashLoopBackOff,3,0,0,3,oom_killed
1,68.5,41.3,0,1,Error,0,0,0,8,probe_failure
0,44.0,45.7,1,0,Running,0,0,0,0,healthy
0,17.7,18.1,0,0,Unschedulable,0,0,7,1,scheduling_failure
2,73.1,58.2,0,0,Running,0,0,0,2,probe_failure
3,82.5,69.8,0,0,Running,0,0,0,5,crash_loop
0,42.1,43.6,1,0,Running,0,0,0,0,healthy
9,72.0,84.6,0,1,Error,0,0,0,4,probe_failure
0,18.5,25.8,0,0,Pending,0,0,7,0,scheduling_failure
0,7.8,39.8,1,0,Running,0,0,0,0,healthy
1,45.3,35.6,1,0,Unknown,0,0,0,0,healthy
1,16.9,22.0,0,0,Running,0,0,0,3,probe_failure
0,1.4,20.2,0,0,ContainerCreating,0,0,5,0,scheduling_failure
3,56.6,71.1,0,143,CrashLoopBackOff,1,0,0,0,oom_killed
2,54.2,93.0,0,138,CrashLoopBackOff,6,0,0,2,oom_killed
8,64.2,77.3,0,1,CrashLoopBackOff,0,0,0,6,probe_failure
8,74.8,69.9,0,1,CrashLoopBackOff,0,0,0,2,probe_failure
3,49.7,79.1,0,85,CrashLoopBackOff,1,0,0,3,oom_killed
0,5.8,53.5,1,0,Running,0,0,0,0,healthy
11,68.9,73.4,0,1,CrashLoopBackOff,0,0,0,5,probe_failure
2,37.3,51.8,0,0,Error,0,0,0,9,probe_failure
9,82.2,40.2,0,2,Running,0,0,0,6,crash_loop
6,76.8,59.4,0,1,CrashLoopBackOff,0,0,0,4,probe_failure
1,37.5,30.8,1,0,Running,0,0,0,0,healthy
14,82.9,81.4,1,1,Error,0,0,0,5,probe_failure
1,32.4,37.3,1,0,Running,0,0,0,0,healthy
0,59.6,63.4,0,0,Running,0,0,0,4,probe_failure
0,7.9,7.4,0,0,Pending,0,0,5,0,scheduling_failure
1,33.7,38.6,1,0,Unknown,0,0,0,1,healthy
12,50.0,65.0,0,1,Error,0,0,0,3,crash_loop
2,66.7,61.8,1,137,OOMKilled,2,0,0,2,oom_killed
10,82.4,75.7,0,1,CrashLoopBackOff,0,0,0,7,probe_failure
0,14.9,34.8,1,0,Running,0,0,0,1,healthy
2,19.2,15.8,1,0,Unknown,0,0,0,0,healthy
8,66.0,73.8,0,0,Running,0,0,0,4,crash_loop
0,36.8,37.5,1,0,Running,0,0,0,0,healthy
0,1.9,3.6,0,0,Pending,0,0,3,0,scheduling_failure
8,86.4,57.2,0,1,CrashLoopBackOff,0,0,0,6,probe_failure
0,8.7,35.4,1,0,Running,0,0,0,0,healthy
6,76.5,91.6,0,140,OOMKilled,2,0,0,2,oom_killed
9,83.7,78.4,0,2,CrashLoopBackOff,0,0,0,4,probe_failure
10,67.3,65.8,0,0,Error,0,0,0,3,probe_failure
9,79.4,58.4,0,1,CrashLoopBackOff,0,0,0,5,probe_failure
9,78.3,50.5,0,0,Running,0,0,0,3,crash_loop
0,8.2,13.7,0,0,Pending,0,5,0,0,image_pull_error
0,25.9,42.0,1,0,Unknown,0,0,0,0,healthy
1,30.3,64.6,1,0,Running,0,0,0,0,healthy
3,34.3,75.0,0,0,Running,0,0,0,5,probe_failure
0,8.0,9.0,0,0,Unschedulable,0,0,6,0,scheduling_failure
1,21.4,15.7,1,0,Running,0,0,0,0,healthy
0,8.2,15.8,0,0,ContainerCreating,0,0,8,0,scheduling_failure
0,31.6,22.2,1,0,Running,0,0,0,0,healthy
10,66.7,84.3,0,1,Error,0,0,0,4,probe_failure
0,9.7,15.3,0,0,ContainerCreating,0,0,8,0,scheduling_failure
0,9.3,20.2,1,0,ContainerCreating,0,0,8,0,scheduling_failure
0,14.4,20.7,0,0,Pending,0,0,2,1,scheduling_failure
0,35.2,27.5,1,0,Running,0,0,0,0,healthy
7,51.2,54.2,0,1,Running,0,0,0,6,probe_failure
0,3.8,8.8,0,0,Pending,0,0,4,0,scheduling_failure
6,60.5,56.1,0,0,Running,0,0,0,4,crash_loop
1,42.1,68.0,1,0,Error,0,0,0,5,probe_failure
1,12.4,18.4,1,0,Running,0,0,0,0,healthy
4,62.9,77.9,0,136,OOMKilled,0,0,0,3,oom_killed
0,19.1,31.5,1,0,Unknown,0,0,0,0,healthy
0,34.2,33.1,1,0,Running,0,0,0,1,healthy
0,19.0,29.8,1,0,Unknown,0,0,0,0,healthy
8,89.8,73.0,0,1,Error,0,0,0,4,probe_failure
1,40.6,55.3,1,0,Running,0,0,0,0,healthy
7,71.7,86.3,0,1,CrashLoopBackOff,0,0,0,3,probe_failure
0,3.7,30.6,1,0,Running,0,0,0,0,healthy
0,2.8,18.0,0,0,ImagePullBackOff,0,5,0,0,image_pull_error
11,79.1,68.6,0,2,CrashLoopBackOff,0,0,0,4,probe_failure
4,60.9,78.5,0,1,CrashLoopBackOff,0,0,0,0,crash_loop
0,14.5,32.8,1,0,Unknown,0,0,0,0,healthy
1,58.7,54.0,0,1,CrashLoopBackOff,0,0,0,4,probe_failure
1,12.6,57.6,0,1,Running,0,0,0,5,probe_failure
0,32.9,54.7,1,0,Unknown,0,0,0,0,healthy
0,8.1,19.2,0,0,ContainerCreating,0,0,9,0,scheduling_failure
5,62.7,62.7,0,1,Error,0,0,0,4,crash_loop
2,63.1,70.0,0,2,Running,0,0,0,0,crash_loop
1,22.8,56.6,1,0,Unknown,0,0,0,0,healthy
6,75.4,75.1,0,1,CrashLoopBackOff,0,0,0,3,probe_failure
9,49.7,65.0,0,2,CrashLoopBackOff,0,0,0,9,crash_loop
9,68.5,48.2,0,2,Error,0,0,0,4,crash_loop
1,19.2,25.4,0,0,Running,0,0,0,0,healthy
2,66.3,71.4,0,137,CrashLoopBackOff,0,0,0,2,oom_killed
0,11.8,19.7,0,0,ImagePullBackOff,0,5,0,0,image_pull_error
0,17.3,10.7,0,0,Pending,0,3,0,0,image_pull_error
6,64.6,75.5,0,0,Running,0,0,0,6,crash_loop
0,31.3,28.2,1,0,Running,0,0,0,0,healthy
0,3.2,25.6,0,1,Pending,0,2,0,0,image_pull_error
9,2.8,83.7,0,0,CrashLoopBackOff,0,0,0,2,crash_loop
8,73.7,81.9,0,1,Error,0,0,0,5,probe_failure
0,13.4,19.9,0,0,ImagePullBackOff,0,4,0,0,image_pull_error
0,27.2,50.5,0,1,CrashLoopBackOff,0,0,0,1,probe_failure
3,54.2,61.4,0,139,OOMKilled,3,0,0,4,oom_killed
1,20.0,36.7,1,0,Running,0,0,0,0,healthy
1,14.4,14.4,0,0,Unschedulable,0,0,7,0,scheduling_failure
12,51.7,100.0,1,0,CrashLoopBackOff,0,0,0,6,crash_loop
0,14.1,35.4,1,0,Running,0,0,0,0,healthy
0,14.8,21.9,0,0,ImagePullBackOff,0,6,0,0,crash_loop
0,30.2,42.7,1,0,Running,0,0,0,0,healthy
7,50.4,67.3,0,2,Error,0,0,0,4,crash_loop
10,83.8,61.2,0,1,CrashLoopBackOff,0,0,0,4,probe_failure
0,16.1,47.0,1,0,Running,0,0,0,1,healthy
8,69.5,63.7,0,2,CrashLoopBackOff,0,0,0,3,probe_failure
0,21.7,28.2,1,0,Unknown,0,0,0,0,healthy
4,24.0,57.2,0,1,Running,0,0,0,3,probe_failure
0,40.1,37.1,1,0,Unknown,0,0,0,0,healthy
0,13.6,30.2,0,0,ImagePullBackOff,0,5,0,0,image_pull_error
2,71.9,92.1,0,87,CrashLoopBackOff,5,0,0,2,oom_killed
0,12.5,34.0,1,0,Running,0,0,0,0,healthy
0,38.8,55.2,1,0,Running,0,0,0,1,healthy
1,11.4,10.5,0,0,Pending,0,7,0,1,image_pull_error
1,48.0,80.4,0,1,Error,0,0,0,5,probe_failure
4,77.7,70.1,0,1,CrashLoopBackOff,0,0,0,4,probe_failure
2,65.6,42.4,0,0,CrashLoopBackOff,0,0,0,4,probe_failure
1,70.5,74.2,0,139,Error,0,0,0,1,oom_killed
4,61.3,85.7,0,142,CrashLoopBackOff,3,0,0,1,oom_killed
10,41.2,52.6,1,0,Error,0,0,0,3,healthy
6,47.3,55.4,0,0,Running,0,0,0,8,crash_loop
6,67.4,55.0,0,0,Error,0,0,0,7,crash_loop
9,89.2,86.3,0,1,Error,0,0,0,5,probe_failure
10,63.2,87.1,0,1,CrashLoopBackOff,0,0,0,3,probe_failure
0,6.4,30.4,0,0,Pending,0,0,8,0,scheduling_failure
8,68.6,64.3,0,0,Error,0,0,0,4,probe_failure
1,18.6,59.7,0,0,Running,0,0,0,0,healthy
3,27.4,68.2,0,0,Running,0,0,0,6,probe_failure
4,39.0,88.6,0,132,OOMKilled,2,0,0,2,oom_killed
2,62.4,77.3,0,143,CrashLoopBackOff,2,0,0,2,oom_killed
0,55.6,35.3,1,0,Unknown,0,0,0,1,healthy
1,9.8,32.5,1,0,Running,0,0,0,0,healthy
0,5.4,13.5,0,0,Pending,0,0,1,1,scheduling_failure
3,45.6,57.1,1,1,CrashLoopBackOff,0,0,0,4,probe_failure
7,76.7,82.1,0,1,Error,0,0,0,3,probe_failure
9,68.5,87.4,0,1,CrashLoopBackOff,0,0,0,2,probe_failure
6,83.6,81.9,1,2,Error,0,0,0,5,probe_failure
0,34.6,43.9,1,0,Running,0,0,0,0,healthy
10,66.1,66.2,0,1,Error,0,0,0,5,crash_loop
0,10.4,15.0,0,0,Pending,0,0,4,0,scheduling_failure
1,43.1,47.0,1,0,Unknown,0,0,0,1,healthy
2,52.5,100.0,0,80,Error,3,0,0,2,oom_killed
0,15.5,16.5,0,0,ErrImagePull,0,0,0,0,image_pull_error
4,64.0,92.7,0,132,CrashLoopBackOff,0,0,0,2,oom_killed
1,20.7,45.1,1,0,Unknown,0,0,0,0,healthy
0,12.4,8.4,0,0,Pending,0,0,10,0,scheduling_failure
10,65.0,72.3,1,1,Error,0,0,0,3,probe_failure
0,0.0,55.0,1,0,Running,0,0,0,1,healthy
0,18.2,52.0,0,0,Unknown,0,0,0,0,healthy
1,0.0,56.6,1,0,Running,0,0,0,1,healthy
8,63.5,68.9,0,1,CrashLoopBackOff,0,0,0,4,probe_failure
1,15.3,44.3,1,0,Unknown,0,0,0,0,healthy
8,45.7,77.5,0,1,CrashLoopBackOff,0,0,0,2,crash_loop
3,35.3,86.8,0,135,OOMKilled,3,0,0,2,oom_killed
0,21.4,58.6,1,0,Running,0,0,0,0,healthy
1,10.4,37.7,1,0,Running,0,0,0,0,healthy
0,36.8,30.4,1,0,Running,0,0,0,0,healthy
4,57.9,100.0,0,135,OOMKilled,1,0,0,1,oom_killed
2,37.3,33.6,1,0,Unknown,0,0,0,0,healthy
0,1.6,26.2,0,0,ContainerCreating,0,0,4,0,scheduling_failure
0,19.5,58.6,1,0,Running,0,0,0,0,healthy
1,29.6,40.5,1,0,Unknown,0,0,0,0,healthy
1,92.3,38.9,0,2,Error,0,0,0,5,oom_killed
5,100.0,87.0,0,2,Error,0,0,0,0,crash_loop
7,76.8,58.6,0,2,CrashLoopBackOff,0,0,0,4,probe_failure
0,53.0,29.9,1,0,Running,0,0,0,1,healthy
5,52.6,27.9,0,0,CrashLoopBackOff,0,0,0,0,crash_loop
0,17.5,55.6,1,0,Running,0,0,0,0,healthy
2,28.5,59.0,0,1,Running,0,0,0,5,probe_failure
0,20.0,37.2,1,0,Running,0,0,0,0,healthy
1,3.4,59.0,1,0,Running,0,0,0,0,healthy
1,6.5,32.6,1,0,Running,0,0,0,0,healthy
8,62.5,49.9,0,0,CrashLoopBackOff,0,0,0,4,crash_loop
0,14.5,25.4,1,0,Unknown,0,0,0,0,healthy
0,20.1,48.5,0,0,Running,0,0,0,0,healthy
0,19.0,13.7,0,0,Pending,0,0,5,0,scheduling_failure
1,52.7,59.5,1,1,Running,0,0,0,4,probe_failure
0,11.8,13.1,0,0,ErrImagePull,0,5,0,1,image_pull_error
2,62.5,90.1,0,144,Error,1,0,0,3,oom_killed
2,51.5,85.7,0,136,Error,5,0,0,4,oom_killed
0,10.6,41.7,1,0,Running,0,0,0,0,healthy
9,68.1,62.7,0,2,CrashLoopBackOff,0,0,0,4,probe_failure
0,12.2,22.9,1,0,Running,0,0,0,1,healthy
2,50.1,75.9,0,132,Error,4,0,0,1,oom_killed
0,33.6,18.4,1,0,Running,0,0,0,0,healthy
2,69.2,44.9,0,1,Running,0,0,0,4,probe_failure
0,4.4,9.2,0,0,ImagePullBackOff,0,1,0,1,image_pull_error
0,16.0,67.1,1,0,Running,0,0,0,0,healthy
11,77.1,69.5,0,1,Error,0,0,0,5,probe_failure
6,82.2,68.9,0,1,CrashLoopBackOff,0,0,0,4,probe_failure
0,11.1,46.1,1,0,Running,0,0,0,0,healthy
0,38.0,40.1,1,0,Running,0,0,0,0,healthy
2,75.7,94.0,1,137,Error,1,0,0,2,oom_killed
0,40.9,68.0,1,0,Running,0,0,0,0,healthy
0,9.4,23.3,0,0,Running,0,0,0,0,healthy
0,2.8,23.9,1,0,Running,0,0,0,0,healthy
1,35.4,39.0,1,0,Unknown,0,0,0,1,healthy
0,7.3,22.8,0,1,ImagePullBackOff,0,5,0,1,image_pull_error
0,10.0,27.6,0,0,ContainerCreating,0,0,6,1,scheduling_failure
0,4.5,17.1,0,0,ImagePullBackOff,0,9,0,0,image_pull_error
4,60.7,100.0,0,136,OOMKilled,0,0,0,2,oom_killed
0,13.7,23.3,0,1,ErrImagePull,0,5,0,1,image_pull_error
1,24.9,33.5,1,0,Running,0,0,0,0,healthy
0,7.9,39.5,1,0,Unknown,0,0,0,0,healthy
11,87.6,39.2,0,0,Running,0,0,0,4,crash_loop
2,39.4,67.2,0,1,Running,0,0,0,8,probe_failure
9,79.9,65.9,0,1,CrashLoopBackOff,0,0,0,4,probe_failure
0,32.2,43.1,1,0,Running,0,0,0,0,healthy
5,66.7,65.8,0,1,CrashLoopBackOff,0,0,0,4,probe_failure
0,29.0,48.9,1,0,Running,0,0,0,0,healthy
1,34.7,43.5,1,0,Unknown,0,0,0,0,healthy
5,59.8,92.1,0,138,Error,3,0,0,2,oom_killed
1,71.7,87.8,0,137,OOMKilled,0,0,0,2,oom_killed
0,33.2,39.7,1,0,Running,0,0,0,0,healthy
1,17.6,36.7,1,0,Running,0,0,0,0,healthy
0,22.7,64.7,1,0,Running,0,0,0,0,healthy
0,8.6,20.8,0,0,Pending,0,6,0,0,image_pull_error
4,37.7,97.5,0,88,CrashLoopBackOff,0,0,0,1,oom_killed
7,75.0,80.2,0,1,Error,0,0,0,2,probe_failure
13,45.7,79.9,0,1,CrashLoopBackOff,0,0,0,4,crash_loop
0,12.2,73.0,0,3,Running,0,0,0,4,crash_loop
0,35.2,48.5,1,0,Running,0,0,0,0,healthy
10,87.3,72.2,0,1,Error,0,0,0,5,probe_failure
8,65.4,80.1,0,0,CrashLoopBackOff,0,0,0,5,probe_failure
4,74.1,58.2,0,0,CrashLoopBackOff,0,0,0,3,probe_failure
8,77.9,68.9,0,2,CrashLoopBackOff,0,0,0,5,probe_failure
7,31.2,33.1,1,2,Running,0,0,0,3,crash_loop
3,47.5,61.8,0,0,CrashLoopBackOff,0,0,0,5,crash_loop
0,17.5,23.6,0,0,Pending,0,6,0,1,image_pull_error
0,9.9,11.1,0,0,Unschedulable,0,0,6,0,scheduling_failure
0,50.5,52.2,0,1,CrashLoopBackOff,0,0,0,5,probe_failure
5,67.7,79.4,0,2,Running,0,0,0,0,crash_loop
0,14.8,43.7,1,0,Running,0,0,0,0,healthy
0,27.7,20.6,1,1,ErrImagePull,0,6,0,0,image_pull_error
1,15.6,49.7,0,0,Unknown,0,0,0,0,healthy
0,11.9,23.9,0,0,Pending,0,7,0,0,image_pull_error
1,42.2,41.0,1,0,Running,0,0,0,1,healthy
0,13.1,9.9,0,0,ContainerCreating,0,0,6,0,scheduling_failure
12,78.8,55.1,0,1,Error,0,0,0,2,crash_loop
3,51.5,60.5,0,0,Running,0,0,0,10,probe_failure
0,8.4,25.3,0,0,ErrImagePull,0,3,0,0,image_pull_error
0,24.4,21.2,1,0,Running,0,0,0,0,healthy
8,76.3,76.4,0,1,Error,0,0,0,4,probe_failure
10,78.7,84.0,0,1,Error,0,0,0,3,probe_failure
2,47.2,98.0,0,136,CrashLoopBackOff,0,0,0,3,oom_killed
0,44.4,65.7,0,0,Error,0,0,0,0,probe_failure
1,26.7,47.8,1,0,Running,0,0,0,0,healthy
3,39.2,76.2,0,136,OOMKilled,3,0,0,2,oom_killed
2,63.5,86.1,0,0,Error,0,0,0,9,probe_failure
1,24.2,42.9,1,0,Unknown,0,0,0,0,crash_loop
0,23.9,52.0,1,0,Running,0,0,0,0,healthy
1,63.9,60.9,0,0,CrashLoopBackOff,0,0,0,6,probe_failure
1,29.0,50.8,1,0,Running,0,0,0,0,healthy
7,76.7,65.2,0,1,Error,0,0,0,3,probe_failure
1,0.3,49.3,1,0,Running,0,0,0,0,healthy
8,81.7,80.5,0,1,Error,0,0,0,3,probe_failure
2,40.0,95.4,1,91,CrashLoopBackOff,0,0,0,2,oom_killed
1,10.5,11.3,0,1,ImagePullBackOff,0,3,0,0,image_pull_error
0,32.8,29.4,1,0,Running,0,0,0,0,healthy
1,18.6,30.9,1,0,Running,0,0,0,1,healthy
6,76.8,71.7,0,2,CrashLoopBackOff,0,0,0,5,probe_failure
0,26.6,35.9,1,0,Running,0,0,0,0,healthy
7,70.1,74.2,0,0,Error,0,0,0,4,probe_failure
0,5.6,26.5,0,0,ContainerCreating,0,0,3,1,scheduling_failure
6,85.7,87.8,0,2,CrashLoopBackOff,0,0,0,5,probe_failure
10,57.3,74.3,0,1,Running,0,0,0,6,crash_loop
11,42.5,66.0,0,0,Running,0,0,0,5,crash_loop
1,25.2,36.4,1,0,Running,0,0,0,0,healthy
1,29.3,33.1,1,0,Running,0,0,0,0,healthy
1,70.5,28.1,0,3,CrashLoopBackOff,0,0,0,8,crash_loop
0,12.5,37.8,0,0,Unschedulable,0,0,3,1,scheduling_failure
7,65.5,73.9,1,1,CrashLoopBackOff,0,0,0,5,probe_failure
0,17.6,10.0,0,0,Running,0,0,0,0,healthy
11,76.1,55.1,0,1,Error,0,0,0,2,probe_failure
0,20.2,18.5,0,0,ImagePullBackOff,0,4,0,0,image_pull_error
1,9.7,22.9,0,0,Pending,0,7,0,1,oom_killed
0,25.4,19.4,1,0,Running,0,0,0,1,healthy
0,25.8,51.2,1,0,Running,0,0,0,0,healthy
0,9.8,12.2,0,0,ContainerCreating,0,0,5,0,scheduling_failure
1,41.0,59.0,1,0,Running,0,0,0,0,probe_failure
3,25.9,64.4,0,1,Error,0,0,0,7,probe_failure
1,34.3,30.8,1,0,Unknown,0,0,0,0,healthy
9,29.9,97.7,1,1,CrashLoopBackOff,0,0,0,7,crash_loop
7,79.8,70.6,0,1,CrashLoopBackOff,0,0,0,4,probe_failure
1,44.0,29.9,1,0,Running,0,0,0,0,healthy
0,13.2,15.8,0,0,Pending,0,0,0,1,scheduling_failure
6,70.1,75.3,0,1,CrashLoopBackOff,0,0,0,4,probe_failure
7,69.4,72.4,0,1,Error,0,0,0,3,probe_failure
4,55.9,100.0,0,133,OOMKilled,5,0,0,1,oom_killed
8,87.3,79.3,0,1,CrashLoopBackOff,0,0,0,3,crash_loop
1,11.7,14.6,0,0,ImagePullBackOff,0,2,0,0,image_pull_error
8,71.1,100.0,0,2,Error,0,0,0,5,crash_loop
1,17.9,8.5,1,0,Running,0,0,0,0,healthy
8,82.3,68.9,0,1,CrashLoopBackOff,0,0,0,4,probe_failure
4,65.5,98.6,0,138,CrashLoopBackOff,1,0,0,3,oom_killed
0,30.4,67.4,1,0,Running,0,0,0,0,healthy
0,21.5,35.8,1,0,Running,0,0,0,0,healthy
1,53.1,44.0,0,1,Running,0,0,0,0,probe_failure
9,75.4,70.2,0,1,CrashLoopBackOff,0,0,0,3,probe_failure
0,25.4,50.9,1,0,Running,0,0,0,0,healthy
4,53.6,100.0,1,140,Error,2,0,0,2,oom_killed
0,20.1,49.5,1,0,Running,0,0,0,0,healthy
0,7.2,15.7,0,0,ErrImagePull,0,4,0,0,image_pull_error
5,72.4,73.4,0,1,Error,0,0,0,3,probe_failure
8,76.0,65.6,0,0,CrashLoopBackOff,0,0,0,7,probe_failure
1,5.7,22.4,0,0,ContainerCreating,0,0,3,0,scheduling_failure
3,59.5,53.6,0,0,CrashLoopBackOff,0,0,0,1,crash_loop
0,36.0,46.4,1,0,Running,0,0,0,0,healthy
0,55.5,44.2,1,1,CrashLoopBackOff,0,0,0,3,probe_failure
10,53.6,48.7,0,0,Running,0,0,0,2,crash_loop
0,7.4,10.2,0,0,ImagePullBackOff,0,4,0,1,image_pull_error
0,26.9,39.7,1,0,Unknown,0,0,0,0,healthy
2,47.6,57.2,0,0,Running,0,0,0,8,probe_failure
0,31.4,49.4,1,0,Running,0,0,0,1,healthy
0,30.2,56.4,1,0,Running,0,0,0,1,healthy
2,71.1,91.9,0,134,OOMKilled,1,0,0,1,oom_killed
1,18.4,28.4,1,0,Unknown,0,0,0,1,healthy
3,32.4,72.3,0,1,CrashLoopBackOff,0,0,0,4,probe_failure
1,31.9,56.6,0,1,Error,0,0,0,8,probe_failure
0,11.7,14.4,0,0,ImagePullBackOff,0,2,0,0,image_pull_error
1,7.9,8.8,0,0,Pending,0,0,7,0,scheduling_failure
0,19.8,42.6,1,0,Running,0,0,0,0,healthy
1,8.2,39.5,1,0,Unknown,0,0,0,1,healthy
13,88.6,70.0,1,3,Running,0,0,0,0,crash_loop
2,57.1,71.3,0,1,CrashLoopBackOff,0,0,0,0,crash_loop
3,9.9,27.1,0,1,Running,0,0,0,1,crash_loop
1,10.4,19.7,0,1,ImagePullBackOff,0,1,0,1,image_pull_error
1,35.6,60.2,1,0,Unknown,0,0,0,0,healthy
2,50.2,65.1,0,1,Running,0,0,0,8,probe_failure
2,50.8,57.3,0,1,Error,0,0,0,5,probe_failure
0,14.7,32.1,0,1,ErrImagePull,0,5,0,0,scheduling_failure
12,52.8,91.0,0,2,Error,0,0,0,1,crash_loop
1,14.8,41.6,1,0,Running,0,0,0,1,healthy
5,70.5,56.6,0,1,CrashLoopBackOff,0,0,0,6,probe_failure
0,40.7,55.0,1,0,Unknown,0,0,0,0,healthy
1,50.4,32.3,1,0,Unknown,0,0,0,0,healthy
7,63.4,21.5,0,0,CrashLoopBackOff,0,0,0,4,crash_loop
0,40.9,14.2,1,0,Running,0,0,0,0,healthy
2,23.4,85.2,0,139,Error,5,0,0,4,oom_killed
0,21.1,23.8,1,0,Running,0,0,0,0,healthy
0,9.4,21.7,0,1,ErrImagePull,0,3,0,1,image_pull_error
0,44.4,84.9,1,133,OOMKilled,2,0,0,2,oom_killed
0,14.0,16.8,0,1,ImagePullBackOff,0,4,0,0,image_pull_error
6,47.5,71.7,0,1,CrashLoopBackOff,0,0,0,5,crash_loop
1,32.4,53.3,1,0,Running,0,0,0,0,healthy
0,4.6,21.9,0,0,Pending,0,0,8,0,scheduling_failure
1,27.2,58.3,1,0,Unknown,0,0,0,0,healthy
5,94.2,66.1,0,1,CrashLoopBackOff,0,0,0,4,probe_failure
8,83.4,79.1,0,1,CrashLoopBackOff,0,0,0,3,probe_failure
10,55.9,47.7,0,1,Error,0,0,0,1,crash_loop
6,77.2,62.3,0,1,Error,0,0,0,3,probe_failure
0,25.0,21.7,0,1,ImagePullBackOff,0,5,0,1,image_pull_error
9,73.7,71.0,0,0,CrashLoopBackOff,0,0,0,4,probe_failure
5,67.0,70.0,0,1,CrashLoopBackOff,0,0,0,4,probe_failure
7,89.9,100.0,0,2,CrashLoopBackOff,0,0,0,7,crash_loop
8,84.5,52.5,0,1,Error,0,0,0,10,crash_loop
1,8.6,29.6,1,0,Running,0,0,0,1,healthy
0,10.3,13.3,0,0,ErrImagePull,0,4,0,0,image_pull_error
2,65.0,96.5,0,137,CrashLoopBackOff,0,0,0,1,oom_killed
1,19.6,37.2,1,0,Running,0,0,0,1,healthy
0,6.2,20.4,0,0,Pending,0,4,0,0,image_pull_error
3,68.0,88.0,0,145,CrashLoopBackOff,1,0,0,1,oom_killed
0,0.7,7.8,0,0,Pending,0,0,6,0,scheduling_failure
8,41.3,84.9,0,1,Error,0,0,0,4,crash_loop
10,72.8,77.4,0,1,CrashLoopBackOff,0,0,0,5,probe_failure
11,100.0,74.1,0,0,Error,0,0,0,1,crash_loop
0,18.5,30.3,1,0,Running,0,0,0,0,healthy
7,80.7,66.5,0,1,CrashLoopBackOff,0,0,0,2,probe_failure
7,74.7,76.2,0,1,Error,0,0,0,5,probe_failure
3,34.8,59.9,1,1,CrashLoopBackOff,0,0,0,6,probe_failure
0,18.0,35.8,1,0,Running,0,0,0,0,healthy
1,61.5,95.5,0,141,Error,5,0,0,3,oom_killed
8,77.1,89.3,0,1,CrashLoopBackOff,0,0,0,3,probe_failure
0,16.5,35.3,1,0,Unknown,0,0,0,0,healthy
9,62.0,45.9,0,2,Error,0,0,0,6,crash_loop
8,84.9,67.0,0,0,CrashLoopBackOff,0,0,0,6,probe_failure
1,36.1,27.3,1,0,Running,0,0,0,1,healthy
8,72.2,80.3,0,1,Error,0,0,0,4,probe_failure
13,73.8,88.9,0,1,Error,0,0,0,7,crash_loop
0,14.6,13.6,1,1,ErrImagePull,0,3,0,0,image_pull_error
1,3.2,24.0,0,0,ErrImagePull,0,4,0,0,image_pull_error
0,43.1,36.8,1,0,Running,0,0,0,0,healthy
0,59.6,9.9,1,0,Running,0,0,0,0,healthy
1,48.0,34.7,0,1,Running,0,0,0,7,probe_failure
0,5.4,20.1,0,0,ContainerCreating,0,0,2,0,scheduling_failure
7,59.1,49.4,0,1,Error,0,0,0,4,crash_loop
12,18.4,60.1,0,0,Running,0,0,0,5,crash_loop
2,27.9,59.9,0,0,Error,0,0,0,6,probe_failure
6,59.7,56.7,1,1,Error,0,0,0,3,crash_loop
1,24.0,45.5,1,0,Unknown,0,0,0,1,healthy
0,18.8,41.2,1,0,Running,0,0,0,0,healthy
7,80.4,65.4,0,1,Error,0,0,0,2,probe_failure
8,76.1,66.0,0,1,Error,0,0,0,5,probe_failure
0,9.4,21.9,0,0,ContainerCreating,0,0,7,1,scheduling_failure
1,10.5,20.9,1,0,Pending,0,4,0,1,image_pull_error
10,71.6,89.1,0,1,CrashLoopBackOff,0,0,0,2,probe_failure
9,76.7,66.8,0,0,CrashLoopBackOff,0,0,0,3,probe_failure
9,71.7,71.0,0,2,CrashLoopBackOff,0,0,0,5,probe_failure
1,9.2,30.4,1,0,Unknown,0,0,0,0,healthy
5,75.5,37.4,0,2,Running,0,0,0,5,crash_loop
0,12.4,31.9,1,0,Running,0,0,0,0,healthy
8,79.3,67.1,0,1,Error,0,0,0,4,probe_failure
3,47.0,71.6,0,1,Error,0,0,0,6,probe_failure
0,34.7,47.7,1,0,Unknown,0,0,0,0,healthy
1,34.1,14.9,1,0,Unknown,0,0,0,0,healthy
0,0.0,18.9,0,0,ImagePullBackOff,0,3,0,0,image_pull_error
9,78.1,62.1,0,1,CrashLoopBackOff,0,0,0,1,probe_failure
8,69.2,69.4,0,1,CrashLoopBackOff,0,0,0,4,probe_failure
0,24.5,39.5,1,0,Running,0,0,0,0,healthy
6,73.6,62.2,0,1,CrashLoopBackOff,0,0,0,3,probe_failure
7,77.0,73.4,0,1,Error,0,0,0,4,probe_failure
0,4.1,22.9,0,0,ErrImagePull,0,5,0,0,image_pull_error
5,66.0,100.0,0,140,CrashLoopBackOff,0,0,0,1,oom_killed
0,46.4,53.8,1,0,Unknown,0,0,0,1,healthy
8,87.7,66.8,0,0,Error,0,0,0,5,probe_failure
3,62.5,81.2,0,137,CrashLoopBackOff,4,0,0,1,oom_killed
1,30.3,52.1,1,0,Unknown,0,0,0,0,healthy
2,49.9,93.3,0,86,OOMKilled,0,0,0,2,oom_killed
0,12.1,28.7,0,1,ErrImagePull,0,2,0,0,image_pull_error
0,13.4,50.4,1,0,Unknown,0,0,0,1,healthy
0,32.6,27.2,1,0,Running,0,0,0,0,healthy
0,8.2,12.7,0,0,Pending,0,6,0,0,image_pull_error
5,47.9,85.6,0,138,CrashLoopBackOff,2,0,0,2,oom_killed
0,17.2,13.4,0,0,ImagePullBackOff,0,4,0,0,image_pull_error
4,60.5,58.3,0,136,CrashLoopBackOff,4,0,0,3,oom_killed
0,12.2,13.5,0,0,Pending,0,0,5,0,scheduling_failure
8,80.3,71.9,0,1,CrashLoopBackOff,0,0,0,5,probe_failure
0,11.7,15.7,0,0,ErrImagePull,0,4,0,0,image_pull_error
1,7.7,10.8,0,0,ContainerCreating,0,0,3,0,scheduling_failure
7,63.7,83.8,0,1,CrashLoopBackOff,0,0,0,2,probe_failure
0,11.1,19.1,0,0,Pending,0,6,0,0,image_pull_error
5,66.4,82.7,0,136,OOMKilled,1,0,0,2,oom_killed
3,18.8,93.6,0,136,CrashLoopBackOff,3,0,0,3,image_pull_error
0,26.8,25.1,1,0,Unknown,0,0,0,0,healthy
0,29.4,8.4,1,0,Running,0,0,0,1,healthy
1,16.2,43.7,1,0,Unknown,0,0,0,0,healthy
2,57.5,75.1,0,0,Running,0,0,0,9,probe_failure
3,72.6,85.6,1,138,CrashLoopBackOff,1,0,0,4,oom_killed
2,46.1,77.5,0,90,OOMKilled,2,0,0,3,oom_killed
1,8.7,1.1,1,0,Running,0,0,0,1,healthy
0,48.8,52.6,0,0,CrashLoopBackOff,0,0,0,5,probe_failure
1,15.5,55.5,0,0,Unknown,0,0,0,1,healthy
0,29.4,43.7,1,0,Unknown,0,0,0,0,healthy
8,29.1,65.4,0,1,Error,0,0,0,2,crash_loop
7,86.2,66.3,0,1,CrashLoopBackOff,0,0,0,4,probe_failure
6,61.4,76.1,0,1,CrashLoopBackOff,0,0,0,4,probe_failure
0,12.1,23.5,0,0,Pending,0,6,0,0,image_pull_error
1,28.0,47.3,1,0,Running,0,0,0,0,healthy
10,66.8,47.0,1,0,Running,0,0,0,1,crash_loop
1,42.2,19.2,1,0,Unknown,0,0,0,1,healthy
0,31.3,41.2,1,0,Running,0,0,0,0,healthy
9,82.9,76.8,0,1,CrashLoopBackOff,0,0,0,3,probe_failure
0,1.9,63.4,1,0,Running,0,0,0,0,healthy
3,35.2,55.1,0,1,Running,0,0,0,7,probe_failure
0,25.6,45.5,1,0,Running,0,0,0,0,healthy
9,68.2,71.7,0,2,CrashLoopBackOff,0,0,0,2,probe_failure
0,41.4,30.7,1,0,Running,0,0,0,1,healthy
0,25.9,31.3,1,0,Running,0,0,0,0,healthy
7,61.4,43.2,0,1,Error,0,0,0,9,crash_loop
7,77.6,67.9,0,1,Error,0,0,0,2,probe_failure
9,80.5,74.1,0,1,CrashLoopBackOff,0,0,0,4,probe_failure
0,38.1,32.5,0,0,Running,0,0,0,0,healthy
9,76.2,66.7,0,2,Running,0,0,0,7,crash_loop
3,34.1,84.0,0,85,CrashLoopBackOff,3,0,0,3,oom_killed
0,5.5,26.1,1,0,Running,0,0,0,0,healthy
0,9.8,40.1,1,0,Running,0,0,0,1,healthy
0,23.0,38.1,1,0,Running,0,0,0,0,healthy
0,18.1,50.8,1,0,Running,0,0,0,1,healthy
0,37.8,42.3,0,0,Running,0,0,0,1,healthy
1,29.0,22.8,1,0,Running,0,0,0,0,healthy
1,30.9,49.1,1,0,Running,0,0,0,0,healthy
0,39.7,38.2,1,0,Running,0,0,0,0,healthy
0,9.2,9.7,0,0,Unschedulable,0,0,5,0,scheduling_failure
9,80.0,68.5,0,1,Error,0,0,0,4,probe_failure
3,53.2,100.0,0,137,OOMKilled,1,0,0,1,oom_killed
1,25.1,52.4,1,0,Running,0,0,0,0,healthy
11,93.4,84.5,0,1,Running,0,0,0,4,crash_loop
2,50.9,70.3,0,139,Error,2,0,0,2,oom_killed
4,72.9,68.9,0,137,Error,4,0,0,1,oom_killed
1,32.3,35.2,1,0,Unknown,0,0,0,1,healthy
0,22.7,21.8,0,0,Pending,0,0,7,0,scheduling_failure
9,56.0,49.2,0,2,Running,0,0,0,5,crash_loop
3,47.0,54.8,0,1,Error,0,0,0,7,probe_failure
0,19.1,51.6,1,0,Running,0,0,0,0,healthy
5,50.0,98.3,0,138,CrashLoopBackOff,2,0,0,2,oom_killed
4,51.1,55.7,0,139,CrashLoopBackOff,3,0,0,3,oom_killed
4,38.5,42.8,0,0,Running,0,0,0,2,probe_failure
1,24.0,44.4,1,0,Unknown,0,0,0,0,healthy
0,3.5,12.8,0,0,Unschedulable,0,0,5,0,scheduling_failure
0,31.2,50.4,1,0,Unknown,0,0,0,0,healthy
3,55.7,53.0,1,2,Error,0,0,0,3,crash_loop
6,75.8,68.6,0,1,Error,0,0,0,2,probe_failure
0,29.6,59.3,1,0,Running,0,0,0,8,probe_failure
0,37.6,57.9,1,0,Running,0,0,0,0,healthy
10,94.5,51.9,0,2,Error,0,0,0,3,crash_loop
0,15.9,16.2,0,0,Unschedulable,0,0,8,0,scheduling_failure
0,20.2,16.2,0,0,ImagePullBackOff,0,2,0,0,image_pull_error
0,8.2,14.2,0,1,Pending,0,3,0,0,image_pull_error
1,4.5,39.7,1,0,Running,0,0,0,0,healthy
0,19.7,10.3,0,0,Unschedulable,0,0,4,0,healthy
2,46.5,63.3,0,0,Running,0,0,0,4,probe_failure
1,54.7,56.8,0,0,CrashLoopBackOff,0,0,0,4,probe_failure
0,27.4,49.1,1,0,Unknown,0,0,0,1,healthy
8,82.1,75.5,0,2,CrashLoopBackOff,0,0,0,6,probe_failure
2,44.5,84.2,0,1,Running,0,0,0,8,probe_failure
7,71.8,69.9,0,1,Error,0,0,0,4,probe_failure
1,17.3,30.1,1,0,Running,0,0,0,0,healthy
0,1.6,14.3,0,0,Pending,0,0,5,0,scheduling_failure
0,22.1,41.3,1,0,Running,0,0,0,1,oom_killed
0,9.8,41.1,1,0,Running,0,0,0,1,healthy
8,75.5,78.6,0,1,CrashLoopBackOff,0,0,0,5,probe_failure
6,44.3,60.3,0,90,CrashLoopBackOff,4,0,0,4,oom_killed
9,72.6,74.8,0,1,CrashLoopBackOff,0,0,0,4,probe_failure
0,9.1,9.4,0,1,ImagePullBackOff,0,9,0,0,image_pull_error
7,62.2,65.3,0,1,CrashLoopBackOff,0,0,0,2,probe_failure
0,31.2,35.1,1,0,Unknown,0,0,0,1,healthy
0,35.1,37.0,1,0,Running,0,0,0,0,healthy
8,76.5,85.2,0,1,Error,0,0,0,3,probe_failure
0,22.1,20.7,1,0,Running,0,0,0,0,healthy
10,82.5,69.8,0,1,Error,0,0,0,2,probe_failure
5,45.5,59.6,1,1,Running,0,0,0,8,probe_failure
6,69.6,77.3,0,1,CrashLoopBackOff,0,0,0,3,probe_failure
0,35.0,39.9,1,0,Running,0,0,0,0,healthy
1,17.6,49.6,1,0,Running,0,0,0,0,healthy
8,73.3,63.5,1,1,Error,0,0,0,6,probe_failure
3,50.7,47.9,0,1,Running,0,0,0,7,crash_loop
0,33.4,30.7,1,0,Running,0,0,0,1,healthy
8,82.2,76.7,0,0,Error,0,0,0,3,probe_failure
7,58.1,71.9,0,1,CrashLoopBackOff,0,0,0,6,crash_loop
0,29.5,34.4,1,0,Running,0,0,0,0,healthy
0,38.7,36.1,1,0,Running,0,0,0,0,healthy
4,54.6,73.8,0,138,CrashLoopBackOff,1,0,0,2,oom_killed
6,80.8,83.5,0,1,Error,0,0,0,5,probe_failure
0,31.3,26.6,1,0,Unknown,0,0,0,0,healthy
2,52.5,100.0,0,136,CrashLoopBackOff,3,0,0,2,oom_killed
3,62.4,82.2,0,134,CrashLoopBackOff,1,0,0,1,crash_loop
7,30.7,67.0,0,1,CrashLoopBackOff,0,0,0,5,crash_loop
3,55.8,88.0,0,94,CrashLoopBackOff,2,0,0,3,oom_killed
1,30.9,28.1,1,0,Unknown,0,0,0,0,healthy
9,76.4,58.0,0,1,CrashLoopBackOff,0,0,0,2,probe_failure
0,24.5,24.3,1,0,Running,0,0,0,1,healthy
9,78.1,67.7,0,1,Error,0,0,0,0,crash_loop
0,40.1,35.6,1,0,Running,0,0,0,0,healthy
1,13.1,15.3,0,0,Unschedulable,0,0,4,1,scheduling_failure
9,74.6,73.5,0,1,CrashLoopBackOff,0,0,0,6,probe_failure
5,42.5,73.8,0,1,Error,0,0,0,4,crash_loop
9,75.7,81.9,0,1,CrashLoopBackOff,0,0,0,4,probe_failure
0,20.7,49.5,1,0,Running,0,0,0,0,healthy
1,34.7,35.1,1,0,Unknown,0,0,0,1,healthy
0,29.3,38.1,1,0,Running,0,0,0,0,healthy
6,76.4,77.3,0,1,CrashLoopBackOff,0,0,0,5,probe_failure
6,80.6,61.7,0,1,Error,0,0,0,1,probe_failure
1,39.8,86.8,0,139,CrashLoopBackOff,2,0,0,2,oom_killed
7,83.0,62.9,0,1,CrashLoopBackOff,0,0,0,2,probe_failure
0,2.4,21.1,1,0,Running,0,0,0,0,healthy
0,28.7,33.0,0,1,Error,0,0,0,2,probe_failure
2,50.7,80.1,0,136,OOMKilled,1,0,0,3,oom_killed
8,76.5,65.4,0,1,CrashLoopBackOff,0,0,0,3,probe_failure
1,37.6,35.9,1,0,Running,0,0,0,1,healthy
7,73.9,73.2,1,1,Error,0,0,0,4,probe_failure
10,77.5,55.1,0,1,CrashLoopBackOff,0,0,0,3,crash_loop
0,14.8,23.8,0,0,ErrImagePull,0,9,0,0,scheduling_failure
0,27.8,42.7,1,0,Running,0,0,0,0,healthy
10,68.0,39.9,0,2,Error,0,0,0,6,crash_loop
0,40.5,53.0,0,0,Unknown,0,0,0,0,healthy
4,76.6,94.2,0,135,OOMKilled,0,0,0,1,oom_killed
5,52.2,70.4,0,0,Error,0,0,0,5,crash_loop
0,22.9,18.0,1,0,Unknown,0,0,0,0,healthy
8,72.8,78.0,0,1,CrashLoopBackOff,0,0,0,6,probe_failure
9,68.8,90.7,0,1,Error,0,0,0,4,probe_failure
1,28.9,29.7,1,0,Running,0,0,0,0,healthy
8,80.5,76.6,0,2,CrashLoopBackOff,0,0,0,3,probe_failure
5,33.1,66.6,0,0,Running,0,0,0,6,crash_loop
7,66.2,64.2,0,1,CrashLoopBackOff,0,0,0,2,probe_failure
0,24.0,28.4,0,1,ImagePullBackOff,0,8,0,1,image_pull_error
1,32.0,29.0,1,0,Running,0,0,0,0,healthy
1,55.3,43.3,1,0,Running,0,0,0,0,healthy
0,2.6,16.2,0,0,Unschedulable,0,0,4,0,scheduling_failure
0,17.8,35.1,1,0,Running,0,0,0,1,healthy
8,78.2,66.9,0,1,CrashLoopBackOff,0,0,0,2,probe_failure
14,66.9,64.2,0,0,Error,0,0,0,7,crash_loop
0,31.0,56.8,1,0,Unknown,0,0,0,0,healthy
1,15.2,13.3,0,0,ImagePullBackOff,0,5,0,0,image_pull_error
0,24.1,54.1,1,0,Running,0,0,0,0,healthy
1,29.2,54.0,1,0,Running,0,0,0,0,healthy
1,35.7,58.8,0,0,Running,0,0,0,7,crash_loop
0,0.0,49.8,1,0,Unknown,0,0,0,0,healthy
0,0.0,32.0,1,0,Running,0,0,0,0,healthy
0,41.4,47.5,1,0,Running,0,0,0,0,healthy
0,12.8,8.1,0,0,ContainerCreating,0,0,2,0,scheduling_failure
0,25.8,55.4,1,0,Running,0,0,0,0,healthy
2,32.2,56.0,0,1,Running,0,0,0,5,probe_failure
0,14.8,53.5,1,0,Running,0,0,0,0,healthy
0,20.1,57.0,1,0,Running,0,0,0,0,healthy
1,11.2,23.0,0,0,Unschedulable,0,0,8,1,scheduling_failure
1,32.3,39.7,1,0,Running,0,0,0,1,healthy
0,37.4,64.1,1,0,Running,0,0,0,1,healthy
0,28.4,66.6,1,0,Running,0,0,0,0,healthy
0,7.7,20.8,0,1,ImagePullBackOff,0,7,0,0,image_pull_error
0,5.5,14.3,0,0,Unschedulable,0,0,5,1,scheduling_failure
11,70.4,80.7,0,1,CrashLoopBackOff,0,0,0,3,probe_failure
0,6.1,17.9,0,0,ErrImagePull,0,8,0,0,image_pull_error
1,36.2,42.0,1,0,Running,0,0,0,0,healthy
3,57.5,72.7,0,135,Error,0,0,0,1,oom_killed
6,60.6,64.3,0,3,CrashLoopBackOff,0,0,0,5,crash_loop
8,84.9,76.4,0,0,CrashLoopBackOff,0,0,0,5,probe_failure
0,8.2,22.0,0,0,ContainerCreating,0,0,8,0,scheduling_failure
1,24.2,42.2,1,0,Running,0,0,0,0,healthy
8,84.3,79.5,0,1,CrashLoopBackOff,0,0,0,5,probe_failure
9,86.8,76.5,0,1,Error,0,0,0,5,probe_failure
2,57.2,100.0,0,135,Error,4,0,0,2,oom_killed
2,18.2,63.1,0,0,Error,0,0,0,5,probe_failure
2,55.3,95.9,0,3,Error,0,0,0,2,crash_loop
8,77.5,63.9,0,1,CrashLoopBackOff,0,0,0,3,probe_failure
4,66.4,69.2,0,1,Error,0,0,0,5,probe_failure
0,32.7,43.3,1,0,Running,0,0,0,1,healthy
1,13.6,28.5,1,0,Running,0,0,0,0,healthy
11,71.0,71.0,0,5,Running,0,0,0,1,crash_loop
11,77.2,74.8,0,1,Error,0,0,0,5,probe_failure
6,62.7,69.4,0,1,CrashLoopBackOff,0,0,0,5,probe_failure
0,3.0,40.1,1,0,Running,0,0,0,0,healthy
10,88.1,72.4,0,0,Error,0,0,0,5,probe_failure
1,32.9,41.0,1,0,Running,0,0,0,1,healthy
1,74.6,91.8,0,139,CrashLoopBackOff,2,0,0,2,oom_killed
8,60.7,75.5,0,0,Error,0,0,0,4,probe_failure
0,35.8,0.0,1,0,Running,0,0,0,0,healthy
1,50.7,47.4,1,0,Running,0,0,0,0,healthy
0,28.7,33.3,1,0,Running,0,0,0,1,healthy
3,61.5,48.0,0,0,Running,0,0,0,4,probe_failure
7,76.5,83.0,0,1,CrashLoopBackOff,0,0,0,1,probe_failure
5,69.5,82.7,0,1,CrashLoopBackOff,0,0,0,2,probe_failure
1,20.0,47.6,1,0,Unknown,0,0,0,0,healthy
5,58.5,65.9,0,1,Running,0,0,0,0,crash_loop
0,11.0,21.1,0,0,ContainerCreating,0,0,4,1,scheduling_failure
0,11.6,54.3,1,0,Running,0,0,0,0,healthy
0,15.7,35.6,1,0,Running,0,0,0,1,healthy
4,66.0,83.8,0,138,CrashLoopBackOff,3,0,0,1,oom_killed
0,64.0,56.7,0,0,Error,0,0,0,3,crash_loop
12,70.3,86.1,0,1,CrashLoopBackOff,0,0,0,2,probe_failure
8,60.0,65.2,0,1,CrashLoopBackOff,0,0,0,7,crash_loop
8,80.4,73.0,0,1,Error,0,0,0,4,probe_failure
0,32.0,58.2,1,0,Running,0,0,0,1,healthy
1,56.1,58.4,1,1,Error,0,0,0,5,probe_failure
10,64.8,69.5,0,0,CrashLoopBackOff,0,0,0,5,probe_failure
0,17.8,67.7,1,0,Running,0,0,0,0,healthy
0,25.2,38.9,1,0,Unknown,0,0,0,0,healthy
7,75.8,66.3,0,0,CrashLoopBackOff,0,0,0,4,probe_failure
6,70.6,86.1,0,0,Error,0,0,0,2,crash_loop
0,13.2,13.2,0,0,ErrImagePull,0,1,0,0,image_pull_error
4,48.8,78.7,0,0,Running,0,0,0,8,probe_failure
1,40.1,53.0,1,0,Running,0,0,0,0,healthy
1,12.2,23.8,0,0,ImagePullBackOff,0,7,0,0,image_pull_error
3,54.4,87.7,0,88,CrashLoopBackOff,2,0,0,2,oom_killed
1,30.5,52.9,1,0,Running,0,0,0,0,healthy
1,15.9,54.4,1,0,Running,0,0,0,0,healthy
5,31.9,66.5,0,1,CrashLoopBackOff,0,0,0,10,crash_loop
7,69.2,62.4,0,1,CrashLoopBackOff,0,0,0,4,probe_failure
0,8.5,44.4,1,0,Running,0,0,0,1,healthy
7,60.0,86.3,0,2,Error,0,0,0,4,crash_loop
8,51.3,73.9,0,137,Error,1,0,0,2,oom_killed
11,73.3,57.9,0,2,Running,0,0,0,6,crash_loop
5,66.0,71.4,0,1,Error,0,0,0,2,probe_failure
9,78.6,58.3,0,1,Error,0,0,0,4,probe_failure
0,44.3,47.5,1,0,Running,0,0,0,0,healthy
7,61.6,81.4,0,1,Error,0,0,0,3,probe_failure
3,72.1,89.7,0,139,CrashLoopBackOff,2,0,0,3,oom_killed
0,18.0,23.0,0,0,Unknown,0,0,0,0,healthy
0,22.4,29.4,1,0,Unknown,0,0,0,0,healthy
5,59.3,92.9,0,140,OOMKilled,2,0,0,1,oom_killed
1,29.7,61.4,1,0,Running,0,0,0,6,probe_failure
0,26.0,28.9,1,0,Running,0,0,0,0,healthy
7,76.0,60.9,0,1,Error,0,0,0,4,probe_failure
0,11.6,27.9,0,0,ErrImagePull,0,4,0,0,image_pull_error
2,16.4,46.4,0,1,Running,0,0,0,8,probe_failure
2,62.5,100.0,0,136,OOMKilled,5,0,0,1,oom_killed
0,24.3,31.9,1,0,Running,0,0,0,0,healthy
0,12.9,15.0,0,0,Unschedulable,0,0,5,0,scheduling_failure
2,22.0,53.2,1,0,Unknown,0,0,0,0,healthy
2,78.7,75.8,0,1,CrashLoopBackOff,0,0,0,2,probe_failure
0,19.0,44.9,1,0,Running,0,0,0,0,healthy
3,69.5,55.3,0,0,Running,0,0,0,3,probe_failure
1,19.9,54.9,1,0,Unknown,0,0,0,0,healthy
3,41.3,59.9,1,0,CrashLoopBackOff,0,0,0,1,probe_failure
2,40.1,65.7,0,1,Error,0,0,0,2,probe_failure
1,30.1,55.7,0,0,Running,0,0,0,0,healthy
6,73.3,79.1,0,1,Error,0,0,0,3,probe_failure
8,65.6,72.5,0,1,Running,0,0,0,4,crash_loop
0,15.1,0.0,0,0,Pending,0,0,3,0,scheduling_failure
2,48.5,86.8,0,90,CrashLoopBackOff,3,0,0,1,oom_killed
0,43.8,37.9,1,0,Running,0,0,0,0,healthy
0,26.4,33.6,1,0,Running,0,0,0,0,healthy
0,5.0,13.5,0,0,ContainerCreating,0,0,7,0,scheduling_failure
1,10.3,20.7,0,0,Pending,0,0,8,1,scheduling_failure
2,66.0,97.1,1,138,OOMKilled,3,0,0,1,oom_killed
0,12.1,21.9,0,0,ImagePullBackOff,0,7,0,1,image_pull_error
14,95.5,53.1,0,0,CrashLoopBackOff,0,0,0,6,crash_loop
11,69.7,75.6,0,1,Error,0,0,0,4,probe_failure
7,66.9,61.5,0,2,Error,0,0,0,4,probe_failure
8,74.5,72.4,0,2,CrashLoopBackOff,0,0,0,3,probe_failure
9,88.2,67.7,0,1,CrashLoopBackOff,0,0,0,4,probe_failure
4,58.7,79.2,0,2,Error,0,0,0,7,crash_loop
0,73.7,88.0,0,136,CrashLoopBackOff,2,0,0,3,oom_killed
10,67.8,57.9,0,1,CrashLoopBackOff,0,0,0,5,probe_failure
1,13.1,18.5,0,0,Pending,0,0,3,0,scheduling_failure
0,38.5,21.5,1,0,Running,0,0,0,0,healthy
0,31.1,45.0,1,0,Running,0,0,0,0,healthy
8,86.1,82.0,0,1,CrashLoopBackOff,0,0,0,5,probe_failure
0,54.0,37.9,1,0,Running,0,0,0,0,healthy
1,11.8,27.0,0,0,Pending,0,5,0,0,image_pull_error
1,37.3,43.6,1,0,Running,0,0,0,0,healthy
0,32.3,45.3,1,0,Unknown,0,0,0,0,healthy
3,41.3,51.2,0,0,Error,0,0,0,4,probe_failure
9,88.2,67.9,0,0,CrashLoopBackOff,0,0,0,5,probe_failure
0,1.8,29.7,1,0,Running,0,0,0,0,healthy
0,24.5,44.4,1,0,Running,0,0,0,0,healthy
0,33.2,13.8,1,0,Running,0,0,0,0,healthy
1,63.4,62.3,0,0,Running,0,0,0,4,probe_failure
0,26.5,33.9,1,0,Running,0,0,0,0,healthy
7,70.6,59.1,0,1,Error,0,0,0,4,probe_failure
4,59.2,50.2,0,2,Error,0,0,0,5,crash_loop
6,66.2,69.9,0,1,CrashLoopBackOff,0,0,0,4,probe_failure
6,71.7,58.9,0,1,CrashLoopBackOff,0,0,0,6,probe_failure
3,51.7,77.7,0,0,Running,0,0,0,6,probe_failure
1,33.9,39.3,1,0,Running,0,0,0,1,healthy
0,7.7,19.6,0,0,ErrImagePull,0,5,0,0,scheduling_failure
0,19.9,60.5,1,0,Running,0,0,0,1,healthy
3,50.5,68.6,1,0,Running,0,0,0,9,probe_failure
3,59.3,97.5,0,135,OOMKilled,4,0,0,1,oom_killed
0,23.4,27.2,1,0,Unknown,0,0,0,0,healthy
0,24.0,44.5,1,0,Running,0,0,0,0,healthy
3,75.6,91.3,0,135,OOMKilled,3,0,0,2,oom_killed
0,18.6,36.3,0,0,Unknown,0,0,0,0,healthy
6,73.1,96.3,0,2,CrashLoopBackOff,0,0,0,0,crash_loop
2,35.5,58.9,0,1,CrashLoopBackOff,0,0,0,2,probe_failure
8,25.2,37.2,0,2,CrashLoopBackOff,0,0,0,3,crash_loop
11,55.5,81.4,0,2,Running,0,0,0,5,crash_loop
7,82.8,65.4,0,0,CrashLoopBackOff,0,0,0,4,probe_failure
0,34.3,40.9,1,0,Running,0,0,0,1,healthy
0,20.1,34.1,1,0,Running,0,0,0,0,healthy
0,23.2,35.8,1,0,Running,0,0,0,0,healthy
0,17.7,39.8,1,0,Unknown,0,0,0,1,healthy
13,67.2,72.6,0,1,Running,0,0,0,9,crash_loop
8,73.4,70.8,0,1,Error,0,0,0,5,probe_failure
12,45.7,68.3,0,0,Running,0,0,0,3,crash_loop
8,47.0,81.5,0,0,Error,0,0,0,8,crash_loop
0,25.8,49.1,1,0,Running,0,0,0,0,healthy
1,1.5,13.1,1,0,Running,0,0,0,1,healthy
12,70.3,61.0,0,1,CrashLoopBackOff,0,0,0,2,probe_failure
1,22.0,40.4,1,0,Running,0,0,0,1,healthy
0,4.7,40.4,1,0,Running,0,0,0,0,healthy
0,35.0,45.9,1,0,Running,0,0,0,1,healthy
9,53.6,82.3,0,3,Running,0,0,0,4,crash_loop
2,61.3,80.4,0,98,OOMKilled,3,0,0,2,oom_killed
0,10.4,18.3,0,0,ContainerCreating,0,0,6,0,scheduling_failure
9,77.9,62.1,0,1,CrashLoopBackOff,0,0,0,4,probe_failure
1,30.3,35.3,1,0,Running,0,0,0,1,image_pull_error
2,45.3,61.0,0,0,Error,0,0,0,7,probe_failure
3,38.0,53.7,0,0,Error,0,0,0,5,probe_failure
8,68.7,69.8,0,1,Error,0,0,0,5,probe_failure
3,40.0,85.2,0,88,OOMKilled,4,0,0,2,crash_loop
1,18.6,59.2,1,0,Running,0,0,0,0,healthy
7,64.9,67.5,0,1,CrashLoopBackOff,0,0,0,4,probe_failure
0,3.1,17.7,0,0,Pending,0,0,5,0,scheduling_failure
5,59.7,53.1,0,1,Running,0,0,0,3,crash_loop
2,46.9,54.6,1,2,CrashLoopBackOff,0,0,0,1,crash_loop
3,38.6,93.8,0,135,OOMKilled,4,0,0,1,oom_killed
7,77.9,59.7,0,1,CrashLoopBackOff,0,0,0,5,probe_failure
0,40.6,27.6,1,0,Unknown,0,0,0,1,healthy
0,22.7,29.5,0,0,ErrImagePull,0,4,0,0,image_pull_error
3,52.2,69.0,0,1,Error,0,0,0,3,crash_loop
0,12.8,17.8,0,0,Unschedulable,0,0,7,1,scheduling_failure
0,13.2,26.2,0,0,ErrImagePull,0,4,0,1,image_pull_error
4,42.5,57.3,0,1,Error,0,0,0,8,crash_loop
0,22.4,28.8,1,0,Running,0,0,0,0,healthy
2,59.2,49.7,0,0,Error,0,0,0,6,crash_loop
5,51.7,69.4,0,1,CrashLoopBackOff,0,0,0,1,crash_loop
8,73.7,89.4,0,1,Error,0,0,0,5,crash_loop
3,44.9,74.0,0,1,Error,0,0,0,0,probe_failure
4,58.3,98.4,1,137,OOMKilled,1,0,0,0,oom_killed
3,54.6,52.3,0,0,CrashLoopBackOff,0,0,0,5,probe_failure
0,13.5,39.1,1,0,Running,0,0,0,0,healthy
0,24.1,25.0,1,0,Running,0,0,0,0,healthy
2,8.9,38.5,1,0,Running,0,0,0,0,healthy
0,24.1,45.8,1,0,Running,0,0,0,0,healthy
2,2.5,49.2,0,0,Error,0,0,0,1,probe_failure
0,17.4,6.6,0,0,ImagePullBackOff,0,1,0,1,image_pull_error
5,56.2,73.2,1,0,Error,0,0,0,11,crash_loop
1,41.5,45.1,1,0,Running,0,0,0,0,healthy
0,18.1,45.7,1,0,Running,0,0,0,0,healthy
0,9.2,41.5,1,0,Running,0,0,0,0,healthy
10,85.5,81.0,1,1,CrashLoopBackOff,0,0,0,0,crash_loop
3,67.9,74.9,0,131,Error,4,0,0,2,oom_killed
8,64.4,44.3,1,1,Running,0,0,0,1,image_pull_error
9,79.2,74.0,0,1,CrashLoopBackOff,0,0,0,3,probe_failure
0,25.3,35.2,1,0,Running,0,0,0,0,healthy
3,61.0,63.5,0,135,CrashLoopBackOff,2,0,0,2,oom_killed
0,46.6,40.1,1,0,Running,0,0,0,1,healthy
2,70.5,87.5,0,142,CrashLoopBackOff,1,0,0,2,oom_killed
5,73.5,71.7,0,1,Running,0,0,0,0,crash_loop
1,16.2,36.2,1,0,Unknown,0,0,0,1,healthy
3,49.4,67.0,0,136,OOMKilled,2,0,0,0,oom_killed
0,83.4,78.5,0,3,CrashLoopBackOff,0,0,0,1,crash_loop
3,61.4,76.6,0,141,Error,6,0,0,2,oom_killed
7,74.8,77.7,0,1,CrashLoopBackOff,0,0,0,5,probe_failure
0,12.4,18.3,0,0,Pending,0,6,0,0,image_pull_error
0,38.2,28.1,1,0,Unknown,0,0,0,0,healthy
0,10.7,23.9,1,0,Running,0,0,0,0,healthy
9,64.1,74.7,0,2,Error,0,0,0,3,probe_failure
0,32.0,51.2,0,0,Running,0,0,0,1,healthy
2,68.0,72.4,0,134,Error,3,0,0,4,oom_killed
6,76.6,63.7,0,0,CrashLoopBackOff,0,0,0,4,probe_failure
0,21.2,15.2,1,0,Running,0,0,0,0,healthy
1,60.0,68.5,1,0,Error,0,0,0,5,probe_failure
1,24.9,53.6,1,0,Running,0,0,0,0,healthy
1,44.2,59.2,0,1,CrashLoopBackOff,0,0,0,5,probe_failure
9,67.8,77.2,0,1,CrashLoopBackOff,0,0,0,1,probe_failure
0,10.8,11.4,1,0,Running,0,0,0,0,healthy
1,16.1,4.9,1,0,Running,0,0,0,1,healthy
10,32.8,83.4,0,1,CrashLoopBackOff,0,0,0,0,crash_loop
0,5.0,37.9,1,0,Running,0,0,0,0,healthy
1,39.1,48.4,1,0,Running,0,0,0,0,healthy
10,81.7,70.3,0,3,Error,0,0,0,8,crash_loop
0,13.9,9.6,0,0,ErrImagePull,0,5,0,0,image_pull_error
1,26.9,64.0,1,0,Running,0,0,0,0,healthy
6,43.3,83.4,0,0,CrashLoopBackOff,0,0,0,2,crash_loop
9,78.9,81.8,0,1,CrashLoopBackOff,0,0,0,3,probe_failure
6,78.1,61.3,1,1,Error,0,0,0,2,probe_failure
0,2.0,21.9,0,0,Unschedulable,0,0,7,0,scheduling_failure
9,78.0,78.9,0,1,Error,0,0,0,3,probe_failure
1,0.1,59.3,1,0,Running,0,0,0,0,healthy
2,50.2,49.7,0,0,Error,0,0,0,6,probe_failure
0,6.7,35.4,0,0,ContainerCreating,0,0,3,1,scheduling_failure
0,23.4,62.0,1,0,Running,0,0,0,0,healthy
1,6.2,6.8,0,0,ContainerCreating,0,0,7,0,scheduling_failure
8,44.3,52.7,0,0,CrashLoopBackOff,0,0,0,5,crash_loop
1,11.4,57.3,1,0,Running,0,0,0,0,healthy
1,51.7,87.1,0,96,OOMKilled,3,0,0,0,oom_killed
1,21.2,49.2,1,0,Running,0,0,0,0,healthy
10,76.8,75.0,0,1,CrashLoopBackOff,0,0,0,4,probe_failure
10,76.6,78.3,0,1,Error,0,0,0,4,probe_failure
0,39.9,61.2,0,1,Running,0,0,0,5,probe_failure
7,76.1,78.7,0,1,CrashLoopBackOff,0,0,0,5,probe_failure
7,73.1,78.3,0,1,CrashLoopBackOff,0,0,0,2,probe_failure
6,71.6,79.8,0,2,CrashLoopBackOff,0,0,0,4,probe_failure
0,30.4,39.2,1,0,Running,0,0,0,0,healthy
0,20.9,21.2,0,0,Pending,0,1,0,0,image_pull_error
5,84.1,83.7,0,1,CrashLoopBackOff,0,0,0,5,probe_failure
8,79.0,65.5,0,2,CrashLoopBackOff,0,0,0,3,probe_failure
9,67.2,81.9,0,2,CrashLoopBackOff,0,0,0,3,probe_failure
1,21.4,43.9,1,0,Running,0,0,0,0,healthy
0,1.8,11.6,0,0,ContainerCreating,0,0,6,0,scheduling_failure
10,74.4,65.4,0,1,CrashLoopBackOff,0,0,0,5,probe_failure
6,88.7,73.5,0,2,Error,0,0,0,3,probe_failure
9,83.7,70.8,0,1,CrashLoopBackOff,0,0,0,5,probe_failure
6,83.2,77.4,0,1,CrashLoopBackOff,0,0,0,3,probe_failure
0,5.1,22.5,0,1,ErrImagePull,0,5,0,0,image_pull_error
0,27.4,19.8,1,0,Running,0,0,0,0,healthy
0,10.6,22.9,0,1,Pending,0,4,0,0,image_pull_error
2,63.9,76.0,0,136,CrashLoopBackOff,4,0,0,0,oom_killed
1,24.3,12.8,1,0,Running,0,0,0,0,healthy
0,5.6,17.3,0,0,Pending,0,0,5,0,scheduling_failure
0,17.8,46.7,1,0,Unknown,0,0,0,0,healthy
7,63.1,84.3,0,1,CrashLoopBackOff,0,0,0,3,probe_failure
0,38.1,43.2,1,0,Running,0,0,0,1,healthy
0,16.9,33.3,1,0,Running,0,0,0,0,healthy
0,22.0,34.9,1,0,Running,0,0,0,0,healthy
0,13.5,37.1,1,0,Running,0,0,0,0,healthy
0,15.7,23.2,0,0,ContainerCreating,0,0,4,0,scheduling_failure
7,66.5,68.3,0,1,CrashLoopBackOff,0,0,0,7,probe_failure
11,71.4,54.6,0,1,CrashLoopBackOff,0,0,0,1,probe_failure
0,22.6,42.9,1,0,Unknown,0,0,0,0,healthy
8,86.3,63.5,0,1,Error,0,0,0,5,probe_failure
6,69.7,68.7,0,1,CrashLoopBackOff,0,0,0,5,probe_failure
0,34.1,38.1,1,0,Running,0,0,0,1,healthy
1,31.7,55.0,1,0,Running,0,0,0,0,healthy
1,21.2,31.5,1,0,Running,0,0,0,1,healthy
0,21.3,21.7,1,0,ErrImagePull,0,4,0,0,image_pull_error
0,35.9,40.6,1,0,Running,0,0,0,0,healthy
9,85.8,74.7,0,1,CrashLoopBackOff,0,0,0,2,probe_failure
0,33.8,34.1,1,0,Running,0,0,0,1,healthy
0,12.6,12.5,0,0,Pending,0,0,6,0,scheduling_failure
0,20.1,35.5,1,0,Running,0,0,0,1,healthy
6,76.8,76.7,0,1,CrashLoopBackOff,0,0,0,2,probe_failure
11,80.1,76.4,0,2,CrashLoopBackOff,0,0,0,4,probe_failure
1,2.1,35.4,0,0,Unschedulable,0,0,3,0,scheduling_failure
1,37.5,28.0,1,0,Running,0,0,0,0,healthy
9,76.7,71.5,0,2,Error,0,0,0,2,probe_failure
7,74.8,73.1,0,1,Error,0,0,0,4,probe_failure
1,0.0,34.1,1,0,Running,0,0,0,0,healthy
8,69.6,69.5,0,1,Error,0,0,0,3,probe_failure
8,72.7,59.5,0,1,CrashLoopBackOff,0,0,0,5,probe_failure
10,68.5,62.6,0,2,CrashLoopBackOff,0,0,0,5,crash_loop
7,70.3,70.1,0,1,CrashLoopBackOff,0,0,0,4,probe_failure
0,24.6,30.1,1,0,Unknown,0,0,0,0,oom_killed
2,79.6,64.2,0,1,CrashLoopBackOff,0,0,0,4,crash_loop
1,12.7,36.6,1,0,Running,0,0,0,0,healthy
2,36.6,56.7,0,0,CrashLoopBackOff,0,0,0,3,probe_failure
9,69.8,84.7,0,1,CrashLoopBackOff,0,0,0,3,probe_failure
0,40.7,10.0,0,0,Running,0,0,0,0,healthy
1,28.9,56.3,1,0,Running,0,0,0,0,healthy
10,40.1,33.7,0,1,Error,0,0,0,0,crash_loop
9,95.2,82.1,0,1,CrashLoopBackOff,0,0,0,3,probe_failure
0,14.8,53.7,1,0,Running,0,0,0,0,healthy
8,71.2,66.0,0,2,Error,0,0,0,4,probe_failure
1,22.1,44.2,1,0,Unknown,0,0,0,0,healthy
1,29.5,50.4,1,0,Running,0,0,0,1,healthy
0,42.4,23.5,1,0,Running,0,0,0,0,healthy
0,23.3,39.8,1,0,Running,0,0,0,0,healthy
8,80.7,85.0,0,1,CrashLoopBackOff,0,0,0,5,probe_failure
4,41.5,74.7,1,139,CrashLoopBackOff,2,0,0,1,oom_killed
2,35.1,79.2,0,137,Error,1,0,0,5,oom_killed
7,76.0,71.3,0,1,CrashLoopBackOff,0,0,0,3,probe_failure
11,36.2,36.4,0,1,Running,0,0,0,4,crash_loop
0,29.2,59.6,1,0,Running,0,0,0,0,healthy
6,74.6,63.2,0,1,CrashLoopBackOff,0,0,0,4,probe_failure
1,89.3,62.3,0,0,Running,0,0,0,1,crash_loop
0,36.6,46.5,1,0,Running,0,0,0,0,healthy
2,46.8,57.9,0,0,CrashLoopBackOff,0,0,0,7,probe_failure
0,27.9,32.3,1,0,Running,0,0,0,1,healthy
3,58.6,95.8,1,139,CrashLoopBackOff,5,0,0,2,oom_killed
0,1.1,33.8,1,0,Unknown,0,0,0,0,healthy
0,2.7,18.3,0,0,Unschedulable,0,0,5,1,scheduling_failure
0,19.3,55.3,1,0,Running,0,0,0,0,healthy
1,45.5,55.1,1,0,Running,0,0,0,0,healthy
2,39.1,53.4,1,0,Running,0,0,0,0,healthy
0,15.1,29.2,0,1,ErrImagePull,0,3,0,0,image_pull_error
0,9.8,47.4,1,0,Running,0,0,0,1,healthy
1,35.1,53.1,1,0,Running,0,0,0,0,healthy
1,12.0,33.2,1,0,Running,0,0,0,0,healthy
10,64.6,86.3,0,1,Error,0,0,0,0,crash_loop
0,12.2,7.1,0,0,ContainerCreating,0,0,9,0,scheduling_failure
0,22.7,60.4,1,0,Running,0,0,0,0,healthy
6,72.6,66.0,0,1,CrashLoopBackOff,0,0,0,2,probe_failure
1,6.3,44.5,1,0,Unknown,0,0,0,0,healthy
2,48.4,37.2,0,0,CrashLoopBackOff,0,0,0,7,probe_failure
0,10.8,47.1,0,0,Running,0,0,0,0,healthy
11,78.2,67.8,0,2,Error,0,0,0,4,probe_failure
3,77.9,70.9,0,1,Error,0,0,0,2,crash_loop
3,46.7,53.6,0,1,Running,0,0,0,5,probe_failure
11,69.8,60.0,1,0,Error,0,0,0,1,crash_loop
2,27.7,74.4,0,1,Error,0,0,0,1,probe_failure
9,78.1,91.6,0,1,CrashLoopBackOff,0,0,0,3,probe_failure
0,6.5,14.4,0,0,Pending,0,4,0,0,image_pull_error
0,30.8,41.5,1,0,Running,0,0,0,0,healthy
1,17.1,50.6,1,0,Running,0,0,0,0,healthy
8,80.2,58.3,0,2,CrashLoopBackOff,0,0,0,5,crash_loop
2,30.6,19.1,1,0,Running,0,0,0,1,healthy
0,9.7,21.6,1,0,Running,0,0,0,0,healthy
1,6.3,21.2,0,0,ErrImagePull,0,5,0,1,image_pull_error
0,15.0,28.8,1,0,Running,0,0,0,0,healthy
0,26.2,53.2,1,0,Running,0,0,0,1,healthy
1,24.8,37.5,1,0,Unknown,0,0,0,0,healthy
0,1.4,10.5,0,0,Unschedulable,0,0,5,1,scheduling_failure
3,65.0,79.8,0,133,OOMKilled,1,0,0,2,oom_killed
9,72.5,78.8,0,1,CrashLoopBackOff,0,0,0,4,probe_failure
0,21.9,18.5,0,0,ErrImagePull,0,3,0,0,image_pull_error
0,35.6,31.6,1,0,Unknown,0,0,0,1,healthy
1,9.0,16.8,0,0,ErrImagePull,0,1,0,0,image_pull_error
3,72.0,70.2,0,1,CrashLoopBackOff,0,0,0,8,probe_failure
8,73.0,70.1,0,2,CrashLoopBackOff,0,0,0,5,probe_failure
0,27.2,46.6,1,0,Running,0,0,0,0,healthy
0,32.7,37.1,1,0,Running,0,0,0,0,healthy
0,36.9,44.2,1,0,Running,0,0,0,1,healthy
0,10.3,22.1,0,1,Pending,0,2,0,0,image_pull_error
2,37.2,56.5,1,0,Error,0,0,0,5,probe_failure
0,16.0,11.7,0,0,Pending,0,5,0,0,image_pull_error
1,17.5,48.5,1,0,Running,0,0,0,0,crash_loop
0,34.1,30.0,1,0,Running,0,0,0,0,healthy
7,83.8,64.8,0,2,Error,0,0,0,3,probe_failure
8,79.3,80.4,0,1,CrashLoopBackOff,0,0,0,4,probe_failure
0,10.3,15.9,0,0,Pending,0,4,0,0,image_pull_error
0,22.4,53.7,1,0,Running,0,0,0,1,healthy
0,13.1,8.7,0,0,Unschedulable,0,0,5,0,scheduling_failure
7,62.4,68.8,0,0,Running,0,0,0,4,crash_loop
3,40.8,80.7,1,137,OOMKilled,0,0,0,1,oom_killed
1,30.8,25.3,1,0,Running,0,0,0,0,healthy
1,56.5,81.4,0,137,OOMKilled,3,0,0,2,oom_killed
0,20.8,10.6,0,0,ErrImagePull,0,1,0,0,image_pull_error
0,26.3,36.2,1,0,Unknown,0,0,0,0,healthy
1,40.7,47.7,1,0,Unknown,0,0,0,0,healthy
7,70.9,57.6,0,1,Error,0,0,0,4,probe_failure
9,89.1,75.4,0,0,CrashLoopBackOff,0,0,0,2,crash_loop
0,42.1,26.0,1,0,Unknown,0,0,0,1,healthy
4,44.8,91.5,0,135,OOMKilled,4,0,0,3,oom_killed
0,10.4,41.6,1,0,Running,0,0,0,1,healthy
4,52.7,96.3,0,142,OOMKilled,1,0,0,2,oom_killed
6,72.9,74.4,0,1,CrashLoopBackOff,0,0,0,5,probe_failure
3,61.5,68.2,0,1,CrashLoopBackOff,0,0,0,2,probe_failure
5,49.7,93.6,1,136,Error,4,0,0,1,oom_killed
0,6.2,25.8,1,0,Unknown,0,0,0,0,healthy
0,14.9,24.9,0,0,Unschedulable,0,0,7,1,scheduling_failure
0,1.8,46.3,1,0,Unknown,0,0,0,0,healthy
1,39.7,5.4,1,0,Running,0,0,0,0,healthy
0,27.0,35.8,1,0,Running,0,0,0,0,healthy
10,67.8,78.4,0,1,CrashLoopBackOff,0,0,0,5,probe_failure
0,0.0,33.6,1,0,Running,0,0,0,0,healthy
1,34.1,30.4,1,0,Running,0,0,0,1,healthy
8,75.0,76.7,0,1,Error,0,0,0,4,probe_failure
5,58.9,84.2,0,3,Error,0,0,0,6,crash_loop
10,40.3,57.2,0,1,Error,0,0,0,3,crash_loop
0,35.4,53.3,1,0,Running,0,0,0,1,healthy
3,66.0,96.1,0,133,Error,3,0,0,2,oom_killed
0,16.8,49.4,1,0,Running,0,0,0,0,healthy
1,26.0,4.5,1,0,Unknown,0,0,0,0,healthy
0,6.4,26.7,1,0,Running,0,0,0,0,healthy
8,92.5,57.6,0,1,CrashLoopBackOff,0,0,0,2,probe_failure
5,82.5,70.9,0,1,Error,0,0,0,4,probe_failure
0,11.1,11.0,0,0,ErrImagePull,0,5,0,0,oom_killed
0,20.1,40.7,1,0,Running,0,0,0,0,healthy
0,23.4,26.4,1,0,Unknown,0,0,0,0,healthy
1,38.7,70.5,0,138,Error,2,0,0,1,oom_killed
0,30.0,29.3,1,0,Running,0,0,0,0,healthy
0,22.4,47.4,1,0,Running,0,0,0,0,healthy
0,29.0,37.4,1,0,Unknown,0,0,0,0,healthy
3,76.5,48.9,0,2,Error,0,0,0,2,oom_killed
1,24.3,30.6,1,0,Running,0,0,0,0,healthy
1,51.8,82.6,0,141,Error,0,0,0,2,oom_killed
1,64.6,51.1,0,0,CrashLoopBackOff,0,0,0,6,probe_failure
1,43.3,35.8,1,0,Running,0,0,0,0,healthy
1,15.7,12.5,0,0,ImagePullBackOff,0,8,0,0,image_pull_error
0,44.2,37.6,1,0,Running,0,0,0,0,healthy
0,59.9,98.7,0,141,CrashLoopBackOff,3,0,0,1,oom_killed
1,68.9,87.1,1,85,OOMKilled,2,0,0,2,oom_killed
10,79.0,52.9,0,1,Error,0,0,0,1,probe_failure
0,9.2,15.4,0,1,Pending,0,4,0,1,image_pull_error
0,6.3,16.3,0,0,ErrImagePull,0,3,0,0,image_pull_error
6,81.7,82.3,0,1,Error,0,0,0,4,probe_failure
0,5.2,27.0,0,0,ContainerCreating,0,0,4,0,scheduling_failure
1,40.7,62.0,0,0,CrashLoopBackOff,0,0,0,3,probe_failure
2,66.4,61.1,1,1,Error,0,0,0,7,probe_failure
8,81.6,66.4,0,1,CrashLoopBackOff,0,0,0,3,probe_failure
1,32.8,25.2,1,0,Unknown,0,0,0,0,healthy
8,95.7,70.5,0,3,Error,0,0,0,2,crash_loop
0,17.9,25.4,1,0,Unknown,0,0,0,0,healthy
3,21.0,93.3,1,131,CrashLoopBackOff,5,0,0,3,oom_killed
7,76.9,71.4,0,1,Error,0,0,0,4,probe_failure
0,19.9,39.5,1,0,Running,0,0,0,1,healthy
8,80.2,82.1,0,1,CrashLoopBackOff,0,0,0,4,probe_failure
0,25.4,34.9,1,0,Running,0,0,0,1,healthy
7,87.2,73.9,0,1,Error,0,0,0,5,probe_failure
0,5.3,44.3,1,0,Running,0,0,0,0,healthy
0,11.7,16.1,0,0,ImagePullBackOff,0,5,0,1,image_pull_error
2,42.6,76.1,0,92,OOMKilled,4,0,0,3,oom_killed
1,12.7,44.9,1,0,Running,0,0,0,0,healthy
0,47.1,33.5,1,0,Running,0,0,0,1,healthy
1,32.8,36.8,1,0,Unknown,0,0,0,1,healthy
5,69.4,48.9,0,2,Error,0,0,0,0,crash_loop
0,5.8,4.4,0,0,ContainerCreating,0,0,7,0,scheduling_failure
0,13.5,24.4,0,1,Pending,0,13,0,0,image_pull_error
3,79.0,48.6,0,0,Error,0,0,0,4,probe_failure
3,52.2,99.4,0,136,OOMKilled,4,0,0,1,oom_killed
1,38.4,50.8,0,1,CrashLoopBackOff,0,0,0,5,probe_failure
8,64.3,59.9,0,1,Error,0,0,0,4,probe_failure
9,74.5,70.0,0,1,Error,0,0,0,3,probe_failure
1,48.1,99.7,0,139,CrashLoopBackOff,2,0,0,3,oom_killed
3,36.4,64.1,0,0,Error,0,0,0,5,probe_failure
0,3.1,13.8,0,0,Pending,0,0,4,0,scheduling_failure
0,0.0,34.4,1,0,Running,0,0,0,0,healthy
0,10.8,6.4,0,0,Pending,0,0,7,1,scheduling_failure
14,55.8,65.4,0,1,CrashLoopBackOff,0,0,0,0,crash_loop
0,12.5,12.6,0,0,Pending,0,0,7,0,scheduling_failure
8,87.0,58.3,0,1,CrashLoopBackOff,0,0,0,6,probe_failure
0,60.4,20.0,1,0,Running,0,0,0,0,healthy
0,21.9,46.4,1,0,Running,0,0,0,0,healthy
0,0.0,44.4,1,0,Running,0,0,0,0,healthy
8,70.7,71.4,0,1,Error,0,0,0,5,probe_failure
2,38.7,70.7,0,1,Running,0,0,0,7,probe_failure
1,4.8,13.9,0,0,Unschedulable,0,0,2,1,scheduling_failure
0,7.1,20.1,0,0,Pending,0,5,0,0,image_pull_error
0,56.8,52.4,0,1,Error,0,0,0,6,crash_loop
6,86.0,74.6,0,1,Error,0,0,0,3,probe_failure
7,57.7,76.5,0,1,CrashLoopBackOff,0,0,0,4,probe_failure
10,77.5,58.7,0,1,Error,0,0,0,5,probe_failure
0,4.0,9.9,0,0,ErrImagePull,0,6,0,0,image_pull_error
0,30.3,28.3,1,0,Running,0,0,0,0,healthy
5,78.6,64.2,0,1,CrashLoopBackOff,0,0,0,4,probe_failure
10,82.0,70.7,0,1,CrashLoopBackOff,0,0,0,3,probe_failure
7,30.3,62.2,0,1,Running,0,0,0,2,crash_loop
6,73.6,74.1,0,1,CrashLoopBackOff,0,0,0,4,probe_failure
1,34.5,45.7,1,0,Unknown,0,0,0,0,healthy
3,49.7,43.6,0,1,Running,0,0,0,4,probe_failure
0,14.2,29.6,1,0,Running,0,0,0,1,healthy
8,35.3,67.6,0,0,Error,0,0,0,8,crash_loop
1,7.7,23.5,0,0,ContainerCreating,0,0,6,0,scheduling_failure
0,13.3,26.9,1,0,Running,0,0,0,0,healthy
1,17.2,25.1,1,0,Running,0,0,0,1,healthy
9,78.8,63.2,0,1,CrashLoopBackOff,0,0,0,3,probe_failure
5,26.8,88.0,0,141,OOMKilled,2,0,0,2,oom_killed
1,12.2,26.2,0,0,ContainerCreating,0,0,6,0,scheduling_failure
3,53.1,88.8,0,136,CrashLoopBackOff,5,0,0,2,oom_killed
1,22.6,33.2,1,0,Running,0,0,0,0,healthy
5,83.2,77.7,0,1,CrashLoopBackOff,0,0,0,5,probe_failure
2,44.4,69.1,0,0,CrashLoopBackOff,0,0,0,6,probe_failure
1,43.1,46.7,0,0,Error,0,0,0,2,probe_failure
1,29.6,34.3,1,0,Running,0,0,0,0,healthy
0,25.1,29.8,1,0,Unknown,0,0,0,0,healthy
0,19.4,43.7,1,0,Unknown,0,0,0,0,healthy
0,7.6,40.9,1,0,Running,0,0,0,1,healthy
7,74.2,87.2,0,1,CrashLoopBackOff,0,0,0,5,probe_failure
0,7.5,55.9,0,0,Running,0,0,0,3,probe_failure
0,29.4,47.9,1,0,Running,0,0,0,0,healthy
0,4.6,14.2,0,0,Pending,0,6,0,1,image_pull_error
1,50.3,100.0,0,139,OOMKilled,2,0,0,1,oom_killed
7,48.2,92.7,0,2,CrashLoopBackOff,0,0,0,10,crash_loop
0,34.9,53.6,1,0,Running,0,0,0,0,healthy
1,26.4,46.1,1,0,Unknown,0,0,0,0,healthy
0,26.6,52.8,1,0,Running,0,0,0,0,healthy
3,45.5,62.7,0,1,CrashLoopBackOff,0,0,0,5,probe_failure
9,83.2,70.2,0,1,CrashLoopBackOff,0,0,0,4,probe_failure
0,12.0,11.6,0,0,ImagePullBackOff,0,4,0,0,image_pull_error
8,51.6,76.4,0,1,Error,0,0,0,5,crash_loop
2,12.4,19.4,0,0,Pending,0,0,8,0,scheduling_failure
0,17.0,35.6,1,0,Running,0,0,0,0,healthy
0,12.5,26.4,0,0,ContainerCreating,0,0,5,0,scheduling_failure
0,34.2,29.4,1,0,Running,0,0,0,0,healthy
0,6.8,17.6,0,0,Unschedulable,0,0,6,0,scheduling_failure
0,31.5,50.5,1,0,Unknown,0,0,0,0,healthy
2,64.7,77.8,0,135,Error,2,0,0,0,oom_killed
0,50.0,45.9,1,0,Running,0,0,0,0,healthy
7,61.5,46.3,0,1,Running,0,0,0,7,crash_loop
3,82.8,97.5,1,133,CrashLoopBackOff,3,0,0,0,oom_killed
0,6.5,27.4,0,0,Pending,0,5,0,1,image_pull_error
1,33.3,36.8,1,0,Running,0,0,0,0,healthy
0,31.0,50.8,1,0,Unknown,0,0,0,0,healthy
5,70.8,87.4,0,135,Error,5,0,0,4,oom_killed
0,38.2,18.8,1,0,Running,0,0,0,0,healthy
3,30.4,93.3,0,141,Error,2,0,0,2,oom_killed
0,29.0,54.9,1,0,Running,0,0,0,0,healthy
1,37.3,57.0,1,0,Running,0,0,0,1,healthy
0,24.2,34.6,1,0,Unknown,0,0,0,0,healthy
0,27.0,63.3,1,0,Running,0,0,0,0,healthy
13,35.6,63.0,0,3,Error,0,0,0,0,crash_loop
0,29.8,44.1,1,0,Running,0,0,0,0,healthy
8,66.5,72.7,0,1,CrashLoopBackOff,0,0,0,4,probe_failure
4,57.8,91.4,0,91,CrashLoopBackOff,3,0,0,1,oom_killed
8,73.9,84.9,0,1,CrashLoopBackOff,0,0,0,7,probe_failure
10,79.9,84.7,0,1,CrashLoopBackOff,0,0,0,5,probe_failure
1,46.9,69.1,0,1,Error,0,0,0,11,probe_failure
10,85.6,81.8,0,1,Error,0,0,0,3,probe_failure
9,65.6,75.8,0,1,CrashLoopBackOff,0,0,0,4,probe_failure
0,23.1,50.2,1,0,Running,0,0,0,0,healthy
9,63.2,59.9,0,1,CrashLoopBackOff,0,0,0,5,probe_failure
1,4.3,13.8,0,0,Pending,0,7,0,1,image_pull_error
7,100.0,64.6,0,0,Error,0,0,0,3,crash_loop
0,1.6,10.5,0,0,Pending,0,0,8,0,scheduling_failure
3,52.4,92.7,0,86,CrashLoopBackOff,2,0,0,0,oom_killed
2,43.0,62.6,0,0,Error,0,0,0,2,probe_failure
3,42.7,38.9,1,0,Error,0,0,0,3,probe_failure
3,66.8,55.9,1,1,CrashLoopBackOff,0,0,0,5,probe_failure
0,26.5,34.2,1,0,Unknown,0,0,0,0,healthy
6,68.6,74.9,0,1,CrashLoopBackOff,0,0,0,4,probe_failure
0,45.8,50.5,1,0,Running,0,0,0,0,healthy
8,79.4,70.7,0,1,CrashLoopBackOff,0,0,0,3,probe_failure
0,23.9,17.4,0,0,ContainerCreating,0,0,3,0,scheduling_failure
1,24.5,29.2,1,0,Running,0,0,0,0,healthy
1,17.4,26.0,1,0,Unknown,0,0,0,0,healthy
1,26.9,49.0,0,1,Error,0,0,0,4,probe_failure
7,71.4,68.1,0,1,CrashLoopBackOff,0,0,0,0,crash_loop
0,12.6,38.5,1,0,Running,0,0,0,0,healthy
1,34.0,30.6,0,0,Running,0,0,0,0,healthy
0,5.3,25.3,1,0,Unknown,0,0,0,1,healthy
1,25.9,41.1,1,0,Unknown,0,0,0,0,healthy
0,12.3,17.2,0,0,Unschedulable,0,0,9,0,scheduling_failure
6,85.1,75.8,0,2,CrashLoopBackOff,0,0,0,7,crash_loop
3,55.2,99.1,1,133,CrashLoopBackOff,1,0,0,1,oom_killed
0,37.8,51.1,1,0,Unknown,0,0,0,1,healthy
1,49.9,47.9,0,0,CrashLoopBackOff,0,0,0,6,probe_failure
9,77.8,63.8,0,0,CrashLoopBackOff,0,0,0,2,probe_failure
1,49.7,88.9,0,1,CrashLoopBackOff,0,0,0,6,crash_loop
1,32.4,93.8,0,131,Error,1,0,0,3,oom_killed
9,74.1,72.6,0,1,CrashLoopBackOff,0,0,0,3,probe_failure
1,33.9,60.8,0,1,Error,0,0,0,5,probe_failure
0,23.7,37.9,1,0,Running,0,0,0,0,healthy
0,13.2,45.4,1,0,Running,0,0,0,0,healthy
0,23.2,25.4,1,0,Running,0,0,0,0,healthy
10,66.5,60.3,0,1,Error,0,0,0,2,probe_failure
0,5.1,12.1,0,0,ImagePullBackOff,0,2,0,0,image_pull_error
4,42.6,84.4,0,87,CrashLoopBackOff,1,0,0,2,oom_killed
1,5.2,16.9,0,0,Pending,0,5,0,1,image_pull_error
0,13.0,40.5,1,0,Running,0,0,0,0,healthy
10,73.0,34.5,0,1,CrashLoopBackOff,0,0,0,1,crash_loop
0,4.1,29.5,1,0,Unknown,0,0,0,0,healthy
9,75.9,64.8,0,1,CrashLoopBackOff,0,0,0,7,probe_failure
6,66.4,71.4,0,2,CrashLoopBackOff,0,0,0,4,probe_failure
1,28.8,44.9,1,0,Unknown,0,0,0,0,healthy
3,34.9,91.1,0,135,CrashLoopBackOff,2,0,0,1,oom_killed
0,13.4,16.4,0,0,Pending,0,0,6,0,scheduling_failure
0,44.3,25.1,1,0,Running,0,0,0,0,healthy
8,70.5,73.9,0,1,Error,0,0,0,5,probe_failure
5,83.3,87.0,0,138,Error,1,0,0,0,oom_killed
0,27.8,26.9,1,0,Running,0,0,0,0,healthy
0,20.8,31.0,1,0,Running,0,0,0,0,healthy
1,44.0,93.2,0,87,Error,0,0,0,2,oom_killed
0,47.6,93.1,0,139,Error,5,0,0,1,oom_killed
1,32.2,17.5,1,0,Running,0,0,0,0,healthy
0,5.6,54.8,1,0,Running,0,0,0,0,healthy
2,44.6,60.5,0,0,CrashLoopBackOff,0,0,0,1,probe_failure
0,5.3,52.0,1,0,Running,0,0,0,1,healthy
9,75.2,75.2,0,1,CrashLoopBackOff,0,0,0,4,probe_failure
0,15.5,37.3,1,0,Running,0,0,0,0,healthy
1,5.3,49.5,1,0,Unknown,0,0,0,0,healthy
10,66.3,63.7,0,1,Error,0,0,0,2,probe_failure
7,59.4,68.6,0,1,Running,0,0,0,4,crash_loop
0,35.4,35.1,1,0,Running,0,0,0,1,healthy
0,13.9,14.2,0,0,Unschedulable,0,0,6,0,scheduling_failure
0,11.5,16.7,1,0,Unknown,0,0,0,0,healthy
1,40.8,66.6,1,1,CrashLoopBackOff,0,0,0,2,probe_failure
3,48.3,52.4,0,1,CrashLoopBackOff,0,0,0,7,probe_failure
0,27.9,53.2,1,0,Running,0,0,0,1,healthy
1,9.1,6.9,0,0,Unschedulable,0,0,4,1,scheduling_failure
0,29.7,32.3,1,0,Running,0,0,0,0,healthy
1,39.2,80.7,0,1,CrashLoopBackOff,0,0,0,3,probe_failure
5,68.0,71.9,0,132,OOMKilled,0,0,0,1,oom_killed
8,69.3,55.6,0,1,Error,0,0,0,7,crash_loop
0,25.1,32.8,1,0,Running,0,0,0,0,healthy
1,19.4,78.0,1,0,Running,0,0,0,0,healthy
1,48.6,20.0,1,0,Running,0,0,0,0,healthy
0,51.0,51.7,0,1,Running,0,0,0,9,probe_failure
0,24.1,16.9,1,0,Unknown,0,0,0,1,healthy
1,30.2,39.4,1,0,Unknown,0,0,0,1,healthy
2,21.9,61.0,0,0,Error,0,0,0,5,probe_failure
0,9.5,13.3,0,0,ErrImagePull,0,11,0,0,image_pull_error
1,18.7,29.7,1,0,Running,0,0,0,0,healthy
1,13.4,41.0,1,0,Unknown,0,0,0,0,healthy
6,67.5,77.1,0,140,OOMKilled,1,0,0,2,oom_killed
1,33.8,38.6,1,0,Running,0,0,0,0,healthy
8,86.6,70.2,0,1,CrashLoopBackOff,0,0,0,3,probe_failure
0,18.9,13.7,1,0,Unschedulable,0,0,6,0,scheduling_failure
1,11.9,50.4,1,0,Running,0,0,0,0,healthy
1,23.9,16.9,1,0,Unknown,0,0,0,0,healthy
7,89.6,77.3,0,0,CrashLoopBackOff,0,0,0,5,probe_failure
3,35.7,74.9,0,0,Error,0,0,0,8,probe_failure
0,21.9,47.2,1,0,Running,0,0,0,0,healthy
1,1.5,38.9,1,0,Running,0,0,0,0,healthy
0,30.3,16.3,1,0,Running,0,0,0,0,healthy
1,56.1,57.2,0,0,CrashLoopBackOff,0,0,0,5,probe_failure
7,75.9,64.1,0,1,CrashLoopBackOff,0,0,0,4,probe_failure
0,10.7,15.5,0,0,Pending,0,5,0,0,scheduling_failure
0,12.5,12.2,0,0,Unschedulable,0,0,7,1,scheduling_failure
2,95.7,62.0,0,2,Running,0,0,0,4,crash_loop
0,14.6,52.6,1,0,Running,0,0,0,0,healthy
0,53.5,61.1,0,1,Error,0,0,0,3,crash_loop
0,35.8,54.8,1,0,Running,0,0,0,0,healthy
0,36.8,34.0,1,0,Running,0,0,0,0,healthy
5,67.9,33.9,0,0,Running,0,0,0,5,crash_loop
9,75.0,81.5,0,1,CrashLoopBackOff,0,0,0,3,probe_failure
1,30.2,36.1,1,0,Unknown,0,0,0,0,healthy
0,4.9,22.4,0,0,ImagePullBackOff,0,6,0,0,image_pull_error
0,13.2,16.8,0,0,ImagePullBackOff,0,4,0,0,image_pull_error
9,44.7,75.4,0,1,Error,0,0,0,3,crash_loop
0,30.3,35.6,1,0,Running,0,0,0,0,healthy
1,18.7,52.3,1,0,Running,0,0,0,0,healthy
1,28.3,18.3,1,0,Running,0,0,0,1,healthy
8,75.1,63.8,1,2,Error,0,0,0,4,probe_failure
2,40.6,89.4,0,137,CrashLoopBackOff,4,0,0,2,oom_killed
10,90.7,58.4,0,0,Running,0,0,0,4,crash_loop
1,54.1,55.0,0,1,Error,0,0,0,7,probe_failure
7,84.9,81.1,0,1,CrashLoopBackOff,0,0,0,4,probe_failure
0,17.0,5.2,0,0,Pending,0,0,6,0,scheduling_failure
7,72.2,80.4,0,1,CrashLoopBackOff,0,0,0,5,crash_loop
1,20.1,26.3,1,0,Unknown,0,0,0,1,healthy
9,66.7,74.4,0,2,CrashLoopBackOff,0,0,0,3,probe_failure
1,3.3,30.4,1,0,Running,0,0,0,1,healthy
7,76.6,58.3,0,0,CrashLoopBackOff,0,0,0,5,probe_failure
0,19.3,53.8,1,0,Running,0,0,0,0,healthy
6,68.4,54.1,0,1,CrashLoopBackOff,0,0,0,5,probe_failure
1,42.1,62.0,0,1,Running,0,0,0,3,image_pull_error
1,38.3,71.6,0,1,Running,0,0,0,1,probe_failure
0,18.5,14.1,0,0,Unschedulable,0,0,5,0,scheduling_failure
1,43.9,11.8,1,0,Unknown,0,0,0,1,healthy
4,46.2,65.7,0,0,CrashLoopBackOff,0,0,0,5,probe_failure
5,57.2,93.2,0,133,CrashLoopBackOff,7,0,0,1,oom_killed
9,73.9,68.2,0,1,CrashLoopBackOff,0,0,0,7,probe_failure
0,14.9,56.5,1,0,Running,0,0,0,0,healthy
1,22.9,59.6,1,0,Running,0,0,0,1,healthy
0,13.8,36.7,1,0,Running,0,0,0,1,healthy
10,85.3,75.2,0,1,Error,0,0,0,5,probe_failure
2,37.7,57.1,0,1,Error,0,0,0,8,probe_failure
2,57.3,90.4,0,132,Error,4,0,0,2,oom_killed
0,65.6,84.5,0,141,OOMKilled,1,0,0,0,oom_killed
9,74.4,75.3,0,1,Error,0,0,0,2,probe_failure
0,0.0,13.2,0,0,Unschedulable,0,0,6,0,scheduling_failure
0,8.6,15.0,0,0,ErrImagePull,0,0,0,1,image_pull_error
1,30.1,51.1,1,0,Running,0,0,0,0,healthy
7,68.7,61.5,0,1,Error,0,0,0,3,probe_failure
0,7.0,18.8,0,1,ErrImagePull,0,5,0,0,image_pull_error
12,41.9,74.6,0,1,Error,0,0,0,6,crash_loop
0,1.1,11.7,0,0,ContainerCreating,0,0,6,0,scheduling_failure
2,47.9,77.2,0,140,OOMKilled,4,0,0,2,oom_killed
1,5.5,4.0,0,0,ContainerCreating,0,0,7,0,scheduling_failure
0,25.3,62.3,1,0,Running,0,0,0,0,healthy
0,14.9,34.8,1,0,Running,0,0,0,1,healthy
2,41.4,59.0,0,1,CrashLoopBackOff,0,0,0,1,probe_failure
0,27.5,30.8,1,0,Running,0,0,0,1,healthy
0,28.3,57.1,1,0,Unknown,0,0,0,0,healthy
10,75.9,89.0,0,1,CrashLoopBackOff,0,0,0,4,probe_failure
1,7.6,22.2,1,0,Unknown,0,0,0,0,healthy
1,16.5,21.8,1,0,Running,0,0,0,0,healthy
2,66.2,70.1,0,1,CrashLoopBackOff,0,0,0,6,crash_loop
4,63.3,100.0,0,131,OOMKilled,3,0,0,4,oom_killed
3,43.6,100.0,0,131,Error,3,0,0,1,image_pull_error
4,32.1,100.0,0,135,CrashLoopBackOff,1,0,0,2,oom_killed
0,22.2,41.9,1,0,Running,0,0,0,0,healthy
7,90.7,72.4,0,1,CrashLoopBackOff,0,0,0,5,probe_failure
12,58.5,67.5,0,1,Running,0,0,0,2,crash_loop
1,11.4,26.9,0,0,Unschedulable,0,0,5,0,scheduling_failure
3,40.1,83.4,0,135,OOMKilled,3,0,0,2,oom_killed
0,18.7,36.3,1,0,Running,0,0,0,0,healthy
1,27.2,100.0,0,87,CrashLoopBackOff,3,0,0,2,oom_killed
1,27.3,45.5,1,0,Running,0,0,0,0,healthy
6,84.3,76.3,0,1,CrashLoopBackOff,0,0,0,3,probe_failure
1,21.7,35.4,1,0,Running,0,0,0,0,healthy
1,33.7,43.7,1,0,Running,0,0,0,0,healthy
0,31.7,38.3,1,0,Running,0,0,0,0,healthy
9,74.4,81.1,0,1,CrashLoopBackOff,0,0,0,5,probe_failure
0,4.1,26.0,0,2,Pending,0,6,0,0,image_pull_error
8,58.6,88.3,0,1,CrashLoopBackOff,0,0,0,5,probe_failure
0,23.6,28.3,1,0,Running,0,0,0,0,healthy
1,24.9,7.6,1,0,Running,0,0,0,1,healthy
0,39.8,54.6,1,0,Running,0,0,0,0,healthy
1,48.0,18.3,1,0,Unknown,0,0,0,1,healthy
3,29.5,59.1,0,1,CrashLoopBackOff,0,0,0,0,crash_loop
2,39.6,64.8,0,1,CrashLoopBackOff,0,0,0,5,probe_failure
4,45.5,65.1,1,2,Error,0,0,0,8,crash_loop
0,30.7,56.8,1,0,Running,0,0,0,0,healthy
0,34.6,38.6,1,0,Unknown,0,0,0,0,healthy
0,22.8,11.9,1,0,Running,0,0,0,1,healthy
10,83.4,74.7,0,0,CrashLoopBackOff,0,0,0,2,probe_failure
1,35.4,58.0,0,0,Running,0,0,0,6,probe_failure
0,20.6,18.7,0,0,ImagePullBackOff,0,4,0,0,image_pull_error
1,76.0,69.0,0,1,CrashLoopBackOff,0,0,0,0,crash_loop
1,45.7,31.5,1,0,Running,0,0,0,0,healthy
0,5.4,26.8,0,0,ContainerCreating,0,0,0,0,scheduling_failure
0,0.0,38.2,1,0,Unknown,0,0,0,0,healthy
0,4.8,12.3,0,0,Pending,0,0,4,1,scheduling_failure
3,81.3,68.2,0,1,CrashLoopBackOff,0,0,0,5,crash_loop
0,13.6,9.9,0,1,ImagePullBackOff,0,1,0,0,image_pull_error
8,21.7,74.4,0,1,CrashLoopBackOff,0,0,0,0,crash_loop
9,77.6,73.1,0,1,CrashLoopBackOff,0,0,0,5,probe_failure
7,74.1,75.4,0,1,Error,0,0,0,1,crash_loop
7,79.5,64.2,0,2,CrashLoopBackOff,0,0,0,2,probe_failure
3,31.4,39.1,0,2,CrashLoopBackOff,0,0,0,2,crash_loop
0,39.9,41.7,1,0,Running,0,0,0,0,healthy
4,51.5,84.6,0,143,OOMKilled,3,0,0,3,oom_killed
1,26.4,27.8,0,0,Unknown,0,0,0,1,healthy
0,12.2,18.2,0,0,Pending,0,0,0,0,image_pull_error
1,30.2,47.0,1,0,Unknown,0,0,0,0,healthy
0,10.7,12.8,0,0,ErrImagePull,0,6,0,1,image_pull_error
1,30.3,22.5,1,0,Running,0,0,0,0,healthy
0,61.0,60.6,0,0,Error,0,0,0,7,probe_failure
0,9.1,32.1,1,0,Running,0,0,0,0,healthy
10,71.0,80.9,0,1,CrashLoopBackOff,0,0,0,5,probe_failure
3,49.9,75.5,0,137,OOMKilled,2,0,0,2,oom_killed
8,74.1,73.5,0,1,Error,0,0,0,4,probe_failure
0,21.5,24.0,1,0,Running,0,0,0,0,healthy
7,59.8,83.8,0,0,CrashLoopBackOff,0,0,0,5,crash_loop
2,41.2,49.4,0,1,Error,0,0,0,7,probe_failure
2,27.9,91.6,0,138,Error,4,0,0,2,oom_killed
0,8.0,25.7,0,0,ContainerCreating,0,0,8,0,scheduling_failure
11,74.1,84.0,0,1,CrashLoopBackOff,0,0,0,6,probe_failure
1,23.9,27.8,0,0,ErrImagePull,0,3,0,1,image_pull_error
9,54.4,80.2,1,1,Running,0,0,0,7,crash_loop
0,9.9,13.4,0,0,Pending,0,6,0,1,image_pull_error
0,40.3,37.1,1,0,Running,0,0,0,0,healthy
0,24.8,47.2,1,0,Running,0,0,0,0,healthy
7,63.3,82.8,0,1,CrashLoopBackOff,0,0,0,4,probe_failure
0,21.1,32.9,1,0,Running,0,0,0,0,healthy
9,74.9,70.9,0,1,CrashLoopBackOff,0,0,0,3,probe_failure
0,28.4,41.3,1,0,Unknown,0,0,0,0,healthy
1,23.6,17.6,1,0,Running,0,0,0,0,healthy
1,33.2,13.8,1,0,Running,0,0,0,0,healthy
0,54.2,91.3,0,141,OOMKilled,3,0,0,3,oom_killed
4,46.5,66.1,0,2,CrashLoopBackOff,0,0,0,9,probe_failure
0,44.7,41.9,1,0,Unknown,0,0,0,0,healthy
1,1.0,15.2,0,0,ImagePullBackOff,0,8,0,1,image_pull_error
1,25.4,25.2,1,0,Unknown,0,0,0,0,healthy
11,70.4,79.4,0,1,CrashLoopBackOff,0,0,0,4,probe_failure
0,24.5,37.1,1,0,Unknown,0,0,0,1,healthy
10,74.2,71.7,0,0,Error,0,0,0,3,probe_failure
0,34.1,45.5,1,0,Running,0,0,0,0,healthy
0,18.6,58.4,1,0,Running,0,0,0,1,healthy
4,66.9,74.3,0,1,Error,0,0,0,3,probe_failure
1,26.6,42.9,1,0,Running,0,0,0,0,healthy
4,61.4,76.6,0,87,OOMKilled,0,0,0,2,oom_killed
8,80.0,70.6,0,1,CrashLoopBackOff,0,0,0,4,probe_failure
0,5.0,64.8,1,0,Running,0,0,0,0,healthy
9,81.0,75.6,0,1,CrashLoopBackOff,0,0,0,5,probe_failure
0,30.6,30.4,1,0,Running,0,0,0,1,healthy
0,11.0,25.5,1,0,Running,0,0,0,0,scheduling_failure
7,77.6,74.0,0,1,Error,0,0,0,5,probe_failure
0,18.1,40.2,1,0,Unknown,0,0,0,1,healthy
1,20.4,27.3,1,0,Running,0,0,0,0,healthy
0,8.2,48.1,1,0,Running,0,0,0,0,healthy
5,35.3,59.3,0,1,Running,0,0,0,4,probe_failure
1,34.5,66.9,1,1,CrashLoopBackOff,0,0,0,1,probe_failure
4,72.9,70.2,0,0,Running,0,0,0,4,crash_loop
1,9.6,26.3,0,1,ErrImagePull,0,4,0,0,image_pull_error
0,23.7,25.6,0,0,Pending,0,0,0,1,image_pull_error
4,15.2,56.8,0,1,CrashLoopBackOff,0,0,0,7,crash_loop
2,47.7,47.6,0,1,Running,0,0,0,3,probe_failure
3,55.6,64.1,0,1,CrashLoopBackOff,0,0,0,5,crash_loop
0,19.2,43.0,1,0,Running,0,0,0,0,healthy
0,11.4,15.5,0,0,ContainerCreating,0,0,1,1,scheduling_failure
1,42.1,33.6,1,0,Unknown,0,0,0,0,healthy
0,24.4,12.3,0,0,Unschedulable,0,0,4,1,scheduling_failure
0,13.6,37.0,1,0,Running,0,0,0,1,healthy
3,33.1,58.7,0,0,Running,0,0,0,4,probe_failure
4,28.8,76.4,0,139,CrashLoopBackOff,0,0,0,2,oom_killed
0,17.8,6.0,0,0,Unschedulable,0,0,9,0,scheduling_failure
0,29.6,56.4,1,0,Running,0,0,0,0,healthy
0,43.1,45.9,1,0,Running,0,0,0,0,healthy
0,37.1,56.0,0,0,Unknown,0,0,0,0,healthy
0,37.6,44.2,1,0,Running,0,0,0,7,probe_failure
10,87.1,80.9,0,2,CrashLoopBackOff,0,0,0,4,probe_failure
0,28.1,32.1,1,0,Running,0,0,0,0,healthy
10,67.7,80.2,0,1,Error,0,0,0,3,probe_failure
0,49.5,52.7,0,0,Running,0,0,0,0,healthy
3,66.8,61.1,0,0,Running,0,0,0,11,probe_failure
0,29.3,38.5,1,0,Running,0,0,0,1,healthy
3,58.3,60.4,0,1,CrashLoopBackOff,0,0,0,0,probe_failure
5,89.2,72.5,0,1,Error,0,0,0,4,probe_failure
11,78.0,85.6,0,1,CrashLoopBackOff,0,0,0,4,probe_failure
0,22.5,36.5,1,0,Running,0,0,0,0,healthy
4,31.5,56.1,0,1,Running,0,0,0,3,probe_failure
1,55.1,90.9,1,138,Error,2,0,0,2,oom_killed
6,77.2,76.2,0,1,CrashLoopBackOff,0,0,0,2,probe_failure
3,39.3,70.9,1,1,Running,0,0,0,1,probe_failure
6,80.7,81.9,0,1,Error,0,0,0,4,probe_failure
1,24.3,36.1,1,0,Running,0,0,0,0,healthy
1,9.6,30.1,0,0,Unschedulable,0,0,3,0,scheduling_failure
6,75.5,74.7,0,1,CrashLoopBackOff,0,0,0,4,probe_failure
1,42.7,33.4,1,0,Running,0,0,0,0,healthy
8,84.2,70.7,0,1,Error,0,0,0,4,probe_failure
6,36.7,87.8,0,1,Running,0,0,0,7,crash_loop
6,95.1,70.2,0,1,CrashLoopBackOff,0,0,0,5,probe_failure
0,38.5,37.8,1,0,Running,0,0,0,1,healthy
0,10.3,19.1,0,0,Pending,0,0,10,0,scheduling_failure
0,22.2,26.7,1,0,Running,0,0,0,0,healthy
3,69.0,94.3,0,134,Error,2,0,0,1,oom_killed
1,8.2,10.6,0,0,Pending,0,0,3,0,scheduling_failure
2,66.4,81.8,0,134,CrashLoopBackOff,0,0,0,2,oom_killed
0,0.0,27.3,0,0,ErrImagePull,0,4,0,0,image_pull_error
1,28.8,15.1,1,0,Running,0,0,0,1,healthy
3,37.9,54.7,1,1,CrashLoopBackOff,0,0,0,5,probe_failure
7,73.1,74.7,0,0,CrashLoopBackOff,0,0,0,4,probe_failure
1,47.7,27.9,1,0,Running,0,0,0,0,healthy
8,68.7,79.9,0,2,CrashLoopBackOff,0,0,0,4,probe_failure
0,10.8,19.5,1,0,Running,0,0,0,0,healthy
8,78.5,70.7,0,0,Error,0,0,0,3,probe_failure
1,8.0,14.7,0,0,Unschedulable,0,0,6,0,scheduling_failure
1,41.4,67.5,1,0,Running,0,0,0,1,healthy
10,86.4,84.1,0,1,CrashLoopBackOff,0,0,0,4,probe_failure
0,36.4,28.5,1,0,Running,0,0,0,0,healthy
2,68.2,69.0,0,2,CrashLoopBackOff,0,0,0,5,crash_loop
2,60.5,41.4,0,1,CrashLoopBackOff,0,0,0,5,crash_loop
9,88.5,51.4,0,0,Running,0,0,0,7,crash_loop
1,19.8,35.4,1,0,Running,0,0,0,0,healthy
1,10.8,45.6,1,0,Unknown,0,0,0,0,healthy
0,32.6,27.2,1,0,Running,0,0,0,0,healthy
0,35.4,56.1,1,0,Unknown,0,0,0,0,healthy
9,69.9,77.7,0,1,CrashLoopBackOff,0,0,0,3,probe_failure
2,59.1,80.2,0,138,CrashLoopBackOff,1,0,0,4,oom_killed
0,11.3,40.0,1,0,Running,0,0,0,0,healthy
8,78.7,65.6,0,1,CrashLoopBackOff,0,0,0,1,probe_failure
1,42.7,63.0,1,0,Running,0,0,0,0,healthy
1,34.0,18.7,1,0,Running,0,0,0,0,healthy
3,36.6,96.2,0,143,Error,5,0,0,3,oom_killed
0,2.4,49.6,1,0,Running,0,0,0,0,healthy
0,7.0,4.4,0,1,ImagePullBackOff,0,8,0,0,image_pull_error
0,28.5,26.9,1,0,Running,0,0,0,0,healthy
2,41.9,73.6,0,1,Running,0,0,0,9,probe_failure
9,75.8,56.5,0,1,CrashLoopBackOff,0,0,0,5,probe_failure
10,100.0,57.4,0,0,Running,0,0,0,2,crash_loop
0,24.6,46.0,1,0,Running,0,0,0,0,healthy
0,38.1,43.9,1,0,Unknown,0,0,0,0,healthy
1,6.9,17.0,0,0,Unschedulable,0,0,2,0,scheduling_failure
0,43.7,56.3,0,1,Error,0,0,0,6,probe_failure
4,38.0,61.7,0,1,CrashLoopBackOff,0,0,0,6,probe_failure
1,0.0,29.2,0,0,ErrImagePull,0,7,0,0,image_pull_error
1,16.6,21.2,0,0,ContainerCreating,0,0,8,0,scheduling_failure
5,66.8,84.4,0,136,Error,2,0,0,2,oom_killed
0,45.2,41.7,1,0,Unknown,0,0,0,1,healthy
0,3.2,41.7,1,0,Running,0,0,0,1,healthy
8,76.1,87.5,0,1,Error,0,0,0,3,probe_failure
0,37.4,35.8,1,0,Running,0,0,0,0,healthy
0,17.2,12.3,0,0,Unschedulable,0,0,1,0,scheduling_failure
1,21.5,48.3,1,0,Running,0,0,0,0,image_pull_error
10,73.5,68.0,0,1,Error,0,0,0,4,probe_failure
0,2.4,33.3,1,0,Unknown,0,0,0,0,healthy
8,64.6,77.1,0,2,CrashLoopBackOff,0,0,0,4,probe_failure
8,87.8,71.4,0,1,Error,0,0,0,4,probe_failure
9,80.3,74.6,0,2,CrashLoopBackOff,0,0,0,4,probe_failure
0,15.7,26.7,1,0,Unknown,0,0,0,0,healthy
2,46.5,52.2,0,0,CrashLoopBackOff,0,0,0,5,probe_failure
5,83.1,93.3,0,137,OOMKilled,1,0,0,1,oom_killed
0,0.3,13.3,0,0,ContainerCreating,0,0,6,0,scheduling_failure
0,26.5,55.8,1,0,Running,0,0,0,1,healthy
0,9.0,16.2,0,0,ImagePullBackOff,0,4,0,0,image_pull_error
11,68.6,69.4,0,0,CrashLoopBackOff,0,0,0,4,crash_loop
2,48.9,63.5,0,2,Running,0,0,0,3,probe_failure
9,76.0,62.9,0,1,Error,0,0,0,3,probe_failure
4,44.4,45.1,0,0,Error,0,0,0,2,probe_failure
0,18.4,19.2,0,0,Unschedulable,0,0,6,0,scheduling_failure
2,74.9,39.8,0,2,Error,0,0,0,5,image_pull_error
7,77.4,83.4,0,1,CrashLoopBackOff,0,0,0,4,probe_failure
0,19.5,0.0,0,0,Pending,0,0,4,0,scheduling_failure
0,8.0,16.9,0,0,Unschedulable,0,0,5,1,scheduling_failure
1,10.6,18.7,0,0,ErrImagePull,0,6,0,0,image_pull_error
1,25.5,25.4,1,0,Running,0,0,0,0,healthy
0,26.9,14.2,1,0,Running,0,0,0,0,healthy
8,84.1,88.7,0,0,CrashLoopBackOff,0,0,0,3,probe_failure
0,47.4,54.6,0,1,CrashLoopBackOff,0,0,0,10,crash_loop
5,58.2,61.3,1,0,CrashLoopBackOff,0,0,0,3,crash_loop
7,81.5,71.3,0,1,Error,0,0,0,5,probe_failure
8,28.6,100.0,0,1,CrashLoopBackOff,0,0,0,4,crash_loop
0,30.2,45.7,1,0,Running,0,0,0,0,healthy
0,5.8,3.4,0,0,Pending,0,0,7,0,scheduling_failure
0,11.4,32.9,0,0,Pending,0,7,0,0,image_pull_error
1,17.3,18.2,1,0,Running,0,0,0,0,healthy
0,25.3,46.0,1,0,Running,0,0,0,0,healthy
0,0.0,47.3,1,0,Unknown,0,0,0,0,healthy
0,5.0,17.3,0,0,ContainerCreating,0,0,4,0,scheduling_failure
1,33.8,48.3,1,0,Running,0,0,0,0,healthy
6,46.9,62.2,0,0,Running,0,0,0,6,crash_loop
6,84.4,76.6,1,1,Error,0,0,0,4,probe_failure
0,13.6,22.3,0,0,ContainerCreating,0,0,5,0,scheduling_failure
12,91.0,74.5,0,1,Error,0,0,0,4,probe_failure
0,22.6,23.9,0,1,Pending,0,4,0,0,image_pull_error
1,6.5,13.6,0,0,Pending,0,0,0,0,scheduling_failure
8,53.4,56.5,0,1,Error,0,0,0,7,crash_loop
9,92.9,76.6,0,1,CrashLoopBackOff,0,0,0,4,probe_failure
1,8.9,13.0,0,0,Pending,0,0,7,0,scheduling_failure
8,76.8,67.7,0,1,CrashLoopBackOff,0,0,0,4,probe_failure
2,51.7,99.0,0,140,CrashLoopBackOff,1,0,0,2,oom_killed
9,69.9,74.1,1,0,CrashLoopBackOff,0,0,0,5,probe_failure
9,86.8,77.3,0,1,Error,0,0,0,3,probe_failure
3,46.6,69.5,1,1,Running,0,0,0,2,probe_failure
0,12.3,11.2,0,0,ErrImagePull,0,0,0,1,image_pull_error
0,34.2,39.2,1,0,Running,0,0,0,1,healthy
1,16.9,33.3,1,0,Unknown,0,0,0,0,healthy
8,67.9,73.6,0,1,CrashLoopBackOff,0,0,0,3,probe_failure
4,52.9,69.5,0,140,Error,2,0,0,3,oom_killed
0,20.4,29.2,1,0,Running,0,0,0,0,healthy
9,88.9,62.0,0,2,CrashLoopBackOff,0,0,0,5,crash_loop
6,86.2,81.2,0,1,Error,0,0,0,5,probe_failure
0,9.0,8.3,0,0,Pending,0,0,3,0,scheduling_failure
0,5.4,22.3,0,0,Pending,0,5,0,1,image_pull_error
3,61.3,84.2,0,83,CrashLoopBackOff,1,0,0,0,image_pull_error
1,41.7,49.2,1,0,Running,0,0,0,0,healthy
0,21.9,50.7,1,0,Running,0,0,0,0,healthy
7,38.6,53.0,0,2,CrashLoopBackOff,0,0,0,2,crash_loop
0,16.1,15.9,0,0,Unschedulable,0,0,7,0,scheduling_failure
4,70.5,94.4,0,135,Error,0,0,0,2,oom_killed
1,69.3,89.3,0,1,Error,0,0,0,10,crash_loop
1,12.0,49.6,1,0,Running,0,0,0,0,healthy
2,20.4,92.5,0,95,CrashLoopBackOff,5,0,0,3,oom_killed
10,92.2,60.8,0,1,Error,0,0,0,5,probe_failure
0,28.8,53.1,1,0,Running,0,0,0,0,healthy
0,35.2,26.7,1,0,Running,0,0,0,0,healthy
8,76.2,72.2,0,0,CrashLoopBackOff,0,0,0,6,probe_failure
2,50.2,64.5,1,0,Running,0,0,0,7,probe_failure
2,52.1,47.4,0,2,Error,0,0,0,5,probe_failure
0,40.9,38.8,0,1,Error,0,0,0,6,probe_failure
0,42.0,25.6,1,0,Unknown,0,0,0,0,healthy
9,72.3,62.2,0,1,CrashLoopBackOff,0,0,0,3,probe_failure
2,61.8,94.5,0,138,OOMKilled,1,0,0,0,oom_killed
2,34.1,53.4,0,0,CrashLoopBackOff,0,0,0,7,probe_failure
5,70.5,94.1,0,137,Error,3,0,0,4,oom_killed
0,49.0,37.7,1,0,Running,0,0,0,0,healthy
1,38.2,38.2,0,0,Running,0,0,0,0,healthy
11,69.8,66.2,0,1,CrashLoopBackOff,0,0,0,3,probe_failure
2,27.1,96.8,0,139,OOMKilled,2,0,0,1,oom_killed
6,55.6,87.3,0,135,Error,2,0,0,3,oom_killed
0,73.2,84.4,0,1,Running,0,0,0,4,crash_loop
9,76.5,60.4,0,0,Error,0,0,0,4,crash_loop
1,30.2,55.5,1,0,Running,0,0,0,0,healthy
0,4.0,13.2,0,0,Pending,0,0,7,0,scheduling_failure
2,18.4,16.4,0,0,Unschedulable,0,0,8,0,scheduling_failure
11,58.7,90.6,0,2,Running,0,0,0,0,crash_loop
0,27.8,35.4,1,0,Unknown,0,0,0,0,healthy
1,23.6,27.9,1,0,Running,0,0,0,1,healthy
0,2.9,42.2,1,0,Running,0,0,0,0,healthy
0,13.5,26.5,1,0,Unknown,0,0,0,0,healthy
0,18.5,38.8,1,0,Running,0,0,0,0,healthy
3,48.0,61.6,0,1,Running,0,0,0,8,probe_failure
0,14.6,12.8,0,0,Pending,0,7,0,0,image_pull_error
1,22.8,19.6,0,0,ImagePullBackOff,0,4,0,1,image_pull_error
0,31.8,25.5,1,0,Unknown,0,0,0,0,healthy
2,63.2,66.4,0,0,Running,0,0,0,8,probe_failure
7,55.3,74.3,1,1,Error,0,0,0,3,crash_loop
1,68.2,76.1,0,132,CrashLoopBackOff,2,0,0,3,oom_killed
0,20.8,63.0,1,0,Unknown,0,0,0,0,healthy
1,51.5,55.3,1,0,CrashLoopBackOff,0,0,0,7,probe_failure
1,18.8,7.6,0,0,ErrImagePull,0,9,0,0,image_pull_error
9,70.6,50.2,0,1,Error,0,0,0,1,crash_loop
0,6.3,42.2,1,0,Unknown,0,0,0,0,healthy
2,48.2,64.5,0,0,CrashLoopBackOff,0,0,0,3,probe_failure
3,35.3,65.6,0,0,Running,0,0,0,2,probe_failure
9,75.5,75.2,0,1,CrashLoopBackOff,0,0,0,4,probe_failure
0,24.1,35.7,1,0,Unknown,0,0,0,0,healthy
1,32.2,28.2,1,0,Running,0,0,0,0,healthy
1,35.1,51.5,1,0,Running,0,0,0,0,healthy
0,12.4,31.6,1,0,Running,0,0,0,0,healthy
4,48.4,81.5,0,135,OOMKilled,4,0,0,2,oom_killed
1,3.6,55.9,1,0,Running,0,0,0,0,image_pull_error
0,13.2,22.6,0,1,ErrImagePull,0,0,0,0,image_pull_error
0,18.5,15.3,0,0,ContainerCreating,0,0,5,0,scheduling_failure
0,20.4,22.6,0,0,Unschedulable,0,0,10,0,probe_failure
0,14.8,12.0,0,0,ErrImagePull,0,11,0,0,image_pull_error
11,83.4,66.6,0,1,Error,0,0,0,0,crash_loop
9,80.4,68.2,0,0,CrashLoopBackOff,0,0,0,3,probe_failure
3,62.5,94.6,1,137,Error,4,0,0,2,oom_killed
7,77.1,72.9,0,1,CrashLoopBackOff,0,0,0,5,probe_failure
0,36.9,40.2,1,0,Running,0,0,0,0,healthy
0,50.7,47.8,1,0,Running,0,0,0,0,healthy
0,8.6,12.5,0,0,Pending,0,0,4,0,scheduling_failure
0,45.7,87.7,0,135,Error,2,0,0,2,oom_killed
0,5.9,15.5,0,0,Pending,0,0,7,0,scheduling_failure
0,6.6,18.6,0,0,ContainerCreating,0,0,13,0,scheduling_failure
0,8.1,17.7,0,0,Pending,0,0,8,1,scheduling_failure
3,49.0,83.5,0,139,Error,2,0,0,2,oom_killed
4,56.0,68.3,1,1,CrashLoopBackOff,0,0,0,6,probe_failure
14,66.3,67.0,0,1,Error,0,0,0,9,crash_loop
1,13.4,54.2,1,0,Running,0,0,0,0,healthy
3,52.6,72.2,0,0,Error,0,0,0,6,probe_failure
1,16.9,38.6,1,0,Running,0,0,0,0,healthy
0,29.7,43.3,1,0,Running,0,0,0,0,healthy
9,74.3,49.4,0,2,Error,0,0,0,2,crash_loop
7,76.6,80.6,0,1,CrashLoopBackOff,0,0,0,5,probe_failure
1,34.1,38.8,1,0,Running,0,0,0,0,healthy
0,10.9,20.0,0,0,ErrImagePull,0,5,0,1,image_pull_error
4,65.3,38.8,0,1,Running,0,0,0,0,crash_loop
3,71.8,86.9,0,86,CrashLoopBackOff,1,0,0,2,oom_killed
1,26.6,32.4,0,0,ContainerCreating,0,0,7,0,scheduling_failure
0,31.5,40.8,1,0,Running,0,0,0,0,healthy
5,63.6,87.6,0,137,CrashLoopBackOff,2,0,0,1,oom_killed
2,58.6,47.5,1,1,Error,0,0,0,3,probe_failure
4,84.0,71.5,0,1,CrashLoopBackOff,0,0,0,4,probe_failure
3,54.4,92.7,1,134,CrashLoopBackOff,4,0,0,1,oom_killed
9,77.0,80.4,0,2,CrashLoopBackOff,0,0,0,4,probe_failure
0,4.0,64.5,1,0,Running,0,0,0,1,healthy
8,77.0,77.5,0,2,Error,0,0,0,5,probe_failure
0,9.0,23.9,0,0,Pending,0,0,6,0,scheduling_failure
1,20.3,34.2,1,0,Running,0,0,0,0,healthy
6,85.9,74.4,0,0,CrashLoopBackOff,0,0,0,3,probe_failure
1,12.4,35.8,1,0,Running,0,0,0,0,healthy
0,29.4,30.1,1,0,Unknown,0,0,0,0,healthy
8,97.6,61.3,0,1,CrashLoopBackOff,0,0,0,6,crash_loop
6,56.9,43.5,0,0,Error,0,0,0,5,crash_loop
0,13.9,19.3,0,0,Pending,0,6,0,0,image_pull_error
4,32.5,91.5,0,137,CrashLoopBackOff,0,0,0,0,oom_killed
8,82.7,60.7,0,1,CrashLoopBackOff,0,0,0,5,probe_failure
0,5.2,20.8,0,0,Pending,0,0,4,0,scheduling_failure
1,34.4,67.3,0,0,Running,0,0,0,0,healthy
0,13.6,37.4,1,0,Unknown,0,0,0,0,healthy
0,17.7,22.6,0,0,ErrImagePull,0,6,0,1,image_pull_error
1,60.3,58.2,0,0,CrashLoopBackOff,0,0,0,0,probe_failure
4,35.6,86.6,0,137,Error,0,0,0,2,oom_killed
3,50.6,61.1,0,0,Error,0,0,0,1,probe_failure
0,28.4,63.0,1,0,Running,0,0,0,0,healthy
2,59.6,61.6,0,1,Error,0,0,0,2,probe_failure
0,36.0,58.4,1,0,Running,0,0,0,0,healthy
4,56.5,80.0,0,1,Running,0,0,0,0,crash_loop
7,73.0,69.0,0,1,CrashLoopBackOff,0,0,0,3,probe_failure
0,55.2,31.5,1,0,Unknown,0,0,0,0,healthy
0,6.0,25.9,0,0,ContainerCreating,0,0,6,0,scheduling_failure
11,77.5,65.7,0,0,CrashLoopBackOff,0,0,0,3,probe_failure
0,35.1,51.0,1,0,Running,0,0,0,0,healthy
0,17.0,49.1,1,0,Running,0,0,0,0,healthy
0,63.4,81.8,0,140,Error,2,0,0,1,oom_killed
2,52.4,54.2,0,0,Error,0,0,0,4,probe_failure
11,87.8,78.8,0,1,CrashLoopBackOff,0,0,0,6,probe_failure
2,31.9,67.3,0,0,Error,0,0,0,8,probe_failure
4,55.0,78.4,0,1,Error,0,0,0,4,crash_loop
7,63.6,74.9,0,0,Error,0,0,0,9,crash_loop
9,69.9,77.3,0,1,Error,0,0,0,6,probe_failure
0,7.2,2.2,0,0,ContainerCreating,0,0,3,0,scheduling_failure
0,25.6,45.8,1,0,Unknown,0,0,0,0,healthy
0,14.4,43.6,1,0,Running,0,0,0,0,healthy
0,16.4,26.5,1,0,Running,0,0,0,1,healthy
0,14.4,25.0,1,0,Unknown,0,0,0,0,healthy
2,45.6,76.6,0,1,CrashLoopBackOff,0,0,0,7,probe_failure
0,0.0,15.7,0,0,Unschedulable,0,0,8,0,scheduling_failure
7,70.0,80.5,0,0,CrashLoopBackOff,0,0,0,4,probe_failure
1,18.5,37.1,1,0,Running,0,0,0,0,healthy
0,23.3,32.1,1,0,Running,0,0,0,1,healthy
1,26.9,56.9,1,0,Running,0,0,0,0,healthy
0,8.4,19.9,0,0,Unschedulable,0,0,8,0,scheduling_failure
10,76.4,69.6,0,2,CrashLoopBackOff,0,0,0,2,probe_failure
5,52.5,71.4,0,140,OOMKilled,2,0,0,3,oom_killed
1,14.2,27.6,0,0,ErrImagePull,0,5,0,0,image_pull_error
0,12.2,43.2,1,0,Running,0,0,0,0,healthy
1,28.3,36.1,1,0,Running,0,0,0,0,healthy
5,78.6,60.0,0,1,CrashLoopBackOff,0,0,0,2,probe_failure
8,71.6,79.2,0,1,CrashLoopBackOff,0,0,0,4,probe_failure
8,57.5,63.8,0,1,Running,0,0,0,6,crash_loop
0,30.9,38.8,1,0,Unknown,0,0,0,0,healthy
3,58.7,83.8,0,0,CrashLoopBackOff,0,0,0,9,probe_failure
0,33.0,40.0,1,0,Running,0,0,0,0,healthy
1,25.0,44.6,1,0,Unknown,0,0,0,0,healthy
1,9.5,53.1,1,0,Running,0,0,0,0,healthy
0,12.3,34.1,1,0,Unknown,0,0,0,0,healthy
0,12.5,26.3,0,0,ContainerCreating,0,0,6,0,scheduling_failure
11,72.4,100.0,1,0,CrashLoopBackOff,0,0,0,9,crash_loop
0,63.0,58.7,0,140,OOMKilled,5,0,0,1,oom_killed
0,13.8,9.8,0,0,Unschedulable,0,0,5,1,scheduling_failure
12,68.8,75.8,0,1,Error,0,0,0,0,probe_failure
0,12.3,12.9,0,0,Pending,0,7,0,0,image_pull_error
0,19.7,46.7,1,0,Running,0,0,0,0,healthy
0,5.3,63.7,1,0,Unknown,0,0,0,0,healthy
9,80.3,69.3,0,1,Error,0,0,0,4,probe_failure
0,29.7,36.1,1,0,Running,0,0,0,0,healthy
0,12.9,21.4,0,0,Unschedulable,0,0,7,0,scheduling_failure
9,63.1,80.5,0,2,CrashLoopBackOff,0,0,0,2,probe_failure
0,25.8,25.0,1,0,Running,0,0,0,1,healthy
0,23.6,14.8,0,0,Pending,0,0,7,0,scheduling_failure
1,24.7,23.0,1,0,Running,0,0,0,1,healthy
1,27.2,25.0,1,0,Running,0,0,0,0,healthy
1,7.5,45.5,1,0,Running,0,0,0,1,healthy
1,27.6,64.9,0,1,Error,0,0,0,5,probe_failure
2,33.4,70.6,0,0,Running,0,0,0,1,probe_failure
0,24.0,47.9,1,0,Running,0,0,0,1,healthy
2,52.3,64.4,0,0,Error,0,0,0,3,probe_failure
3,51.0,64.9,0,0,Running,0,0,0,3,probe_failure
0,25.1,53.6,0,0,Running,0,0,0,0,healthy
1,6.4,12.9,0,0,ContainerCreating,0,0,3,0,scheduling_failure
0,19.6,31.8,1,0,Running,0,0,0,1,healthy
0,11.2,19.7,0,0,Pending,0,0,6,0,scheduling_failure
0,21.8,54.7,1,0,Running,0,0,0,0,healthy
12,74.3,71.7,0,1,CrashLoopBackOff,0,0,0,3,probe_failure
6,43.5,79.5,0,0,Running,0,0,0,7,crash_loop
8,87.3,67.2,0,1,CrashLoopBackOff,0,0,0,3,probe_failure
0,31.5,28.8,1,0,Running,0,0,0,0,healthy
4,72.0,69.2,0,2,Error,0,0,0,2,crash_loop
1,11.3,51.5,1,0,Running,0,0,0,1,healthy
0,17.7,38.3,1,0,Running,0,0,0,0,healthy
1,15.7,21.5,1,0,Unknown,0,0,0,0,healthy
5,36.8,41.7,0,0,Running,0,0,0,0,crash_loop
3,53.0,51.0,0,1,Error,0,0,0,8,crash_loop
0,15.5,16.0,0,0,ContainerCreating,0,0,7,0,scheduling_failure
2,26.7,86.5,0,135,CrashLoopBackOff,1,0,0,3,oom_killed
0,5.0,5.2,0,0,ImagePullBackOff,0,7,0,1,image_pull_error
0,35.9,39.1,1,0,Running,0,0,0,0,healthy
0,10.9,18.4,0,0,ErrImagePull,0,6,0,1,image_pull_error
8,75.0,82.8,0,1,Error,0,0,0,5,crash_loop
1,37.9,26.8,1,0,Unknown,0,0,0,0,healthy
0,4.5,22.5,0,0,Unschedulable,0,0,5,0,scheduling_failure
7,80.3,78.4,0,1,CrashLoopBackOff,0,0,0,5,probe_failure
0,35.0,62.3,1,0,Running,0,0,0,1,healthy
1,12.9,17.3,0,0,ContainerCreating,0,0,2,0,scheduling_failure
3,25.1,37.9,0,0,CrashLoopBackOff,0,0,0,3,probe_failure
3,50.4,100.0,0,91,OOMKilled,1,0,0,3,oom_killed
1,23.3,58.3,1,0,Running,0,0,0,0,healthy
5,82.8,75.6,0,1,CrashLoopBackOff,0,0,0,3,probe_failure
13,64.3,35.6,0,1,Error,0,0,0,5,crash_loop
1,36.8,90.5,1,141,CrashLoopBackOff,1,0,0,4,oom_killed
0,13.2,23.8,1,0,Running,0,0,0,0,healthy
5,68.3,61.5,0,1,CrashLoopBackOff,0,0,0,4,probe_failure
0,3.6,14.4,0,0,ContainerCreating,0,0,9,0,scheduling_failure
11,87.9,68.6,0,0,CrashLoopBackOff,0,0,0,3,probe_failure
0,12.9,20.5,1,0,Running,0,0,0,0,healthy
1,42.6,32.2,1,1,CrashLoopBackOff,0,0,0,4,probe_failure
1,47.7,32.9,1,0,Unknown,0,0,0,0,healthy
1,51.0,60.2,0,1,Error,0,0,0,7,probe_failure
0,42.6,48.3,1,0,Unknown,0,0,0,0,healthy
1,15.4,34.6,1,0,Running,0,0,0,0,healthy
0,10.0,16.5,1,0,Running,0,0,0,0,healthy
0,69.6,72.8,0,4,Error,0,0,0,8,crash_loop
2,60.5,60.2,0,1,Running,0,0,0,3,probe_failure
1,19.8,30.5,1,0,Running,0,0,0,1,healthy
8,75.7,72.4,0,1,CrashLoopBackOff,0,0,0,4,probe_failure
0,16.6,32.9,1,0,Running,0,0,0,0,image_pull_error
0,26.4,58.6,1,0,Running,0,0,0,0,healthy
0,88.6,52.7,0,0,Running,0,0,0,4,crash_loop
0,5.2,18.8,0,0,Pending,0,6,0,0,image_pull_error
0,7.3,37.8,1,0,Running,0,0,0,0,healthy
9,72.7,80.1,0,1,CrashLoopBackOff,0,0,0,3,probe_failure
1,35.7,53.4,0,0,CrashLoopBackOff,0,0,0,5,probe_failure
0,28.6,53.3,1,0,Unknown,0,0,0,0,healthy
3,65.2,100.0,0,139,Error,5,0,0,1,oom_killed
4,68.5,99.7,0,137,OOMKilled,4,0,0,4,oom_killed
10,75.2,63.6,0,1,Error,0,0,0,6,probe_failure
2,55.9,93.9,0,134,OOMKilled,1,0,0,0,oom_killed
0,27.2,45.7,1,0,Unknown,0,0,0,0,healthy
0,10.3,21.1,0,0,Pending,0,0,7,1,scheduling_failure
0,3.9,4.8,0,0,ContainerCreating,0,0,5,0,scheduling_failure
2,51.3,44.0,0,0,Error,0,0,0,6,probe_failure
11,42.8,40.6,0,1,Running,0,0,0,2,crash_loop
0,28.3,42.0,1,0,Running,0,0,0,1,healthy
0,21.6,44.0,1,0,Running,0,0,0,1,healthy
3,51.5,72.9,0,1,Error,0,0,0,6,probe_failure
1,18.5,56.5,1,0,Unknown,0,0,0,0,healthy
0,7.3,23.3,0,0,ErrImagePull,0,7,0,1,image_pull_error
7,84.1,62.3,0,1,CrashLoopBackOff,0,0,0,3,probe_failure
3,51.6,92.6,0,137,CrashLoopBackOff,4,0,0,2,oom_killed
1,15.4,14.2,0,0,Unschedulable,0,0,3,0,scheduling_failure
0,13.2,53.8,1,0,Running,0,0,0,1,healthy
7,92.2,94.2,0,2,Running,0,0,0,5,crash_loop
4,24.0,100.0,0,136,CrashLoopBackOff,3,0,0,2,oom_killed
1,19.9,51.0,1,0,Running,0,0,0,0,healthy
10,71.8,79.1,0,1,CrashLoopBackOff,0,0,0,3,probe_failure
0,35.3,35.4,1,0,Running,0,0,0,0,healthy
1,17.5,22.8,0,0,ErrImagePull,0,2,0,0,image_pull_error
3,65.6,86.8,1,137,CrashLoopBackOff,5,0,0,2,oom_killed
1,1.2,15.0,0,0,ContainerCreating,0,0,5,0,scheduling_failure
0,15.0,58.2,1,0,Running,0,0,0,0,healthy
0,13.7,22.3,0,0,Pending,0,7,0,0,image_pull_error
2,29.4,75.3,0,140,OOMKilled,3,0,0,2,oom_killed
0,13.5,14.8,0,0,ErrImagePull,0,5,0,1,probe_failure
10,86.4,54.7,0,1,CrashLoopBackOff,0,0,0,2,probe_failure
1,10.6,49.3,1,0,Unknown,0,0,0,0,healthy
3,54.5,100.0,0,137,Error,1,0,0,1,oom_killed
0,15.4,35.8,0,0,ContainerCreating,0,0,6,0,scheduling_failure
2,75.1,84.6,0,136,CrashLoopBackOff,6,0,0,2,oom_killed
1,8.1,15.1,0,0,Unschedulable,0,0,6,0,scheduling_failure
9,81.6,75.4,0,2,Running,0,0,0,7,crash_loop
0,8.3,7.5,0,1,Pending,0,3,0,0,image_pull_error
0,1.2,34.4,1,0,Running,0,0,0,1,healthy
9,50.1,87.3,0,0,Error,0,0,0,10,crash_loop
10,64.5,72.8,1,2,CrashLoopBackOff,0,0,0,4,probe_failure
2,45.2,81.5,0,0,CrashLoopBackOff,0,0,0,4,probe_failure
9,71.3,87.3,0,0,CrashLoopBackOff,0,0,0,6,probe_failure
7,79.2,78.1,0,1,CrashLoopBackOff,0,0,0,3,probe_failure
8,75.6,77.0,0,1,CrashLoopBackOff,0,0,0,3,probe_failure
7,82.1,68.5,0,1,Error,0,0,0,5,probe_failure
7,80.9,77.7,0,1,CrashLoopBackOff,0,0,0,4,probe_failure
5,80.6,78.0,0,1,CrashLoopBackOff,0,0,0,4,probe_failure
1,37.4,49.0,0,0,Running,0,0,0,0,healthy
2,29.1,76.9,0,1,Error,0,0,0,9,probe_failure
6,69.4,76.1,0,0,CrashLoopBackOff,0,0,0,4,probe_failure
0,13.0,37.6,1,0,Running,0,0,0,0,healthy
1,41.7,58.5,0,1,CrashLoopBackOff,0,0,0,3,crash_loop
10,83.2,86.4,0,1,CrashLoopBackOff,0,0,0,6,probe_failure
5,76.9,74.1,0,1,Error,0,0,0,4,probe_failure
1,22.9,50.5,1,0,Unknown,0,0,0,0,healthy
1,11.6,12.5,0,0,ContainerCreating,0,0,6,0,scheduling_failure
3,73.0,69.9,0,1,CrashLoopBackOff,0,0,0,5,crash_loop
0,15.8,12.7,0,0,ContainerCreating,0,0,3,1,scheduling_failure
0,23.6,37.1,1,0,Running,0,0,0,0,healthy
0,8.8,14.4,0,0,Unschedulable,0,0,9,0,scheduling_failure
5,60.2,76.0,0,137,CrashLoopBackOff,3,0,0,1,oom_killed
3,49.8,93.1,1,141,CrashLoopBackOff,1,0,0,1,oom_killed
6,81.4,63.3,0,0,Running,0,0,0,7,crash_loop
1,20.4,28.3,0,0,Running,0,0,0,0,healthy
0,64.5,67.5,0,1,Error,0,0,0,8,probe_failure
3,77.9,69.4,1,0,Running,0,0,0,4,crash_loop
8,59.0,52.6,0,0,CrashLoopBackOff,0,0,0,6,crash_loop
0,35.7,46.0,1,0,Running,0,0,0,0,healthy
0,59.8,23.8,1,0,CrashLoopBackOff,0,0,0,0,probe_failure
4,65.3,80.5,0,1,Error,0,0,0,6,probe_failure
12,80.3,87.0,0,1,Error,0,0,0,7,probe_failure
0,26.4,35.8,1,0,Running,0,0,0,0,healthy
9,87.4,65.1,0,1,Running,0,0,0,4,crash_loop
1,23.6,31.2,1,0,Unknown,0,0,0,0,healthy
5,74.8,55.3,0,0,CrashLoopBackOff,0,0,0,3,crash_loop
0,39.5,50.1,1,0,Unknown,0,0,0,0,healthy
1,14.0,25.0,0,0,ErrImagePull,0,7,0,0,image_pull_error
0,15.1,38.7,1,0,Running,0,0,0,0,healthy
2,29.4,56.9,1,0,Running,0,0,0,3,probe_failure
3,53.4,45.2,0,0,Error,0,0,0,4,probe_failure
0,31.4,34.0,1,0,Running,0,0,0,1,healthy
8,80.1,71.8,0,1,CrashLoopBackOff,0,0,0,5,probe_failure
3,39.7,60.5,0,1,CrashLoopBackOff,0,0,0,1,probe_failure
2,50.2,90.0,0,86,OOMKilled,2,0,0,2,oom_killed
0,0.6,38.5,1,0,Running,0,0,0,0,healthy
0,0.2,28.8,1,0,Running,0,0,0,0,healthy
0,5.0,41.0,0,0,Running,0,0,0,0,healthy
1,37.9,36.6,0,2,Error,0,0,0,4,scheduling_failure
1,17.1,29.0,1,0,Running,0,0,0,0,healthy
6,77.6,63.3,0,2,CrashLoopBackOff,0,0,0,3,probe_failure
0,8.9,14.7,0,0,Pending,0,1,0,1,image_pull_error
9,83.7,76.9,0,2,CrashLoopBackOff,0,0,0,6,probe_failure
9,77.2,65.8,0,1,Error,0,0,0,4,probe_failure
1,44.1,39.0,1,0,Running,0,0,0,0,healthy
3,42.8,94.2,0,142,OOMKilled,5,0,0,0,oom_killed
0,27.5,58.2,1,0,Running,0,0,0,0,healthy
0,7.3,19.7,0,0,ContainerCreating,0,0,9,1,scheduling_failure
3,56.7,100.0,0,140,OOMKilled,3,0,0,4,oom_killed
1,17.0,5.1,0,0,Pending,0,4,0,1,image_pull_error
0,37.1,41.7,1,0,Unknown,0,0,0,0,healthy
0,53.6,65.8,0,1,Running,0,0,0,0,probe_failure
0,28.5,24.9,1,0,Running,0,0,0,1,healthy
1,39.6,6.8,1,0,Unknown,0,0,0,0,healthy
3,58.1,54.3,0,0,Error,0,0,0,3,probe_failure
0,24.4,47.3,1,0,Unknown,0,0,0,0,healthy
0,17.2,22.3,1,0,Unknown,0,0,0,0,healthy
6,54.9,93.4,0,135,OOMKilled,2,0,0,1,oom_killed
7,67.8,78.1,0,1,CrashLoopBackOff,0,0,0,4,probe_failure
13,69.3,78.8,0,3,CrashLoopBackOff,0,0,0,7,crash_loop
0,46.3,52.6,1,0,Running,0,0,0,0,healthy
9,56.0,68.3,0,0,Running,0,0,0,1,crash_loop
5,79.8,98.7,0,0,Running,0,0,0,5,crash_loop
6,75.9,75.3,0,0,Error,0,0,0,5,probe_failure
3,72.8,81.9,0,141,CrashLoopBackOff,2,0,0,3,oom_killed
1,9.5,20.0,0,0,Unschedulable,0,0,6,0,scheduling_failure
8,85.0,51.1,0,0,Running,0,0,0,3,crash_loop
6,92.8,59.6,0,2,CrashLoopBackOff,0,0,0,4,probe_failure
1,79.9,89.5,0,0,CrashLoopBackOff,0,0,0,5,probe_failure
0,21.6,45.6,1,0,Running,0,0,0,1,healthy
0,8.0,24.4,0,1,ImagePullBackOff,0,3,0,0,image_pull_error
0,21.5,24.4,0,0,Unschedulable,0,0,6,0,scheduling_failure
1,18.1,7.1,0,0,ContainerCreating,0,0,8,0,scheduling_failure
8,80.8,63.6,0,1,CrashLoopBackOff,0,0,0,3,probe_failure
8,83.1,71.1,0,2,Error,0,0,0,5,probe_failure
1,12.8,40.4,1,0,Unknown,0,0,0,0,healthy
0,13.4,14.8,0,0,Pending,0,0,4,1,scheduling_failure
0,7.1,22.2,0,0,ContainerCreating,0,0,7,0,scheduling_failure
0,42.8,28.1,1,0,Running,0,0,0,1,healthy
1,46.5,32.7,1,0,Unknown,0,0,0,0,healthy
0,8.4,28.7,0,0,Unschedulable,0,0,5,0,scheduling_failure
11,70.2,68.6,0,1,CrashLoopBackOff,0,0,0,3,crash_loop
2,52.1,56.2,0,1,Running,0,0,0,3,probe_failure
3,45.5,91.2,0,91,OOMKilled,4,0,0,3,oom_killed
1,61.0,57.7,0,1,Running,0,0,0,7,crash_loop
9,87.2,77.5,0,1,CrashLoopBackOff,0,0,0,5,probe_failure
0,24.4,34.1,1,0,Running,0,0,0,0,healthy
0,18.7,43.4,0,0,Running,0,0,0,0,healthy
10,94.5,73.0,0,1,CrashLoopBackOff,0,0,0,4,probe_failure
2,59.9,40.6,0,1,CrashLoopBackOff,0,0,0,7,probe_failure
6,55.3,70.7,0,1,CrashLoopBackOff,0,0,0,1,crash_loop
0,25.7,20.4,0,0,Running,0,0,0,0,healthy
0,57.6,28.6,1,0,Unknown,0,0,0,1,healthy
0,48.2,82.8,0,137,Error,3,0,0,2,oom_killed
0,23.5,43.0,0,0,Running,0,0,0,1,image_pull_error
0,50.6,70.0,0,132,Error,1,0,0,1,oom_killed
0,18.0,18.9,1,0,Running,0,0,0,1,healthy
11,73.6,89.2,0,0,Running,0,0,0,4,crash_loop
2,40.1,53.5,0,0,Error,0,0,0,6,probe_failure
1,46.9,12.4,1,0,Running,0,0,0,0,healthy
3,57.4,84.8,0,133,CrashLoopBackOff,3,0,0,2,oom_killed
1,8.9,18.0,0,0,ContainerCreating,0,0,5,0,scheduling_failure
1,20.5,52.7,1,0,Running,0,0,0,0,healthy
0,17.8,16.4,0,1,ErrImagePull,0,4,0,0,image_pull_error
0,24.4,36.1,1,0,Unknown,0,0,0,1,healthy
11,26.8,39.9,0,0,Error,0,0,0,3,crash_loop
2,64.0,96.1,0,138,Error,4,0,0,1,oom_killed
7,75.4,77.4,0,2,Error,0,0,0,3,probe_failure
0,14.2,32.8,1,0,Running,0,0,0,0,healthy
0,37.8,52.4,1,0,Running,0,0,0,0,healthy
8,70.8,64.4,0,0,CrashLoopBackOff,0,0,0,5,probe_failure
0,29.1,55.5,1,0,Unknown,0,0,0,0,healthy
0,1.1,11.3,0,0,ContainerCreating,0,0,4,0,scheduling_failure
0,27.8,28.1,1,0,Running,0,0,0,0,healthy
0,26.7,45.6,1,0,Running,0,0,0,0,healthy
3,31.4,90.4,0,138,CrashLoopBackOff,3,0,0,4,oom_killed
0,6.3,29.4,0,0,Pending,0,0,7,0,scheduling_failure
0,0.0,7.7,0,0,ContainerCreating,0,0,6,1,scheduling_failure
0,33.1,46.1,1,0,Unknown,0,0,0,0,healthy
10,78.0,92.4,0,1,Error,0,0,0,3,probe_failure
5,72.1,71.3,0,1,CrashLoopBackOff,0,0,0,2,probe_failure
8,47.3,52.6,0,0,Running,0,0,0,9,crash_loop
1,34.8,26.1,1,0,Running,0,0,0,0,healthy
0,37.8,11.8,1,0,Unknown,0,0,0,0,healthy
0,39.6,56.0,1,0,Unknown,0,0,0,0,healthy
0,39.5,26.0,1,0,Unknown,0,0,0,1,healthy
0,21.3,60.4,1,0,Running,0,0,0,1,healthy
5,32.7,76.9,0,131,CrashLoopBackOff,2,0,0,1,oom_killed
9,77.5,66.3,0,1,CrashLoopBackOff,0,0,0,4,probe_failure
7,86.8,77.0,0,1,CrashLoopBackOff,0,0,0,2,probe_failure
0,25.8,51.1,1,0,Unknown,0,0,0,0,healthy
1,0.1,5.6,0,0,Pending,0,0,6,0,scheduling_failure
1,12.4,58.2,1,0,Running,0,0,0,1,healthy
0,1.3,8.9,0,0,ContainerCreating,0,0,7,0,scheduling_failure
8,75.7,71.5,0,2,CrashLoopBackOff,0,0,0,6,probe_failure
4,34.9,59.3,0,0,Running,0,0,0,7,probe_failure
0,19.9,56.8,1,0,Running,0,0,0,0,healthy
0,40.7,69.0,1,1,Error,0,0,0,6,probe_failure
6,53.6,100.0,0,144,OOMKilled,4,0,0,2,oom_killed
0,17.2,20.7,0,1,ErrImagePull,0,7,0,0,image_pull_error
7,88.2,39.3,0,1,Error,0,0,0,4,crash_loop
1,43.9,12.1,0,0,CrashLoopBackOff,0,0,0,4,probe_failure
1,37.4,59.0,1,0,Running,0,0,0,1,healthy
10,79.8,66.8,0,1,CrashLoopBackOff,0,0,0,3,probe_failure
4,40.8,100.0,0,137,OOMKilled,2,0,0,1,oom_killed
4,82.8,67.0,0,1,Error,0,0,0,2,probe_failure
3,49.8,89.1,0,82,OOMKilled,2,0,0,5,oom_killed
1,33.1,35.6,1,0,Unknown,0,0,0,1,healthy
1,18.4,35.8,1,0,Running,0,0,0,0,healthy
0,53.8,89.7,0,90,Error,4,0,0,3,oom_killed
1,37.1,51.6,1,0,Running,0,0,0,0,healthy
1,19.7,55.3,1,0,Running,0,0,0,0,healthy
0,8.5,1.9,0,0,Pending,0,0,5,0,scheduling_failure
1,11.1,40.7,1,0,Running,0,0,0,0,healthy
1,46.2,74.3,0,2,Running,0,0,0,2,probe_failure
9,96.2,61.2,0,2,CrashLoopBackOff,0,0,0,1,crash_loop
8,81.3,65.5,0,2,Error,0,0,0,5,probe_failure
0,5.5,9.6,0,0,ErrImagePull,0,6,0,1,image_pull_error
3,61.0,49.2,0,2,CrashLoopBackOff,0,0,0,0,healthy
0,32.7,30.1,1,0,Running,0,0,0,0,healthy
8,65.8,96.6,0,0,Running,0,0,0,0,crash_loop
0,14.2,16.3,0,1,ImagePullBackOff,0,3,0,0,image_pull_error
10,66.9,64.9,0,0,CrashLoopBackOff,0,0,0,4,probe_failure
0,51.5,77.7,0,133,Error,0,0,0,2,oom_killed
1,17.6,9.5,0,0,ErrImagePull,0,4,0,1,image_pull_error
2,40.3,42.7,0,0,CrashLoopBackOff,0,0,0,3,probe_failure
1,19.3,39.6,1,0,Running,0,0,0,0,healthy
0,15.2,18.3,0,0,ImagePullBackOff,0,4,0,0,image_pull_error
1,29.5,29.6,1,0,Unknown,0,0,0,1,healthy
1,5.6,19.4,0,0,Unschedulable,0,0,5,1,scheduling_failure
0,51.7,58.6,1,0,Running,0,0,0,0,healthy
2,18.8,37.7,0,1,Error,0,0,0,9,probe_failure
0,31.8,27.2,1,0,Unknown,0,0,0,0,healthy
2,42.2,50.5,0,0,Error,0,0,0,5,probe_failure
1,11.0,16.4,0,1,ImagePullBackOff,0,4,0,1,image_pull_error
2,38.0,57.5,0,1,Error,0,0,0,4,probe_failure
0,25.0,27.5,1,0,Running,0,0,0,0,healthy
7,71.4,87.3,0,1,CrashLoopBackOff,0,0,0,5,probe_failure
3,65.4,100.0,0,145,OOMKilled,3,0,0,2,oom_killed
10,27.6,63.6,1,1,Running,0,0,0,2,crash_loop
8,82.5,83.9,0,2,Error,0,0,0,3,probe_failure
1,16.6,40.6,1,0,Running,0,0,0,1,healthy
1,4.6,45.0,1,0,Running,0,0,0,0,healthy
0,8.1,31.0,1,0,Running,0,0,0,0,healthy
1,19.6,27.6,1,0,Running,0,0,0,1,healthy
3,58.5,100.0,0,138,CrashLoopBackOff,1,0,0,3,crash_loop
1,13.9,50.5,1,0,Running,0,0,0,0,healthy
10,66.6,68.5,0,1,CrashLoopBackOff,0,0,0,4,probe_failure
0,26.9,35.8,1,0,Running,0,0,0,0,healthy
2,43.7,61.2,0,0,CrashLoopBackOff,0,0,0,6,probe_failure
10,66.8,62.1,0,0,CrashLoopBackOff,0,0,0,7,probe_failure
7,75.7,65.2,0,1,CrashLoopBackOff,0,0,0,3,probe_failure
8,83.1,70.8,0,1,CrashLoopBackOff,0,0,0,3,probe_failure
3,22.2,42.1,0,1,Error,0,0,0,3,crash_loop
7,59.8,75.4,0,1,Error,0,0,0,5,crash_loop
4,75.5,52.9,0,1,Error,0,0,0,4,crash_loop
0,0.0,23.9,0,0,Pending,0,0,4,0,scheduling_failure
0,18.7,33.3,1,0,Running,0,0,0,0,healthy
1,17.2,49.9,1,0,Running,0,0,0,0,crash_loop
5,32.7,93.1,0,133,OOMKilled,1,0,0,2,oom_killed
0,15.7,64.4,1,0,Running,0,0,0,1,healthy
0,38.9,35.8,1,0,Running,0,0,0,0,healthy
0,24.0,20.3,1,0,Running,0,0,0,0,healthy
11,72.1,61.2,0,1,CrashLoopBackOff,0,0,0,4,probe_failure
8,68.9,73.1,0,1,CrashLoopBackOff,0,0,0,4,probe_failure
6,85.0,63.2,0,0,CrashLoopBackOff,0,0,0,3,probe_failure
1,14.5,24.2,1,0,Unknown,0,0,0,0,healthy
1,13.8,51.2,1,0,Running,0,0,0,0,healthy
1,29.5,56.6,1,0,Running,0,0,0,0,healthy
2,22.3,59.6,0,1,CrashLoopBackOff,0,0,0,9,probe_failure
0,70.5,77.8,0,0,CrashLoopBackOff,0,0,0,7,probe_failure
3,48.8,76.5,0,135,Error,1,0,0,2,oom_killed
0,56.4,77.8,0,136,Error,1,0,0,2,oom_killed
9,79.7,89.4,0,1,Error,0,0,0,2,probe_failure
0,38.1,36.9,1,0,Running,0,0,0,1,healthy
1,28.4,46.3,1,0,Unknown,0,0,0,0,healthy
7,48.3,58.7,0,1,Error,0,0,0,8,crash_loop
10,81.8,86.4,0,1,CrashLoopBackOff,0,0,0,3,probe_failure
3,65.5,57.3,0,1,Running,0,0,0,0,probe_failure
11,84.9,83.8,0,1,Error,0,0,0,6,probe_failure
8,72.7,70.0,0,1,CrashLoopBackOff,0,0,0,4,probe_failure
3,79.1,67.0,0,1,CrashLoopBackOff,0,0,0,2,probe_failure
11,57.3,47.5,0,0,CrashLoopBackOff,0,0,0,1,crash_loop
1,19.1,13.9,0,0,ImagePullBackOff,0,4,0,0,image_pull_error
8,66.0,79.9,0,1,CrashLoopBackOff,0,0,0,5,probe_failure
8,74.6,81.2,0,1,CrashLoopBackOff,0,0,0,2,probe_failure
2,33.8,74.6,0,0,Running,0,0,0,0,scheduling_failure
3,35.2,44.0,0,0,CrashLoopBackOff,0,0,0,5,probe_failure
2,71.2,55.9,1,1,CrashLoopBackOff,0,0,0,3,probe_failure
1,76.2,92.5,0,136,OOMKilled,4,0,0,2,oom_killed
1,26.5,30.2,0,0,Unknown,0,0,0,0,healthy
1,52.7,30.6,0,1,Running,0,0,0,4,crash_loop
1,23.0,53.9,1,0,Running,0,0,0,0,healthy
1,37.0,45.1,1,0,Running,0,0,0,0,healthy
1,22.6,31.4,1,0,Running,0,0,0,0,healthy
1,44.0,63.2,0,1,CrashLoopBackOff,0,0,0,2,probe_failure
1,48.4,57.1,1,0,Running,0,0,0,0,healthy
7,80.4,78.1,0,1,CrashLoopBackOff,0,0,0,3,probe_failure
1,54.3,96.9,0,133,OOMKilled,1,0,0,2,oom_killed
3,38.6,66.4,0,3,Running,0,0,0,5,crash_loop
1,18.9,42.3,1,0,Running,0,0,0,0,healthy
7,80.3,73.5,0,2,CrashLoopBackOff,0,0,0,5,probe_failure
0,0.0,20.1,0,0,Unschedulable,0,0,5,0,scheduling_failure
4,30.8,71.3,0,135,OOMKilled,1,0,0,2,oom_killed
1,20.5,49.4,1,0,Running,0,0,0,1,healthy
1,8.8,68.9,1,0,Unknown,0,0,0,1,healthy
0,8.0,15.0,0,0,ContainerCreating,0,0,4,0,scheduling_failure
8,83.4,65.7,0,1,Error,0,0,0,4,probe_failure
2,48.6,94.4,0,142,Error,4,0,0,3,oom_killed
9,66.7,72.3,0,1,CrashLoopBackOff,0,0,0,3,probe_failure
0,13.1,27.2,0,0,ImagePullBackOff,0,2,0,0,image_pull_error
0,17.2,18.0,0,0,ImagePullBackOff,0,4,0,1,image_pull_error
6,40.9,84.9,0,136,OOMKilled,2,0,0,0,oom_killed
8,79.2,74.8,0,2,Error,0,0,0,5,probe_failure
0,0.0,46.2,1,0,Unknown,0,0,0,0,healthy
1,47.8,52.8,0,1,Error,0,0,0,4,probe_failure
5,42.4,91.9,1,91,OOMKilled,3,0,0,4,oom_killed
1,35.5,58.8,0,1,Error,0,0,0,8,probe_failure
8,77.1,70.7,0,1,CrashLoopBackOff,0,0,0,5,probe_failure
0,38.6,29.4,1,0,Unknown,0,0,0,0,healthy
1,6.7,4.9,0,0,ContainerCreating,0,0,8,0,scheduling_failure
2,43.9,90.5,0,137,Error,2,0,0,2,oom_killed
1,8.6,17.2,0,0,ContainerCreating,0,0,4,0,scheduling_failure
1,15.7,15.7,0,0,Pending,0,0,7,0,scheduling_failure
0,28.8,25.5,1,0,Running,0,0,0,1,healthy
1,56.2,92.8,0,97,Error,0,0,0,0,oom_killed
0,0.0,35.5,1,0,Running,0,0,0,0,healthy
0,9.6,16.7,0,0,ImagePullBackOff,0,3,0,0,image_pull_error
4,65.7,85.7,0,138,Error,2,0,0,5,oom_killed
0,10.4,22.4,0,0,Pending,0,5,0,0,image_pull_error
0,2.7,41.9,1,0,Unknown,0,0,0,0,healthy
2,41.2,67.2,0,140,CrashLoopBackOff,3,0,0,2,oom_killed
5,75.3,88.9,0,1,CrashLoopBackOff,0,0,0,8,crash_loop
1,39.4,50.0,1,0,Running,0,0,0,0,healthy
0,16.9,23.3,0,0,Pending,0,0,8,1,scheduling_failure
0,38.9,37.6,1,0,Running,0,0,0,0,healthy
0,41.0,38.0,1,0,Running,0,0,0,1,healthy
8,76.7,70.9,0,1,CrashLoopBackOff,0,0,0,5,probe_failure
8,69.9,60.3,0,1,Error,0,0,0,3,probe_failure
5,44.9,74.8,1,1,CrashLoopBackOff,0,0,0,1,crash_loop
10,64.6,67.7,0,1,Error,0,0,0,4,probe_failure
10,69.2,95.5,0,2,CrashLoopBackOff,0,0,0,4,crash_loop
0,11.5,46.3,1,0,Running,0,0,0,0,healthy
7,74.7,58.5,0,0,Error,0,0,0,6,probe_failure
1,63.7,74.7,0,140,CrashLoopBackOff,0,0,0,2,oom_killed
5,65.9,67.1,0,1,CrashLoopBackOff,0,0,0,4,probe_failure
2,38.4,96.1,0,140,CrashLoopBackOff,2,0,0,0,oom_killed
1,59.1,92.7,0,139,CrashLoopBackOff,2,0,0,3,scheduling_failure
4,39.8,58.7,0,137,Error,2,0,0,1,oom_killed
14,63.2,27.9,0,2,CrashLoopBackOff,0,0,0,8,crash_loop
1,44.7,43.3,1,0,Running,0,0,0,0,healthy
0,35.6,40.5,1,0,Running,0,0,0,0,healthy
0,22.0,51.7,1,0,Unknown,0,0,0,0,healthy
0,22.6,58.0,1,0,Running,0,0,0,0,healthy
7,80.7,77.4,0,1,CrashLoopBackOff,0,0,0,4,probe_failure
0,6.0,32.0,0,0,Unschedulable,0,0,7,1,scheduling_failure
1,12.5,32.8,1,0,Running,0,0,0,0,healthy
10,63.4,72.2,0,1,CrashLoopBackOff,0,0,0,1,probe_failure
3,70.6,55.7,0,1,CrashLoopBackOff,0,0,0,3,probe_failure
0,31.1,39.8,1,0,Running,0,0,0,0,healthy
0,22.9,15.8,1,0,Unknown,0,0,0,0,healthy
0,12.8,42.2,1,0,Running,0,0,0,1,healthy
0,50.3,45.2,1,0,Running,0,0,0,0,healthy
9,69.6,73.5,0,1,Error,0,0,0,3,probe_failure
0,14.5,27.0,0,0,ContainerCreating,0,0,5,0,scheduling_failure
0,67.8,92.7,0,139,Error,3,0,0,0,oom_killed
3,34.7,59.4,0,0,Error,0,0,0,2,probe_failure
10,68.2,68.5,0,0,Error,0,0,0,6,crash_loop
6,72.9,53.5,0,1,Error,0,0,0,3,probe_failure
2,36.9,81.2,0,138,OOMKilled,1,0,0,3,oom_killed
0,20.1,46.4,1,0,Unknown,0,0,0,0,healthy
3,41.8,62.2,1,0,CrashLoopBackOff,0,0,0,4,probe_failure
8,50.5,57.4,0,0,Error,0,0,0,6,crash_loop
1,10.3,19.9,0,0,Pending,0,0,4,0,scheduling_failure
0,39.2,25.5,1,0,Running,0,0,0,0,healthy
5,35.8,89.5,1,96,OOMKilled,3,0,0,2,oom_killed
0,34.4,57.5,1,0,Running,0,0,0,0,healthy
1,1.5,15.1,0,1,Pending,0,6,0,0,image_pull_error
5,57.6,100.0,1,139,CrashLoopBackOff,6,0,0,4,oom_killed
11,61.8,82.3,0,1,CrashLoopBackOff,0,0,0,3,probe_failure
9,84.3,72.3,0,1,Error,0,0,0,3,probe_failure
1,26.6,24.3,1,0,Running,0,0,0,1,healthy
0,2.3,33.0,1,0,Running,0,0,0,1,healthy
6,43.0,70.0,0,0,Running,0,0,0,1,crash_loop
9,79.4,69.8,0,1,Error,0,0,0,5,probe_failure
1,34.4,60.2,0,1,CrashLoopBackOff,0,0,0,0,probe_failure
8,75.4,68.7,0,1,Error,0,0,0,6,crash_loop
0,22.1,47.1,1,0,Unknown,0,0,0,0,healthy
0,35.3,64.3,1,0,Running,0,0,0,0,healthy
1,40.3,68.1,1,0,Running,0,0,0,0,healthy
0,5.7,39.0,1,0,Running,0,0,0,0,crash_loop
6,54.0,45.9,0,0,Running,0,0,0,3,crash_loop
2,54.0,57.4,0,1,Running,0,0,0,1,probe_failure
11,71.8,67.3,0,1,CrashLoopBackOff,0,0,0,4,probe_failure
1,72.0,53.9,0,3,CrashLoopBackOff,0,0,0,6,crash_loop
0,11.2,7.3,0,0,Pending,0,0,7,0,scheduling_failure
0,29.7,56.6,1,0,Running,0,0,0,0,healthy
3,32.7,80.1,0,0,CrashLoopBackOff,0,0,0,7,probe_failure
6,52.9,77.0,0,1,CrashLoopBackOff,0,0,0,4,probe_failure
8,75.9,53.0,0,0,Error,0,0,0,6,crash_loop
0,20.2,12.4,0,0,Pending,0,0,5,0,oom_killed
3,61.9,99.3,0,135,Error,0,0,0,2,oom_killed
0,21.2,46.3,1,0,Running,0,0,0,0,healthy
0,11.3,11.3,1,0,Running,0,0,0,0,healthy
1,42.8,64.1,1,0,Unknown,0,0,0,0,healthy
0,18.2,40.7,1,0,Running,0,0,0,0,healthy
0,19.1,49.7,1,0,Running,0,0,0,0,crash_loop
8,75.9,85.1,0,0,CrashLoopBackOff,0,0,0,4,probe_failure
1,21.3,32.5,1,0,Running,0,0,0,0,healthy
0,23.5,42.7,1,0,Running,0,0,0,0,healthy
8,73.6,74.8,0,0,CrashLoopBackOff,0,0,0,4,probe_failure
1,59.6,73.5,0,0,Running,0,0,0,3,probe_failure
12,66.2,63.0,0,0,Running,0,0,0,5,crash_loop
0,22.5,12.0,0,0,Pending,0,4,0,0,image_pull_error
9,75.2,65.7,0,1,CrashLoopBackOff,0,0,0,5,probe_failure
6,73.7,80.2,0,2,CrashLoopBackOff,0,0,0,4,probe_failure
9,70.6,72.8,0,0,CrashLoopBackOff,0,0,0,2,probe_failure
0,8.0,49.3,1,0,Running,0,0,0,0,healthy
5,48.2,67.3,0,1,Running,0,0,0,0,crash_loop
9,88.8,75.4,0,0,CrashLoopBackOff,0,0,0,4,probe_failure
1,66.9,56.5,0,0,Running,0,0,0,8,probe_failure
0,17.7,46.2,1,0,Running,0,0,0,0,healthy
1,16.7,52.0,1,0,Running,0,0,0,0,image_pull_error
0,29.4,22.2,1,0,Running,0,0,0,0,healthy
0,29.7,39.6,1,0,Running,0,0,0,1,healthy
8,68.2,70.8,0,1,CrashLoopBackOff,0,0,0,4,probe_failure
0,24.8,25.3,1,0,Unknown,0,0,0,0,healthy
0,9.4,32.6,0,0,Unschedulable,0,0,6,1,scheduling_failure
9,79.2,79.9,0,1,CrashLoopBackOff,0,0,0,6,probe_failure
9,73.1,75.7,0,0,CrashLoopBackOff,0,0,0,4,probe_failure
11,67.0,76.0,0,2,Error,0,0,0,5,crash_loop
0,15.5,16.6,0,0,ContainerCreating,0,0,6,0,scheduling_failure
0,26.0,44.2,1,0,Running,0,0,0,0,healthy
0,13.1,40.0,1,0,Running,0,0,0,1,healthy
1,15.2,12.6,0,0,ImagePullBackOff,0,7,0,0,image_pull_error
3,65.9,77.7,0,141,OOMKilled,5,0,0,2,oom_killed
0,24.0,21.4,1,0,Running,0,0,0,0,healthy
3,57.8,100.0,0,136,CrashLoopBackOff,0,0,0,1,oom_killed
9,65.1,66.0,0,0,CrashLoopBackOff,0,0,0,3,crash_loop
0,28.1,60.0,1,0,Unknown,0,0,0,0,healthy
1,33.2,54.4,1,0,Unknown,0,0,0,0,healthy
9,83.2,80.7,0,0,CrashLoopBackOff,0,0,0,3,probe_failure
0,9.4,14.3,0,0,Unschedulable,0,0,4,0,scheduling_failure
0,19.7,38.9,1,0,Unknown,0,0,0,0,healthy
3,84.6,59.4,0,2,CrashLoopBackOff,0,0,0,4,crash_loop
1,38.6,35.0,1,0,Unknown,0,0,0,0,healthy
0,16.7,19.3,0,0,Unschedulable,0,0,5,1,scheduling_failure
1,35.6,25.8,1,0,Running,0,0,0,0,healthy
1,70.7,87.9,1,97,CrashLoopBackOff,3,0,0,1,oom_killed
8,78.2,57.7,0,1,Error,0,0,0,4,probe_failure
1,15.5,40.9,1,0,Running,0,0,0,0,healthy
11,34.9,87.7,0,1,Error,0,0,0,6,crash_loop
0,38.9,52.3,0,1,Error,0,0,0,5,probe_failure
0,21.0,21.8,1,0,Running,0,0,0,0,healthy
1,32.6,25.3,1,0,Running,0,0,0,0,healthy
0,9.6,30.2,0,0,Pending,0,0,8,1,scheduling_failure
0,4.5,39.5,1,0,Running,0,0,0,0,healthy
9,65.3,77.1,0,1,Running,0,0,0,0,crash_loop
0,14.0,21.2,0,0,Pending,0,0,0,0,image_pull_error
1,15.1,32.6,1,0,Running,0,0,0,0,healthy
3,48.8,65.0,0,139,OOMKilled,4,0,0,2,oom_killed
10,74.4,67.9,0,1,Error,0,0,0,6,probe_failure
7,66.8,75.6,0,1,Error,0,0,0,7,crash_loop
8,72.7,75.9,0,1,CrashLoopBackOff,0,0,0,3,probe_failure
4,46.2,84.9,0,91,Error,3,0,0,3,oom_killed
0,22.5,39.1,1,0,Running,0,0,0,0,healthy
12,80.9,72.9,0,1,Error,0,0,0,3,probe_failure
3,62.5,38.6,0,1,Error,0,0,0,1,crash_loop
8,26.9,82.2,0,2,Running,0,0,0,1,crash_loop
10,80.8,59.9,0,1,CrashLoopBackOff,0,0,0,3,probe_failure
5,18.8,87.1,0,139,OOMKilled,2,0,0,2,oom_killed
0,7.9,25.5,0,0,ContainerCreating,0,0,7,1,scheduling_failure
1,17.5,38.2,1,0,Running,0,0,0,0,healthy
7,71.3,68.2,0,1,CrashLoopBackOff,0,0,0,4,probe_failure
8,65.7,67.0,0,1,Error,0,0,0,4,probe_failure
5,56.4,75.9,0,1,CrashLoopBackOff,0,0,0,1,crash_loop
0,4.8,22.7,0,0,Pending,0,4,0,0,image_pull_error
0,4.6,20.2,0,0,ImagePullBackOff,0,3,0,1,image_pull_error
0,53.5,55.3,0,138,Error,4,0,0,3,oom_killed
0,30.6,49.4,1,0,Running,0,0,0,0,healthy
8,85.4,70.3,0,2,CrashLoopBackOff,0,0,0,4,probe_failure
8,80.0,67.1,0,0,CrashLoopBackOff,0,0,0,2,probe_failure
0,11.0,55.4,1,0,Running,0,0,0,0,healthy
7,75.1,80.7,0,1,CrashLoopBackOff,0,0,0,4,probe_failure
11,69.7,74.7,0,1,Error,0,0,0,5,probe_failure
5,54.9,86.5,0,86,CrashLoopBackOff,3,0,0,1,oom_killed
0,17.2,18.9,1,0,Running,0,0,0,0,healthy
0,35.7,71.6,0,1,CrashLoopBackOff,0,0,0,1,probe_failure
8,78.0,59.9,0,1,CrashLoopBackOff,0,0,0,3,probe_failure
1,29.5,62.9,1,0,Running,0,0,0,0,healthy
8,76.3,58.9,0,2,CrashLoopBackOff,0,0,0,4,probe_failure
17,75.6,77.0,0,0,Running,0,0,0,3,crash_loop
7,56.7,79.1,0,1,CrashLoopBackOff,0,0,0,2,probe_failure
1,17.4,55.5,1,0,Running,0,0,0,0,healthy
1,12.4,55.9,1,0,Unknown,0,0,0,0,healthy
1,15.7,22.7,0,0,ImagePullBackOff,0,0,0,0,image_pull_error
1,17.4,17.9,1,0,Running,0,0,0,0,healthy
0,1.2,16.7,0,0,Pending,0,5,0,1,image_pull_error
4,25.6,96.8,0,139,OOMKilled,5,0,0,1,oom_killed
1,9.4,15.4,0,0,Pending,0,7,0,0,image_pull_error
0,17.9,23.0,0,0,ImagePullBackOff,0,2,0,0,image_pull_error
9,78.8,51.4,0,2,CrashLoopBackOff,0,0,0,5,crash_loop
10,70.3,69.9,0,2,Running,0,0,0,1,crash_loop
3,28.1,34.3,0,0,Running,0,0,0,4,probe_failure
6,76.1,67.8,0,3,CrashLoopBackOff,0,0,0,3,scheduling_failure
1,0.7,23.4,0,0,Pending,0,2,0,0,image_pull_error
4,55.7,47.9,0,1,Running,0,0,0,9,probe_failure
1,65.2,57.0,0,1,Running,0,0,0,4,probe_failure
0,6.2,68.9,1,0,Unknown,0,0,0,0,healthy
0,33.9,68.6,1,0,Unknown,0,0,0,0,healthy
2,54.6,97.9,0,142,OOMKilled,1,0,0,3,oom_killed
0,15.0,11.7,0,0,ErrImagePull,0,2,0,0,image_pull_error
0,24.7,46.0,1,0,Running,0,0,0,0,healthy
0,36.2,50.7,1,0,Running,0,0,0,0,healthy
1,16.4,42.5,1,0,Running,0,0,0,1,healthy
1,6.0,13.4,0,0,Pending,0,0,8,1,scheduling_failure
1,23.4,28.8,1,0,Running,0,0,0,0,healthy
0,3.0,10.9,0,0,Unschedulable,0,0,4,0,scheduling_failure
0,15.6,21.7,0,0,Pending,0,7,0,0,image_pull_error
0,55.9,65.5,0,1,Error,0,0,0,9,probe_failure
6,59.7,61.3,0,0,Error,0,0,0,1,probe_failure
8,80.1,47.0,0,1,Error,0,0,0,1,crash_loop
1,16.7,62.0,1,0,Running,0,0,0,0,healthy
1,12.4,4.7,0,0,ContainerCreating,0,0,3,0,scheduling_failure
12,83.5,74.6,0,2,CrashLoopBackOff,0,0,0,4,probe_failure
12,61.8,72.0,0,1,CrashLoopBackOff,0,0,0,5,probe_failure
3,74.2,49.8,0,0,Running,0,0,0,4,probe_failure
0,39.2,51.7,1,0,Running,0,0,0,0,healthy
1,6.1,17.5,0,0,Pending,0,8,0,0,image_pull_error
0,6.0,8.0,0,1,ImagePullBackOff,0,2,0,0,image_pull_error
0,42.2,88.2,0,82,Error,2,0,0,3,oom_killed
0,3.4,10.3,0,0,Pending,0,0,6,0,scheduling_failure
0,13.5,41.9,1,0,Running,0,0,0,0,healthy
2,53.6,60.1,0,1,Error,0,0,0,1,probe_failure
6,84.1,61.9,0,2,CrashLoopBackOff,0,0,0,5,probe_failure
0,31.3,34.5,1,0,Running,0,0,0,0,healthy
1,36.3,49.0,1,0,Running,0,0,0,0,scheduling_failure
1,26.7,44.2,1,0,Running,0,0,0,0,healthy
0,21.6,33.0,1,0,Unknown,0,0,0,0,healthy
0,7.1,9.6,0,0,ImagePullBackOff,0,6,0,1,image_pull_error
1,21.7,51.6,1,0,Running,0,0,0,0,healthy
1,8.1,37.1,1,0,Unknown,0,0,0,0,healthy
0,5.7,16.4,0,0,ContainerCreating,0,0,5,0,scheduling_failure
0,28.4,36.9,1,0,Running,0,0,0,1,healthy
2,36.8,100.0,0,137,CrashLoopBackOff,4,0,0,0,oom_killed
7,76.6,79.8,0,1,CrashLoopBackOff,0,0,0,3,probe_failure
0,30.9,41.5,1,0,Unknown,0,0,0,1,healthy
2,13.8,80.9,0,137,Error,4,0,0,2,oom_killed
0,7.9,41.8,1,0,Running,0,0,0,0,healthy
6,36.0,44.2,0,1,Error,0,0,0,7,crash_loop
9,88.8,74.3,0,1,Error,0,0,0,5,probe_failure
0,8.3,14.3,0,1,ImagePullBackOff,0,5,0,0,image_pull_error
9,68.5,65.4,0,1,Error,0,0,0,4,probe_failure
7,82.5,78.3,0,3,CrashLoopBackOff,0,0,0,5,crash_loop
2,65.3,59.1,0,0,Error,0,0,0,5,probe_failure
0,3.5,31.8,1,0,Running,0,0,0,0,healthy
8,68.8,72.7,0,1,Error,0,0,0,5,probe_failure
0,22.9,39.2,1,0,Running,0,0,0,0,healthy
9,81.0,73.2,0,1,CrashLoopBackOff,0,0,0,3,probe_failure
0,23.0,25.1,1,0,Unknown,0,0,0,0,healthy
2,46.2,59.6,0,0,CrashLoopBackOff,0,0,0,5,probe_failure
7,23.0,77.3,0,134,Error,2,0,0,2,oom_killed
14,69.5,85.2,0,0,Error,0,0,0,3,crash_loop
0,20.0,18.4,1,0,Running,0,0,0,0,healthy
11,81.9,78.6,0,1,CrashLoopBackOff,0,0,0,3,probe_failure
1,68.9,87.4,0,137,Error,3,0,0,2,oom_killed
1,26.2,41.2,1,0,Unknown,0,0,0,0,healthy
0,39.2,42.9,1,0,Running,0,0,0,0,healthy
5,78.9,81.4,0,1,CrashLoopBackOff,0,0,0,2,probe_failure
0,36.6,51.7,1,0,Unknown,0,0,0,0,healthy
2,48.5,48.8,0,1,Running,0,0,0,4,probe_failure
1,13.2,20.5,1,0,ImagePullBackOff,0,7,0,0,image_pull_error
0,30.4,32.2,1,0,Running,0,0,0,0,image_pull_error
7,81.7,74.8,0,1,CrashLoopBackOff,0,0,0,4,probe_failure
0,18.4,30.9,1,0,Running,0,0,0,0,healthy
6,65.5,73.6,0,1,CrashLoopBackOff,0,0,0,3,probe_failure
0,17.6,25.5,1,0,Running,0,0,0,0,healthy
0,24.0,52.9,0,0,Running,0,0,0,0,image_pull_error
0,35.6,44.2,1,0,Running,0,0,0,0,healthy
9,70.8,73.5,0,1,CrashLoopBackOff,0,0,0,7,probe_failure
7,80.3,74.4,0,1,Error,0,0,0,6,probe_failure
3,54.2,91.5,0,88,OOMKilled,4,0,0,2,oom_killed
6,84.0,70.7,0,1,CrashLoopBackOff,0,0,0,5,probe_failure
12,72.1,11.5,0,0,Running,0,0,0,6,crash_loop
4,43.1,79.4,0,134,OOMKilled,1,0,0,4,oom_killed
2,56.8,69.5,0,0,Running,0,0,0,7,probe_failure
8,84.6,61.4,0,0,Error,0,0,0,2,probe_failure
3,70.3,100.0,0,136,CrashLoopBackOff,3,0,0,1,oom_killed
6,71.6,68.5,0,0,Error,0,0,0,4,crash_loop
0,24.8,15.9,1,0,Running,0,0,0,0,healthy
0,14.4,32.4,0,0,Pending,0,0,1,0,scheduling_failure
0,4.6,6.8,0,0,Pending,0,0,8,0,scheduling_failure
9,61.4,85.1,0,1,CrashLoopBackOff,0,0,0,4,probe_failure
0,41.8,25.1,1,0,Running,0,0,0,1,healthy
8,74.0,74.7,1,1,CrashLoopBackOff,0,0,0,4,probe_failure
1,10.8,17.1,0,0,ErrImagePull,0,5,0,0,image_pull_error
9,59.4,85.8,0,1,CrashLoopBackOff,0,0,0,8,crash_loop
6,75.3,70.7,0,0,Error,0,0,0,3,probe_failure
6,80.6,74.9,0,1,Error,0,0,0,4,probe_failure
4,45.2,80.6,0,139,OOMKilled,2,0,0,1,oom_killed
7,84.8,69.5,0,1,CrashLoopBackOff,0,0,0,4,probe_failure
1,50.1,63.0,0,0,Error,0,0,0,5,probe_failure
0,28.9,55.4,1,0,Running,0,0,0,0,healthy
0,39.4,48.6,1,0,Running,0,0,0,0,healthy
8,58.9,80.3,0,2,CrashLoopBackOff,0,0,0,4,probe_failure
0,38.4,82.7,0,136,CrashLoopBackOff,3,0,0,3,oom_killed
0,22.9,28.5,0,0,Running,0,0,0,0,healthy
8,38.4,83.7,1,136,CrashLoopBackOff,4,0,0,4,oom_killed
8,76.9,63.7,0,1,CrashLoopBackOff,0,0,0,5,probe_failure
8,77.6,72.4,0,1,Error,0,0,0,6,probe_failure
2,71.1,94.1,0,141,Error,4,0,0,2,oom_killed
7,64.5,75.2,0,0,CrashLoopBackOff,0,0,0,4,crash_loop
4,80.4,59.4,1,0,Error,0,0,0,1,crash_loop
5,44.6,88.8,0,137,Error,5,0,0,1,oom_killed
0,13.3,46.3,1,0,Running,0,0,0,0,healthy
7,80.1,92.0,0,0,Error,0,0,0,4,crash_loop
0,18.9,39.4,1,0,Unknown,0,0,0,0,healthy
0,22.4,3.4,0,0,Pending,0,0,3,0,scheduling_failure
0,35.6,38.0,1,0,Running,0,0,0,0,healthy
1,48.6,55.7,0,0,Error,0,0,0,8,probe_failure
8,68.7,75.1,0,1,CrashLoopBackOff,0,0,0,4,probe_failure
1,25.9,56.3,1,0,Running,0,0,0,0,healthy
0,13.2,64.0,1,0,Running,0,0,0,0,healthy
3,53.2,73.0,1,136,CrashLoopBackOff,1,0,0,1,oom_killed
0,12.2,43.2,1,0,Running,0,0,0,0,healthy
2,54.6,75.6,0,0,Error,0,0,0,5,probe_failure
3,47.2,91.9,0,138,Error,4,0,0,3,oom_killed
0,22.0,40.6,1,0,Running,0,0,0,1,healthy
2,67.6,75.7,0,136,CrashLoopBackOff,2,0,0,3,oom_killed
7,80.3,78.3,0,1,CrashLoopBackOff,0,0,0,2,probe_failure
1,8.5,89.0,1,0,Running,0,0,0,0,healthy
0,40.1,33.3,1,0,Unknown,0,0,0,0,healthy
1,10.5,26.5,0,0,ImagePullBackOff,0,4,0,0,image_pull_error
0,31.4,40.0,1,0,Unknown,0,0,0,1,healthy
0,8.7,14.5,0,1,Pending,0,8,0,0,image_pull_error
5,67.2,56.0,0,1,Error,0,0,0,6,crash_loop
10,52.9,59.6,0,2,Running,0,0,0,4,crash_loop
6,49.7,75.7,0,132,OOMKilled,4,0,0,2,oom_killed
1,11.8,67.1,1,0,Running,0,0,0,0,healthy
1,35.8,39.0,1,0,Running,0,0,0,0,healthy
1,15.5,50.9,1,0,Unknown,0,0,0,0,healthy
2,51.9,57.9,0,0,CrashLoopBackOff,0,0,0,6,probe_failure
0,47.9,40.1,1,0,Running,0,0,0,0,healthy
0,50.2,29.3,1,0,Unknown,0,0,0,0,healthy
8,75.4,88.1,0,1,CrashLoopBackOff,0,0,0,5,probe_failure
0,5.9,18.7,0,0,Pending,0,0,5,0,scheduling_failure
1,6.8,11.9,0,0,ErrImagePull,0,1,0,0,image_pull_error
0,4.9,48.0,1,0,Running,0,0,0,1,healthy
0,28.9,34.2,1,0,Running,0,0,0,0,healthy
0,3.1,14.9,0,0,ImagePullBackOff,0,1,0,0,image_pull_error
0,33.9,29.2,1,0,Running,0,0,0,0,healthy
1,23.9,59.4,0,0,CrashLoopBackOff,0,0,0,3,probe_failure
0,3.1,19.4,0,0,ErrImagePull,0,0,0,1,image_pull_error
0,43.3,17.4,1,0,Running,0,0,0,0,healthy
0,39.6,0.0,1,0,Running,0,0,0,0,healthy
1,33.5,57.9,1,0,Running,0,0,0,0,healthy
3,47.8,93.8,0,134,OOMKilled,4,0,0,3,oom_killed
0,43.3,33.8,1,0,Running,0,0,0,1,healthy
14,65.8,37.1,0,0,CrashLoopBackOff,0,0,0,4,crash_loop
1,1.8,20.0,0,0,Unschedulable,0,0,7,0,scheduling_failure
11,72.0,64.1,0,1,CrashLoopBackOff,0,0,0,4,probe_failure
3,44.4,58.3,0,1,CrashLoopBackOff,0,0,0,3,crash_loop
0,0.0,13.5,0,0,ErrImagePull,0,1,0,0,image_pull_error
8,71.1,67.0,0,1,CrashLoopBackOff,0,0,0,5,probe_failure
5,58.5,89.5,1,91,OOMKilled,1,0,0,1,oom_killed
0,16.9,22.0,0,0,ImagePullBackOff,0,6,0,0,image_pull_error
0,26.5,20.8,1,0,Running,0,0,0,0,healthy
0,13.1,20.6,0,0,ContainerCreating,0,0,6,0,scheduling_failure
6,40.1,53.6,0,0,Running,0,0,0,6,crash_loop
1,25.2,43.2,1,0,Unknown,0,0,0,1,healthy
0,33.2,32.2,1,0,Running,0,0,0,1,healthy
0,21.3,57.6,1,0,Running,0,0,0,1,healthy
0,1.3,16.6,0,0,Pending,0,0,4,1,scheduling_failure
0,39.0,60.0,1,0,Running,0,0,0,0,healthy
11,76.1,92.5,0,1,CrashLoopBackOff,0,0,0,2,probe_failure
0,2.5,42.0,1,0,Running,0,0,0,0,healthy
0,39.7,52.2,1,0,Running,0,0,0,0,healthy
0,15.3,7.5,0,0,ContainerCreating,0,0,9,0,scheduling_failure
0,12.4,56.8,1,0,Unknown,0,0,0,1,healthy
0,28.4,50.8,1,0,Running,0,0,0,1,healthy
11,79.4,83.1,0,0,CrashLoopBackOff,0,0,0,1,probe_failure
0,65.3,53.8,0,2,Running,0,0,0,6,crash_loop
1,41.8,70.8,0,0,CrashLoopBackOff,0,0,0,13,probe_failure
0,9.5,17.7,0,0,Pending,0,0,2,1,scheduling_failure
0,17.1,45.3,1,0,Running,0,0,0,0,healthy
1,3.4,49.5,1,0,Unknown,0,0,0,0,healthy
1,41.4,55.0,1,0,Running,0,0,0,1,healthy
7,82.8,76.4,0,1,Error,0,0,0,5,probe_failure
1,82.9,69.6,0,1,CrashLoopBackOff,0,0,0,1,crash_loop
0,28.5,33.4,1,0,Running,0,0,0,0,healthy
11,77.2,63.3,0,1,CrashLoopBackOff,0,0,0,2,probe_failure
1,38.8,56.1,0,0,CrashLoopBackOff,0,0,0,2,probe_failure
4,71.5,54.0,0,1,Running,0,0,0,5,crash_loop
11,62.0,75.7,1,2,Running,0,0,0,5,crash_loop
0,72.0,83.3,0,2,Running,0,0,0,5,crash_loop
0,40.9,17.4,1,0,Running,0,0,0,0,healthy
1,51.3,86.0,1,138,OOMKilled,0,0,0,5,oom_killed
12,59.9,82.1,0,0,CrashLoopBackOff,0,0,0,5,crash_loop
0,12.2,21.9,0,0,Unschedulable,0,0,1,0,scheduling_failure
8,85.4,84.0,0,1,CrashLoopBackOff,0,0,0,6,probe_failure
0,12.6,16.5,0,0,Pending,0,3,0,0,image_pull_error
0,17.0,33.9,1,0,Running,0,0,0,1,healthy
0,18.6,34.0,1,0,Unknown,0,0,0,1,healthy
5,75.3,63.4,0,1,CrashLoopBackOff,0,0,0,5,probe_failure
1,51.0,61.5,1,1,Running,0,0,0,4,crash_loop
11,78.5,62.0,0,1,Error,0,0,0,3,probe_failure
0,42.7,32.8,1,0,Running,0,0,0,0,healthy
6,35.3,57.3,0,0,Running,0,0,0,4,crash_loop
4,66.5,92.7,0,139,OOMKilled,6,0,0,1,oom_killed
1,5.3,16.7,0,0,Pending,0,0,5,0,scheduling_failure
0,8.4,16.7,0,1,ErrImagePull,0,2,0,1,image_pull_error
4,52.6,91.7,0,88,CrashLoopBackOff,1,0,0,1,oom_killed
0,16.1,54.8,1,0,Running,0,0,0,1,healthy
1,24.9,19.2,1,0,Running,0,0,0,0,healthy
10,68.2,64.9,0,1,CrashLoopBackOff,0,0,0,4,probe_failure
1,19.1,61.4,1,0,Running,0,0,0,0,healthy
0,19.5,54.9,1,0,Running,0,0,0,1,healthy
3,63.0,98.8,0,142,Error,3,0,0,3,healthy
1,17.8,21.5,0,0,Pending,0,7,0,0,image_pull_error
1,24.8,51.1,1,0,Running,0,0,0,0,healthy
0,4.2,7.4,0,0,ContainerCreating,0,0,8,1,scheduling_failure
1,15.7,13.6,0,0,Unschedulable,0,0,6,0,scheduling_failure
0,26.6,37.5,1,0,Unknown,0,0,0,1,healthy
1,44.6,62.8,0,1,Running,0,0,0,5,probe_failure
4,20.2,98.6,1,139,OOMKilled,2,0,0,1,oom_killed
1,7.7,20.3,0,0,Unschedulable,0,0,6,0,scheduling_failure
0,13.0,17.5,0,0,Pending,0,7,0,0,image_pull_error
1,16.5,24.1,0,0,Pending,0,5,0,0,image_pull_error
0,27.8,38.5,1,0,Running,0,0,0,0,healthy
0,19.4,45.0,1,0,Running,0,0,0,0,healthy
14,37.4,68.5,0,0,Running,0,0,0,4,crash_loop
8,86.4,44.3,0,0,CrashLoopBackOff,0,0,0,5,crash_loop
0,14.5,64.0,1,0,Running,0,0,0,0,healthy
0,14.5,25.2,0,0,ErrImagePull,0,6,0,0,image_pull_error
0,30.7,50.5,1,0,Running,0,0,0,1,healthy
0,20.8,44.6,1,0,Unknown,0,0,0,0,healthy
0,24.4,35.2,1,0,Unknown,0,0,0,1,healthy
0,9.8,17.3,0,0,Unschedulable,0,0,9,0,scheduling_failure
0,36.6,26.4,1,0,Running,0,0,0,0,healthy
11,62.8,73.1,0,1,CrashLoopBackOff,0,0,0,4,probe_failure
9,79.1,83.0,0,1,CrashLoopBackOff,0,0,0,4,probe_failure
0,36.0,35.0,1,0,Running,0,0,0,0,healthy
0,9.9,11.4,1,0,Running,0,0,0,0,healthy
0,21.6,32.6,1,0,Running,0,0,0,0,healthy
0,30.2,32.5,1,0,Running,0,0,0,0,healthy
0,41.0,23.8,0,0,Unknown,0,0,0,0,healthy
1,24.4,34.8,1,0,Running,0,0,0,1,healthy
0,16.5,7.0,0,0,ImagePullBackOff,0,5,0,0,image_pull_error
4,61.1,87.0,0,85,Error,3,0,0,3,oom_killed
11,74.2,60.6,0,1,CrashLoopBackOff,0,0,0,4,probe_failure
8,83.3,94.2,0,1,CrashLoopBackOff,0,0,0,7,probe_failure
0,5.1,45.3,1,0,Running,0,0,0,1,healthy
6,70.9,66.1,0,1,Error,0,0,0,4,probe_failure
2,15.7,98.9,1,138,Error,2,0,0,3,oom_killed
2,59.5,78.0,0,1,Error,0,0,0,8,probe_failure
2,81.4,78.3,0,0,Running,0,0,0,5,crash_loop
6,60.3,18.1,0,1,Error,0,0,0,6,crash_loop
7,76.4,75.0,0,1,CrashLoopBackOff,0,0,0,4,probe_failure
8,67.3,71.1,0,1,CrashLoopBackOff,0,0,0,3,probe_failure
0,38.3,19.7,1,0,Unknown,0,0,0,0,healthy
0,23.8,25.9,1,0,Running,0,0,0,0,healthy
10,78.7,77.0,0,2,Error,0,0,0,3,probe_failure
5,78.4,86.9,0,1,CrashLoopBackOff,0,0,0,1,probe_failure
0,23.7,35.7,1,0,Running,0,0,0,1,healthy
0,31.1,38.7,1,0,Running,0,0,0,0,healthy
8,78.6,63.4,0,1,CrashLoopBackOff,0,0,0,6,probe_failure
9,73.7,73.9,0,1,Error,0,0,0,4,probe_failure
6,77.5,76.5,0,136,OOMKilled,2,0,0,3,oom_killed
7,23.8,82.3,0,2,Error,0,0,0,0,crash_loop
6,57.8,81.0,0,0,CrashLoopBackOff,0,0,0,8,crash_loop
3,82.6,87.6,0,94,CrashLoopBackOff,1,0,0,2,oom_killed
0,13.8,33.4,0,0,Pending,0,0,4,0,scheduling_failure
4,50.8,95.5,0,136,Error,2,0,0,2,oom_killed
0,4.6,11.8,0,0,Pending,0,0,7,0,scheduling_failure
0,19.7,39.3,1,0,Running,0,0,0,0,healthy
0,26.4,46.6,1,0,Running,0,0,0,0,healthy
1,45.7,44.5,0,1,Running,0,0,0,2,probe_failure
5,83.0,72.6,0,1,CrashLoopBackOff,0,0,0,3,probe_failure
0,7.2,10.3,0,0,ErrImagePull,0,6,0,0,image_pull_error
1,23.9,65.2,1,0,Running,0,0,0,1,healthy
2,24.6,67.3,0,0,Running,0,0,0,7,probe_failure
0,13.7,21.9,0,1,Pending,0,1,0,0,image_pull_error
8,85.0,82.5,0,1,CrashLoopBackOff,0,0,0,6,probe_failure
3,59.2,91.4,0,135,Error,3,0,0,2,oom_killed
4,17.5,89.8,0,137,CrashLoopBackOff,2,0,0,2,oom_killed
0,36.2,23.5,1,0,Running,0,0,0,1,healthy
6,53.2,67.4,0,2,Error,0,0,0,5,crash_loop
3,44.3,91.2,0,86,CrashLoopBackOff,2,0,0,1,oom_killed
0,19.5,31.8,1,0,Running,0,0,0,0,healthy
2,59.6,100.0,0,138,Error,3,0,0,2,oom_killed
0,10.1,20.5,0,0,ContainerCreating,0,0,2,0,scheduling_failure
2,38.7,43.8,1,0,Running,0,0,0,0,healthy
1,10.5,18.5,1,0,Running,0,0,0,0,healthy
1,55.9,56.4,0,1,Error,0,0,0,7,probe_failure
0,21.2,37.2,1,0,Running,0,0,0,0,healthy
1,17.2,19.5,0,1,ErrImagePull,0,3,0,1,image_pull_error
1,33.2,29.3,1,0,Running,0,0,0,0,healthy
2,55.8,99.8,0,138,Error,1,0,0,3,oom_killed
1,66.0,57.1,1,0,Running,0,0,0,0,probe_failure
5,63.2,66.8,0,2,Error,0,0,0,6,probe_failure
0,79.7,82.3,0,0,Error,0,0,0,2,crash_loop
1,25.8,9.2,0,0,ContainerCreating,0,0,5,1,scheduling_failure
5,58.7,56.7,0,2,Running,0,0,0,2,crash_loop
0,21.5,47.4,1,0,Unknown,0,0,0,0,probe_failure
0,6.3,36.1,0,0,Unschedulable,0,0,9,0,scheduling_failure
6,71.7,71.7,0,1,CrashLoopBackOff,0,0,0,2,probe_failure
1,32.0,46.7,1,0,Unknown,0,0,0,2,healthy
7,75.4,73.6,0,1,Error,0,0,0,5,probe_failure
1,11.7,28.5,1,0,Running,0,0,0,0,healthy
1,9.6,17.6,0,0,ErrImagePull,0,1,0,0,image_pull_error
0,23.7,42.7,0,0,Running,0,0,0,1,healthy
0,8.1,35.3,1,0,Unknown,0,0,0,0,healthy
0,13.6,49.5,1,0,Running,0,0,0,1,healthy
1,32.4,40.6,1,0,Running,0,0,0,1,healthy
8,79.9,73.6,0,1,CrashLoopBackOff,0,0,0,4,probe_failure
0,22.4,29.5,1,0,Running,0,0,0,0,healthy
0,11.1,10.6,0,0,ContainerCreating,0,0,9,0,scheduling_failure
0,21.0,55.1,1,0,Running,0,0,0,0,healthy
3,65.2,79.0,0,0,Running,0,0,0,6,probe_failure
1,60.1,52.9,0,0,CrashLoopBackOff,0,0,0,1,probe_failure
9,66.0,78.0,0,1,CrashLoopBackOff,0,0,0,3,probe_failure
0,20.1,50.4,1,0,Unknown,0,0,0,0,healthy
0,19.5,44.6,1,0,Running,0,0,0,0,healthy
3,48.3,52.6,0,0,Error,0,0,0,4,probe_failure
0,4.6,26.6,0,0,Running,0,0,0,0,healthy
0,66.7,72.8,1,2,Running,0,0,0,4,crash_loop
1,17.8,41.1,1,0,Running,0,0,0,1,healthy
6,77.5,85.5,0,1,CrashLoopBackOff,0,0,0,5,probe_failure
10,76.6,77.9,0,1,CrashLoopBackOff,0,0,0,2,probe_failure
11,89.1,70.9,0,1,CrashLoopBackOff,0,0,0,6,probe_failure
8,62.1,70.2,0,1,Error,0,0,0,5,probe_failure
1,5.8,11.4,0,0,Unschedulable,0,0,5,0,scheduling_failure
0,5.2,18.9,0,0,Pending,0,3,0,0,image_pull_error
9,91.3,67.1,1,1,Running,0,0,0,5,crash_loop
8,70.5,66.6,0,1,CrashLoopBackOff,0,0,0,6,probe_failure
0,18.4,66.1,1,0,Running,0,0,0,0,healthy
0,17.0,14.2,0,0,Unschedulable,0,0,1,0,scheduling_failure
0,26.0,40.5,1,0,Running,0,0,0,0,healthy
2,66.6,98.3,0,137,CrashLoopBackOff,0,0,0,0,oom_killed
8,100.0,41.7,0,0,Error,0,0,0,5,crash_loop
0,37.5,37.0,1,0,Unknown,0,0,0,0,healthy
0,16.5,58.6,1,0,Unknown,0,0,0,0,healthy
2,45.4,60.5,0,0,CrashLoopBackOff,0,0,0,7,probe_failure
0,11.1,17.4,0,0,ImagePullBackOff,0,4,0,0,image_pull_error
1,36.4,48.5,1,0,Running,0,0,0,0,healthy
0,20.3,36.1,1,0,Running,0,0,0,0,healthy
1,25.9,24.5,1,0,Running,0,0,0,0,healthy
6,96.5,48.9,0,1,CrashLoopBackOff,0,0,0,5,crash_loop
0,16.4,29.5,1,0,Unknown,0,0,0,1,healthy
9,83.6,78.8,0,1,CrashLoopBackOff,0,0,0,5,probe_failure
0,14.9,35.7,1,0,Running,0,0,0,1,healthy
2,41.0,69.9,0,139,CrashLoopBackOff,6,0,0,2,oom_killed
9,75.3,54.3,0,1,CrashLoopBackOff,0,0,0,5,probe_failure
7,72.6,77.5,0,1,CrashLoopBackOff,0,0,0,5,probe_failure
0,40.3,29.8,1,0,Running,0,0,0,0,healthy
0,28.1,32.3,0,0,Running,0,0,0,0,healthy
1,17.1,20.1,0,0,Unschedulable,0,0,8,0,scheduling_failure
1,25.2,22.7,1,0,Unknown,0,0,0,1,healthy
0,25.9,29.0,1,0,Unknown,0,0,0,0,healthy
12,65.4,66.8,0,1,Error,0,0,0,3,probe_failure
1,8.7,25.0,0,0,ErrImagePull,0,4,0,0,image_pull_error
0,24.0,49.0,1,0,Unknown,0,0,0,1,healthy
0,30.0,39.5,1,0,Unknown,0,0,0,1,healthy
8,70.4,65.6,0,2,Error,0,0,0,4,probe_failure
0,44.0,27.3,1,0,Running,0,0,0,1,healthy
0,17.3,17.1,1,0,Unknown,0,0,0,0,healthy
1,16.2,60.8,1,0,Running,0,0,0,0,healthy
5,70.7,64.9,0,0,CrashLoopBackOff,0,0,0,4,probe_failure
5,74.7,82.2,0,133,CrashLoopBackOff,1,0,0,3,oom_killed
3,45.7,61.7,1,0,CrashLoopBackOff,0,0,0,4,probe_failure
0,3.4,35.6,1,0,Running,0,0,0,1,healthy
1,32.6,31.5,1,0,Running,0,0,0,0,healthy
1,34.8,53.5,1,0,Running,0,0,0,1,healthy
8,79.5,71.7,0,1,CrashLoopBackOff,0,0,0,5,probe_failure
12,70.7,70.6,0,1,Running,0,0,0,5,crash_loop
0,8.5,15.6,0,0,ContainerCreating,0,0,5,0,scheduling_failure
1,30.0,49.6,1,0,Running,0,0,0,1,healthy
1,40.8,48.1,1,0,Running,0,0,0,1,healthy
7,85.9,65.6,0,1,CrashLoopBackOff,0,0,0,3,probe_failure
7,73.5,67.2,0,1,Error,0,0,0,3,probe_failure
1,37.2,58.3,1,2,Running,0,0,0,6,probe_failure
0,18.3,14.2,0,0,ErrImagePull,0,4,0,0,image_pull_error
7,70.9,64.0,0,1,Error,0,0,0,4,probe_failure
0,53.9,15.5,1,0,Running,0,0,0,0,healthy
1,18.3,62.6,0,1,Running,0,0,0,7,probe_failure
1,25.5,46.1,1,0,Running,0,0,0,0,healthy
7,73.1,70.7,0,2,CrashLoopBackOff,0,0,0,2,probe_failure
8,80.9,68.9,0,1,Error,0,0,0,4,probe_failure
2,42.2,63.6,0,1,Error,0,0,0,7,probe_failure
1,39.4,51.7,1,0,Unknown,0,0,0,0,healthy
0,36.4,35.8,1,0,Unknown,0,0,0,1,healthy
3,46.6,79.9,0,86,CrashLoopBackOff,1,0,0,3,oom_killed
0,14.4,30.6,0,0,ImagePullBackOff,0,4,0,0,image_pull_error
0,9.8,41.5,1,0,Running,0,0,0,0,healthy
0,7.5,28.8,1,0,Unknown,0,0,0,0,healthy
9,78.2,72.8,0,1,CrashLoopBackOff,0,0,0,5,probe_failure
1,36.9,45.7,1,0,Unknown,0,0,0,0,healthy
0,17.4,23.7,0,0,Pending,0,0,6,1,scheduling_failure
1,4.8,54.8,1,0,Running,0,0,0,0,healthy
3,52.0,81.0,0,136,OOMKilled,4,0,0,3,oom_killed
3,100.0,83.7,0,2,Error,0,0,0,5,crash_loop
0,50.1,50.0,1,0,Running,0,0,0,0,healthy
9,81.8,93.3,0,1,Error,0,0,0,6,probe_failure
10,82.7,66.1,0,1,CrashLoopBackOff,0,0,0,4,probe_failure
13,76.9,64.9,0,0,CrashLoopBackOff,0,0,0,5,probe_failure
1,37.3,36.5,1,0,Running,0,0,0,0,healthy
11,74.1,55.9,0,1,CrashLoopBackOff,0,0,0,3,probe_failure
0,13.1,30.3,1,0,Running,0,0,0,0,healthy
5,60.7,44.9,0,0,Error,0,0,0,2,crash_loop
0,28.8,27.5,1,0,Unknown,0,0,0,0,healthy
1,26.6,55.8,1,0,Running,0,0,0,0,healthy
1,0.7,45.3,1,0,Running,0,0,0,0,healthy
1,2.5,55.6,1,0,Running,0,0,0,0,healthy
8,88.1,74.6,0,1,CrashLoopBackOff,0,0,0,4,probe_failure
0,45.6,36.8,1,0,Running,0,0,0,1,healthy
6,89.3,81.6,0,1,Error,0,0,0,5,probe_failure
0,23.5,39.2,1,0,Running,0,0,0,0,healthy
8,81.7,80.2,0,1,CrashLoopBackOff,0,0,0,2,probe_failure
6,67.4,87.7,0,138,Error,5,0,0,2,oom_killed
7,81.3,80.0,0,1,CrashLoopBackOff,0,0,0,5,probe_failure
0,25.6,60.4,1,0,Running,0,0,0,0,healthy
6,81.7,72.3,0,1,Error,0,0,0,4,probe_failure
8,84.7,83.4,0,1,CrashLoopBackOff,0,0,0,6,probe_failure
0,27.7,41.1,1,0,Unknown,0,0,0,0,healthy
5,72.0,77.1,0,136,OOMKilled,1,0,0,2,oom_killed
0,26.4,44.7,1,0,Running,0,0,0,1,healthy
1,16.6,10.6,0,0,Unschedulable,0,0,3,0,scheduling_failure
9,69.7,81.1,0,1,CrashLoopBackOff,0,0,0,5,probe_failure
0,5.4,46.1,1,0,Running,0,0,0,0,oom_killed
7,64.3,71.0,0,0,CrashLoopBackOff,0,0,0,6,crash_loop
0,14.2,18.0,0,0,Pending,0,5,0,0,image_pull_error
1,29.7,24.6,1,0,Running,0,0,0,0,healthy
5,73.5,64.6,0,2,CrashLoopBackOff,0,0,0,4,probe_failure
0,35.4,46.1,1,0,Running,0,0,0,0,healthy
11,78.1,69.9,0,1,CrashLoopBackOff,0,0,0,5,probe_failure
0,32.9,39.4,1,0,Running,0,0,0,0,healthy
1,17.8,34.3,1,0,Unknown,0,0,0,1,healthy
1,31.5,20.6,1,0,Running,0,0,0,0,healthy
0,15.6,45.3,1,0,Unknown,0,0,0,0,healthy
2,41.7,90.0,0,142,CrashLoopBackOff,2,0,0,1,oom_killed
1,19.1,27.9,1,0,Unknown,0,0,0,1,healthy
5,76.8,56.3,0,1,Error,0,0,0,4,crash_loop
0,25.0,42.7,1,0,Unknown,0,0,0,0,healthy
3,19.4,86.5,1,129,Error,0,0,0,1,oom_killed
9,70.2,66.9,0,1,Error,0,0,0,3,probe_failure
7,69.4,92.0,0,1,CrashLoopBackOff,0,0,0,5,probe_failure
0,40.8,100.0,1,92,Error,2,0,0,2,oom_killed
1,57.1,64.4,0,1,Error,0,0,0,5,probe_failure
1,51.8,22.1,1,0,Running,0,0,0,0,healthy
0,29.4,26.6,1,0,Running,0,0,0,0,healthy
0,1.8,17.0,0,0,Pending,0,0,8,0,scheduling_failure
0,25.2,41.5,1,0,Running,0,0,0,1,healthy
8,83.2,64.4,0,1,Error,0,0,0,3,probe_failure
0,0.6,16.5,0,0,ContainerCreating,0,0,5,1,scheduling_failure
0,39.2,49.5,1,0,Running,0,0,0,1,healthy
0,92.9,95.3,0,0,Running,0,0,0,4,crash_loop
0,26.4,78.7,0,136,CrashLoopBackOff,1,0,0,3,oom_killed
6,74.9,58.0,0,0,Error,0,0,0,0,crash_loop
0,8.4,14.2,0,0,Unschedulable,0,0,8,1,scheduling_failure
0,44.2,47.3,1,0,Running,0,0,0,1,scheduling_failure
0,38.8,62.5,0,0,Running,0,0,0,4,probe_failure
1,17.3,17.2,1,0,Pending,0,4,0,0,image_pull_error
0,32.0,32.5,1,0,Unknown,0,0,0,0,healthy
1,24.4,27.3,1,0,Running,0,0,0,1,healthy
1,6.4,20.4,0,0,Pending,0,5,0,1,image_pull_error
0,14.1,41.9,1,0,Unknown,0,0,0,0,healthy
10,68.5,60.7,0,1,CrashLoopBackOff,0,0,0,2,probe_failure
0,57.8,53.9,0,1,Error,0,0,0,2,probe_failure
0,42.8,37.9,1,0,Running,0,0,0,0,healthy
10,83.5,73.7,0,1,Running,0,0,0,1,crash_loop
0,53.6,47.5,0,1,Running,0,0,0,0,probe_failure
0,26.9,48.6,0,0,Running,0,0,0,0,healthy
1,17.6,41.1,1,0,Running,0,0,0,0,healthy
4,40.8,92.0,0,143,Error,3,0,0,2,oom_killed
0,59.8,57.1,0,0,CrashLoopBackOff,0,0,0,10,probe_failure
10,74.3,72.1,0,2,Error,0,0,0,5,probe_failure
0,43.6,34.0,1,0,Running,0,0,0,1,healthy
10,63.9,81.0,0,0,Error,0,0,0,8,crash_loop
11,86.3,63.2,0,1,CrashLoopBackOff,0,0,0,3,probe_failure
1,17.1,54.3,1,0,Running,0,0,0,0,healthy
0,25.5,55.9,1,0,Unknown,0,0,0,0,healthy
1,32.0,38.6,1,0,Running,0,0,0,1,healthy
0,38.9,35.3,1,0,Running,0,0,0,0,healthy
0,8.0,18.9,0,0,ErrImagePull,0,6,0,1,image_pull_error
0,38.3,58.4,1,0,Running,0,0,0,1,healthy
2,15.8,52.1,1,0,Unknown,0,0,0,1,healthy
8,81.1,63.0,0,1,CrashLoopBackOff,0,0,0,6,probe_failure
3,61.5,87.0,0,139,Error,3,0,0,1,probe_failure
8,80.4,78.8,0,1,CrashLoopBackOff,0,0,0,3,probe_failure
2,29.4,81.9,1,136,CrashLoopBackOff,1,0,0,2,oom_killed
8,48.1,63.1,0,0,Running,0,0,0,5,crash_loop
1,7.5,18.0,0,0,ContainerCreating,0,0,4,0,scheduling_failure
0,23.4,13.7,1,0,Unknown,0,0,0,0,healthy
10,72.6,79.3,0,1,Error,0,0,0,0,probe_failure
1,29.9,38.9,1,0,Running,0,0,0,1,healthy
10,75.5,78.8,0,1,CrashLoopBackOff,0,0,0,5,probe_failure
0,41.8,38.5,1,0,Running,0,0,0,0,healthy
7,47.2,51.7,0,0,CrashLoopBackOff,0,0,0,3,crash_loop
3,40.4,96.8,0,139,Error,1,0,0,1,oom_killed
1,49.7,79.8,0,135,Error,3,0,0,3,oom_killed
0,34.8,34.2,1,0,Running,0,0,0,1,healthy
11,42.9,42.3,0,2,Error,0,0,0,0,crash_loop
3,54.6,55.4,0,1,Error,0,0,0,6,probe_failure
5,51.8,64.1,0,0,Error,0,0,0,0,crash_loop
0,32.4,26.1,1,0,Running,0,0,0,0,healthy
9,92.6,71.9,0,1,CrashLoopBackOff,0,0,0,2,probe_failure
1,8.3,19.5,1,0,Running,0,0,0,1,healthy
1,12.5,24.5,1,0,Running,0,0,0,0,healthy
0,20.0,45.2,1,0,Running,0,0,0,0,healthy
7,58.9,81.0,0,1,CrashLoopBackOff,0,0,0,4,probe_failure
7,79.0,56.8,0,0,Error,0,0,0,3,crash_loop
8,70.1,33.2,0,0,CrashLoopBackOff,0,0,0,0,crash_loop
12,80.6,87.2,0,2,CrashLoopBackOff,0,0,0,9,crash_loop
0,35.8,35.6,0,0,Unknown,0,0,0,1,healthy
10,73.1,77.3,0,1,CrashLoopBackOff,0,0,0,1,probe_failure
0,10.0,19.1,0,1,ErrImagePull,0,2,0,0,image_pull_error
4,49.8,72.4,0,0,CrashLoopBackOff,0,0,0,3,crash_loop
2,65.5,54.0,1,0,CrashLoopBackOff,0,0,0,7,probe_failure
0,0.0,20.9,1,0,Running,0,0,0,0,healthy
0,32.6,27.7,1,0,Running,0,0,0,0,healthy
1,6.2,32.5,1,0,Unknown,0,0,0,0,healthy
1,0.0,33.6,1,0,Unknown,0,0,0,0,healthy
0,16.4,25.4,1,0,Running,0,0,0,0,oom_killed
0,3.6,50.6,1,0,Running,0,0,0,0,healthy
0,42.2,37.2,1,0,Running,0,0,0,0,healthy
1,34.7,51.1,0,0,Running,0,0,0,5,probe_failure
6,99.8,74.5,0,1,CrashLoopBackOff,0,0,0,5,crash_loop
0,11.3,19.5,0,1,ErrImagePull,0,0,0,0,image_pull_error
0,7.9,21.1,0,0,ContainerCreating,0,0,3,0,scheduling_failure
0,12.1,16.1,0,0,ErrImagePull,0,8,0,1,image_pull_error
2,29.9,41.5,0,1,Error,0,0,0,1,probe_failure
2,41.8,56.5,0,0,Error,0,0,0,13,probe_failure
0,30.8,63.8,1,137,OOMKilled,4,0,0,1,oom_killed
2,47.7,64.0,0,0,Running,0,0,0,4,probe_failure
0,21.0,46.3,1,0,Unknown,0,0,0,0,healthy
5,20.0,52.9,0,0,Error,0,0,0,4,probe_failure
0,23.7,38.3,1,0,Running,0,0,0,0,healthy
0,16.4,11.2,0,1,ImagePullBackOff,0,3,0,0,image_pull_error
8,80.4,65.5,0,1,CrashLoopBackOff,0,0,0,4,probe_failure
1,28.6,25.8,1,0,Running,0,0,0,0,healthy
0,13.7,42.5,1,0,Running,0,0,0,0,healthy
5,48.0,45.9,0,0,Error,0,0,0,4,crash_loop
0,10.3,17.5,0,0,Unschedulable,0,0,7,1,scheduling_failure
4,38.1,79.6,0,135,Error,2,0,0,1,oom_killed
7,76.7,55.7,0,0,CrashLoopBackOff,0,0,0,1,crash_loop
11,76.0,67.2,0,1,CrashLoopBackOff,0,0,0,6,probe_failure
0,19.7,34.3,1,0,Running,0,0,0,0,healthy
1,27.3,57.5,0,0,Running,0,0,0,5,crash_loop
1,53.6,47.0,0,0,Error,0,0,0,4,crash_loop
0,54.5,40.0,1,0,Unknown,0,0,0,0,healthy
2,55.4,86.7,0,133,Error,1,0,0,3,oom_killed
4,56.2,100.0,0,140,Error,1,0,0,2,oom_killed
0,7.3,42.5,1,0,Running,0,0,0,0,healthy
5,35.2,74.4,0,1,CrashLoopBackOff,0,0,0,6,crash_loop
0,26.9,37.0,1,0,Running,0,0,0,0,healthy
1,18.8,18.0,0,0,ImagePullBackOff,0,5,0,0,image_pull_error
0,40.4,53.3,1,0,Running,0,0,0,0,healthy
1,24.3,18.8,1,0,Running,0,0,0,0,healthy
3,42.4,72.1,0,0,CrashLoopBackOff,0,0,0,6,probe_failure
10,78.3,73.6,0,1,Error,0,0,0,4,probe_failure
1,37.5,42.9,1,0,Running,0,0,0,0,healthy
8,79.4,91.4,0,0,CrashLoopBackOff,0,0,0,4,probe_failure
0,7.3,15.5,0,0,Pending,0,7,0,0,image_pull_error
0,5.6,17.5,0,0,Unschedulable,0,0,7,1,scheduling_failure
3,39.9,69.7,1,0,Error,0,0,0,7,probe_failure
1,35.9,29.2,1,0,Unknown,0,0,0,1,healthy
0,12.5,35.6,1,0,Running,0,0,0,0,healthy
10,48.4,43.8,0,0,Running,0,0,0,4,crash_loop
0,67.3,76.6,0,2,Running,0,0,0,6,crash_loop
1,16.3,35.7,1,0,Running,0,0,0,1,healthy
0,53.3,64.7,0,0,Running,0,0,0,4,probe_failure
0,10.8,43.3,1,0,Running,0,0,0,1,probe_failure
0,20.5,38.9,1,0,Running,0,0,0,0,healthy
3,50.0,69.8,0,1,CrashLoopBackOff,0,0,0,5,probe_failure
0,29.2,61.3,1,0,Unknown,0,0,0,0,healthy
0,46.3,51.6,1,0,Running,0,0,0,0,healthy
0,11.7,34.2,1,0,Running,0,0,0,0,healthy
8,73.7,53.8,1,1,CrashLoopBackOff,0,0,0,4,probe_failure
4,68.1,97.2,0,136,Error,1,0,0,1,oom_killed
7,72.7,89.7,0,2,CrashLoopBackOff,0,0,0,4,probe_failure
0,10.9,67.4,1,0,Running,0,0,0,0,healthy
0,22.2,31.9,1,0,Running,0,0,0,1,healthy
4,45.6,51.5,0,1,Running,0,0,0,2,probe_failure
5,81.4,65.3,0,1,CrashLoopBackOff,0,0,0,4,probe_failure
3,45.2,61.4,0,0,Error,0,0,0,5,probe_failure
0,35.8,26.0,1,0,Running,0,0,0,0,healthy
1,55.7,55.8,0,0,Error,0,0,0,7,probe_failure
1,23.4,43.9,1,0,Running,0,0,0,0,healthy
7,83.7,81.7,0,1,CrashLoopBackOff,0,0,0,3,probe_failure
0,19.6,32.2,1,0,Running,0,0,0,0,healthy
11,56.3,62.2,0,2,Running,0,0,0,7,crash_loop
0,35.0,54.8,1,0,Unknown,0,0,0,0,healthy
9,40.5,66.7,0,0,Running,0,0,0,7,crash_loop
0,19.6,37.8,1,0,Running,0,0,0,0,healthy
1,17.4,7.0,1,0,Running,0,0,0,1,healthy
0,23.5,45.8,1,0,Running,0,0,0,0,healthy
1,6.2,22.0,0,0,ContainerCreating,0,0,9,0,scheduling_failure
0,27.9,37.4,1,0,Unknown,0,0,0,0,healthy
0,14.5,35.1,1,0,Running,0,0,0,0,healthy
0,13.3,6.2,0,0,ContainerCreating,0,0,10,0,scheduling_failure
0,4.8,18.5,0,0,ContainerCreating,0,0,6,0,scheduling_failure
9,71.4,73.4,0,1,Error,0,0,0,4,probe_failure
0,3.1,19.8,0,0,Unschedulable,0,0,4,0,scheduling_failure
1,34.0,28.2,1,0,Unknown,0,0,0,0,healthy
1,38.7,48.7,1,0,Unknown,0,0,0,1,healthy
10,67.8,71.2,0,1,CrashLoopBackOff,0,0,0,6,probe_failure
0,0.0,30.0,1,0,Running,0,0,0,0,healthy
0,10.0,31.5,1,0,Running,0,0,0,1,healthy
11,68.0,67.6,0,2,Error,0,0,0,4,probe_failure
1,7.4,34.1,1,0,Running,0,0,0,1,healthy
0,22.9,49.6,1,0,Running,0,0,0,0,healthy
1,5.9,34.8,1,0,Unknown,0,0,0,1,healthy
0,34.6,37.0,1,0,Unknown,0,0,0,0,healthy
7,74.8,76.1,0,1,Error,0,0,0,5,probe_failure
0,5.7,10.4,0,0,Pending,0,5,0,0,image_pull_error
0,41.5,51.0,1,0,Running,0,0,0,0,healthy
9,81.6,87.3,0,1,Error,0,0,0,4,probe_failure
1,0.0,12.4,0,0,ErrImagePull,0,1,0,1,image_pull_error
1,51.0,100.0,0,136,OOMKilled,3,0,0,1,oom_killed
13,84.5,72.8,0,2,Error,0,0,0,0,crash_loop
10,72.1,60.2,0,1,CrashLoopBackOff,0,0,0,7,probe_failure
1,21.8,46.1,1,0,Running,0,0,0,1,healthy
10,76.1,60.4,0,2,Error,0,0,0,3,probe_failure
11,45.5,46.7,0,2,CrashLoopBackOff,0,0,0,4,crash_loop
8,63.8,81.8,0,1,Error,0,0,0,5,probe_failure
0,27.0,22.9,1,0,Running,0,0,0,0,healthy
8,74.4,75.7,0,1,CrashLoopBackOff,0,0,0,3,probe_failure
5,63.4,52.2,0,3,Running,0,0,0,8,crash_loop
6,72.3,73.0,0,1,CrashLoopBackOff,0,0,0,4,probe_failure
0,13.9,14.2,0,1,Pending,0,4,0,0,image_pull_error
7,46.2,65.6,0,1,Running,0,0,0,7,crash_loop
10,77.4,79.9,0,1,CrashLoopBackOff,0,0,0,6,probe_failure
1,35.0,52.7,0,0,Error,0,0,0,6,probe_failure
0,21.3,39.0,1,0,Running,0,0,0,0,healthy
0,22.4,40.1,1,0,Running,0,0,0,0,healthy
0,29.1,40.6,1,0,Running,0,0,0,0,healthy
1,7.4,40.4,1,0,Running,0,0,0,0,healthy
0,18.0,52.9,1,0,Running,0,0,0,0,healthy
1,35.8,44.2,1,0,Running,0,0,0,1,healthy
0,15.2,12.5,0,1,Pending,0,5,0,1,image_pull_error
0,27.9,37.0,1,0,Running,0,0,0,0,healthy
1,50.4,69.5,0,0,Running,0,0,0,5,probe_failure
0,20.6,38.8,1,0,Running,0,0,0,0,healthy
5,49.1,70.5,0,144,Error,3,0,0,0,oom_killed
1,8.3,19.8,0,0,ContainerCreating,0,0,5,0,scheduling_failure
0,0.0,31.9,1,0,Running,0,0,0,0,healthy
3,76.5,74.9,0,0,Error,0,0,0,4,probe_failure
9,79.4,68.9,0,1,CrashLoopBackOff,0,0,0,6,probe_failure
3,43.6,70.4,0,1,Running,0,0,0,7,probe_failure
10,75.9,64.9,0,0,CrashLoopBackOff,0,0,0,5,probe_failure
10,67.2,74.3,0,1,CrashLoopBackOff,0,0,0,5,probe_failure
1,21.7,33.1,1,0,Running,0,0,0,0,healthy
9,81.1,76.2,0,1,CrashLoopBackOff,0,0,0,5,probe_failure
0,9.4,19.3,0,0,ErrImagePull,0,1,0,1,scheduling_failure
12,52.9,47.6,0,0,CrashLoopBackOff,0,0,0,5,crash_loop
1,15.7,36.5,1,0,Running,0,0,0,0,healthy
1,16.9,7.0,0,0,Pending,0,0,3,0,scheduling_failure
7,74.3,79.8,0,1,Error,0,0,0,3,probe_failure
11,84.7,75.7,0,1,CrashLoopBackOff,0,0,0,5,probe_failure
3,64.4,96.3,0,139,CrashLoopBackOff,4,0,0,2,oom_killed
1,4.0,13.3,0,0,ErrImagePull,0,3,0,0,image_pull_error
1,42.0,63.9,1,0,Error,0,0,0,6,probe_failure
2,47.9,61.3,0,1,CrashLoopBackOff,0,0,0,7,probe_failure
0,16.4,21.0,0,0,ImagePullBackOff,0,6,0,0,image_pull_error
7,70.0,79.0,0,1,CrashLoopBackOff,0,0,0,3,probe_failure
2,54.5,53.6,1,0,Running,0,0,0,2,probe_failure
11,48.5,63.4,0,3,Error,0,0,0,0,crash_loop
9,83.6,84.2,0,1,CrashLoopBackOff,0,0,0,4,probe_failure
7,76.8,72.0,0,1,Error,0,0,0,6,probe_failure
6,70.5,64.7,0,1,Error,0,0,0,4,probe_failure
0,10.7,15.8,0,0,Pending,0,5,0,0,image_pull_error
10,58.7,76.4,0,1,CrashLoopBackOff,0,0,0,6,probe_failure
0,9.5,15.6,0,0,Pending,0,0,6,1,scheduling_failure
0,11.8,28.0,0,0,ImagePullBackOff,0,5,0,0,image_pull_error
1,15.5,16.0,0,0,Pending,0,0,8,0,scheduling_failure
1,8.4,24.0,0,0,ContainerCreating,0,0,4,0,scheduling_failure
11,71.5,57.2,0,1,CrashLoopBackOff,0,0,0,4,probe_failure
11,75.7,72.3,0,1,Error,0,0,0,5,probe_failure
0,7.2,31.4,1,0,Running,0,0,0,0,healthy
3,58.9,100.0,0,139,OOMKilled,2,0,0,3,oom_killed
1,33.7,14.5,1,0,Running,0,0,0,1,healthy
4,70.6,75.4,0,1,Error,0,0,0,6,probe_failure
0,28.8,44.9,1,0,Running,0,0,0,0,healthy
12,66.8,44.0,0,0,Running,0,0,0,4,oom_killed
0,10.6,21.2,0,1,Pending,0,0,0,0,image_pull_error
7,83.3,64.3,0,1,CrashLoopBackOff,0,0,0,4,probe_failure
8,61.6,68.2,0,1,CrashLoopBackOff,0,0,0,5,crash_loop
0,38.6,47.7,1,0,Running,0,0,0,0,healthy
12,69.2,97.8,0,2,Running,0,0,0,3,crash_loop
0,0.0,18.7,0,0,ImagePullBackOff,0,6,0,0,image_pull_error
9,62.3,60.9,0,0,Error,0,0,0,5,probe_failure
5,53.2,91.1,0,91,Error,4,0,0,2,oom_killed
9,72.4,76.2,0,1,Error,0,0,0,4,probe_failure
3,42.7,86.8,0,137,Error,2,0,0,0,oom_killed
0,25.0,11.3,0,0,ImagePullBackOff,0,6,0,1,image_pull_error
0,0.8,19.6,0,0,Unschedulable,0,0,8,0,scheduling_failure
0,12.4,36.1,1,0,Running,0,0,0,0,healthy
1,11.1,19.9,0,0,ContainerCreating,0,0,4,0,scheduling_failure
1,33.8,58.9,1,0,Running,0,0,0,1,healthy
0,27.1,55.1,1,0,Running,0,0,0,1,healthy
6,48.0,82.0,0,0,CrashLoopBackOff,0,0,0,8,crash_loop
1,29.7,49.1,1,0,Running,0,0,0,0,healthy
0,13.3,29.2,1,0,Unknown,0,0,0,0,healthy
4,58.4,68.9,1,1,Running,0,0,0,4,probe_failure
9,77.6,70.5,0,1,Error,0,0,0,7,probe_failure
2,71.4,57.8,0,1,CrashLoopBackOff,0,0,0,5,probe_failure
0,34.7,50.3,1,0,Running,0,0,0,1,healthy
9,64.2,69.2,0,1,CrashLoopBackOff,0,0,0,1,probe_failure
1,13.5,7.8,0,0,Pending,0,4,0,0,image_pull_error
0,37.7,59.0,1,0,Unknown,0,0,0,0,healthy
7,63.8,74.0,0,1,CrashLoopBackOff,0,0,0,3,probe_failure
0,15.5,42.5,1,0,Running,0,0,0,0,healthy
0,55.0,80.9,1,90,Error,1,0,0,2,oom_killed
1,27.1,65.1,1,1,Error,0,0,0,3,probe_failure
0,0.0,14.7,0,0,Pending,0,4,0,1,image_pull_error
0,34.2,21.4,1,0,Unknown,0,0,0,0,healthy
7,67.3,68.4,0,1,CrashLoopBackOff,0,0,0,3,probe_failure
0,35.8,33.3,1,0,Unknown,0,0,0,1,healthy
5,38.5,70.2,0,0,Running,0,0,0,6,crash_loop
5,45.0,68.7,1,140,CrashLoopBackOff,1,0,0,1,oom_killed
0,6.9,15.6,0,1,Pending,0,1,0,1,image_pull_error
0,21.2,23.1,1,0,Unknown,0,0,0,0,healthy
0,0.0,17.1,0,0,ImagePullBackOff,0,6,0,0,image_pull_error
5,75.8,78.6,0,1,CrashLoopBackOff,0,0,0,4,probe_failure
7,73.2,69.3,0,1,CrashLoopBackOff,0,0,0,5,probe_failure
0,11.3,35.0,1,0,Running,0,0,0,0,healthy
11,88.5,76.1,0,1,Error,0,0,0,4,probe_failure
0,5.6,22.5,0,0,ContainerCreating,0,0,9,0,scheduling_failure
1,20.4,25.5,1,0,Running,0,0,0,1,healthy
0,35.6,22.2,1,0,Running,0,0,0,0,healthy
0,6.9,29.4,1,0,Running,0,0,0,0,healthy
13,60.1,71.7,0,2,Running,0,0,0,6,crash_loop
2,37.3,82.2,0,0,Running,0,0,0,1,probe_failure
5,76.6,73.2,0,2,Error,0,0,0,5,crash_loop
5,73.4,90.2,0,1,CrashLoopBackOff,0,0,0,6,probe_failure
1,28.5,64.2,1,1,Error,0,0,0,2,probe_failure
0,16.0,45.5,1,0,Unknown,0,0,0,0,healthy
1,7.5,14.7,0,0,ErrImagePull,0,6,0,0,image_pull_error
1,33.6,36.7,1,0,Running,0,0,0,0,healthy
0,10.3,31.0,0,0,ContainerCreating,0,0,9,1,scheduling_failure
8,78.0,66.5,0,1,Error,0,0,0,3,probe_failure
1,14.3,8.6,1,0,Unknown,0,0,0,0,healthy
8,85.9,73.9,0,1,CrashLoopBackOff,0,0,0,5,probe_failure
3,57.0,80.4,0,0,Error,0,0,0,2,crash_loop
0,7.7,14.7,0,0,ContainerCreating,0,0,7,1,scheduling_failure
9,60.5,87.7,0,1,Error,0,0,0,3,probe_failure
2,62.5,100.0,0,138,CrashLoopBackOff,0,0,0,2,oom_killed
3,41.7,96.3,0,136,CrashLoopBackOff,3,0,0,2,oom_killed
0,46.2,66.5,0,1,Running,0,0,0,8,crash_loop
3,66.3,66.3,0,1,Error,0,0,0,6,crash_loop
4,44.5,67.7,1,0,Running,0,0,0,10,probe_failure
2,63.3,52.6,0,0,CrashLoopBackOff,0,0,0,5,probe_failure
7,69.6,65.3,0,3,CrashLoopBackOff,0,0,0,1,crash_loop
0,16.1,11.9,0,0,Pending,0,0,3,0,scheduling_failure
1,35.5,45.5,1,0,Unknown,0,0,0,0,healthy
3,61.7,62.6,0,0,CrashLoopBackOff,0,0,0,5,probe_failure
3,34.4,51.0,0,2,Running,0,0,0,5,crash_loop
0,14.9,23.9,0,0,Pending,0,0,3,0,scheduling_failure
1,8.2,32.8,0,0,Running,0,0,0,0,healthy
6,72.6,70.1,0,137,Error,3,0,0,2,oom_killed
0,16.1,6.2,0,0,Pending,0,5,0,0,oom_killed
0,7.8,0.0,0,0,Unschedulable,0,0,6,1,scheduling_failure
1,0.0,18.7,0,0,ImagePullBackOff,0,3,0,1,image_pull_error
0,40.1,38.8,1,0,Running,0,0,0,0,healthy
1,40.9,42.3,1,0,Running,0,0,0,0,healthy
1,49.2,38.4,0,1,Error,0,0,0,4,probe_failure
4,57.9,56.4,0,0,CrashLoopBackOff,0,0,0,4,probe_failure
1,32.4,41.3,1,0,Running,0,0,0,1,healthy
1,15.7,61.8,1,0,Unknown,0,0,0,0,healthy
0,9.2,56.3,1,0,Unknown,0,0,0,1,healthy
12,79.2,80.5,0,1,CrashLoopBackOff,0,0,0,4,probe_failure
0,9.2,59.7,1,0,Running,0,0,0,0,healthy
0,31.5,39.2,1,0,Running,0,0,0,0,healthy
2,59.6,61.3,1,0,Running,0,0,0,6,oom_killed
1,31.8,27.1,1,0,Running,0,0,0,0,healthy
8,72.8,61.6,0,1,Error,0,0,0,2,probe_failure
0,26.1,55.1,1,0,Unknown,0,0,0,0,healthy
3,51.0,29.3,0,0,CrashLoopBackOff,0,0,0,3,probe_failure
0,11.3,11.8,0,0,Pending,0,0,5,0,scheduling_failure
8,55.6,76.6,0,1,Error,0,0,0,6,healthy
14,81.9,69.5,0,1,CrashLoopBackOff,0,0,0,4,probe_failure
0,15.0,15.3,0,0,Pending,0,0,3,0,scheduling_failure
0,18.5,47.4,1,0,Running,0,0,0,1,healthy
7,82.7,70.4,0,1,CrashLoopBackOff,0,0,0,4,probe_failure
1,28.8,37.1,0,0,Running,0,0,0,0,healthy
7,73.5,84.1,0,0,Error,0,0,0,4,probe_failure
0,11.2,13.4,0,0,ContainerCreating,0,0,6,0,scheduling_failure
0,30.7,21.8,1,0,Unknown,0,0,0,1,healthy
7,81.4,79.8,0,1,CrashLoopBackOff,0,0,0,3,probe_failure
0,10.0,30.0,0,0,Unschedulable,0,0,2,1,scheduling_failure
0,20.3,21.6,0,0,ErrImagePull,0,5,0,0,image_pull_error
1,39.2,40.9,1,0,Running,0,0,0,0,healthy
0,29.3,32.2,1,0,Unknown,0,0,0,0,healthy
0,30.0,64.0,1,0,Running,0,0,0,0,healthy
11,70.1,82.3,0,2,Error,0,0,0,3,crash_loop
7,70.8,68.0,0,1,CrashLoopBackOff,0,0,0,6,probe_failure
7,57.1,79.3,0,2,Error,0,0,0,0,probe_failure
0,27.6,47.4,1,0,Running,0,0,0,0,healthy
0,38.1,46.5,1,0,Unknown,0,0,0,1,healthy
0,14.6,45.3,1,0,Running,0,0,0,0,healthy
2,43.1,61.7,0,1,Error,0,0,0,4,probe_failure
5,89.5,45.9,1,2,CrashLoopBackOff,0,0,0,4,crash_loop
2,48.9,55.4,1,1,CrashLoopBackOff,0,0,0,3,probe_failure
1,10.7,43.9,1,0,Unknown,0,0,0,0,healthy
6,67.0,83.6,0,1,CrashLoopBackOff,0,0,0,5,probe_failure
0,18.8,37.5,1,0,Unknown,0,0,0,0,healthy
10,78.1,73.6,0,1,Error,0,0,0,2,probe_failure
0,55.8,29.7,1,0,Running,0,0,0,1,healthy
9,71.4,62.8,0,1,CrashLoopBackOff,0,0,0,4,probe_failure
1,26.4,41.4,1,0,Running,0,0,0,1,healthy
7,70.9,79.5,0,1,CrashLoopBackOff,0,0,0,2,probe_failure
2,56.5,50.3,0,1,Error,0,0,0,5,probe_failure
10,76.2,68.3,0,1,CrashLoopBackOff,0,0,0,4,probe_failure
12,78.1,61.4,0,2,Error,0,0,0,2,probe_failure
0,11.4,17.3,1,0,Unschedulable,0,0,3,0,scheduling_failure
6,74.9,77.9,0,1,CrashLoopBackOff,0,0,0,4,probe_failure
3,50.8,66.2,0,1,Error,0,0,0,5,probe_failure
8,73.3,73.6,0,1,CrashLoopBackOff,0,0,0,4,probe_failure
7,68.5,66.1,0,1,CrashLoopBackOff,0,0,0,4,probe_failure
0,23.9,31.2,1,0,Running,0,0,0,0,healthy
11,78.8,63.9,0,1,CrashLoopBackOff,0,0,0,5,probe_failure
0,28.2,54.0,1,0,Running,0,0,0,0,healthy
0,13.4,23.3,0,0,ErrImagePull,0,12,0,1,oom_killed
5,79.2,73.4,0,1,CrashLoopBackOff,0,0,0,3,probe_failure
1,17.7,51.0,1,0,Running,0,0,0,0,healthy
4,52.2,59.2,0,3,Error,0,0,0,6,crash_loop
0,12.2,11.3,0,0,Unschedulable,0,0,5,0,scheduling_failure
1,7.1,25.5,0,0,ImagePullBackOff,0,9,0,0,image_pull_error
5,65.4,100.0,0,137,OOMKilled,2,0,0,5,oom_killed
3,49.5,82.0,0,131,OOMKilled,4,0,0,2,oom_killed
2,15.2,46.1,1,0,Unknown,0,0,0,0,healthy
1,6.2,30.0,0,0,ContainerCreating,0,0,4,0,scheduling_failure
7,81.2,99.2,0,1,CrashLoopBackOff,0,0,0,4,probe_failure
6,80.8,67.7,0,1,CrashLoopBackOff,0,0,0,4,probe_failure
2,6.9,59.9,0,0,CrashLoopBackOff,0,0,0,5,probe_failure
5,50.0,81.1,0,146,OOMKilled,2,0,0,2,oom_killed
1,18.6,29.1,1,0,Running,0,0,0,1,healthy
10,66.5,80.3,0,1,CrashLoopBackOff,0,0,0,4,probe_failure
0,8.5,50.8,1,0,Running,0,0,0,1,healthy
0,6.6,8.9,0,0,Unschedulable,0,0,5,0,scheduling_failure
4,70.3,66.5,0,2,CrashLoopBackOff,0,0,0,5,crash_loop
1,23.5,37.8,1,0,Running,0,0,0,1,healthy
7,38.1,85.9,0,140,OOMKilled,2,0,0,2,oom_killed
0,4.3,15.8,0,0,ErrImagePull,0,3,0,1,image_pull_error
13,90.6,66.9,0,1,Error,0,0,0,8,probe_failure
3,54.5,91.9,0,137,CrashLoopBackOff,2,0,0,3,oom_killed
0,11.2,26.5,0,0,ImagePullBackOff,0,7,0,0,image_pull_error
2,44.8,68.7,0,0,CrashLoopBackOff,0,0,0,6,probe_failure
1,34.8,34.2,1,0,Unknown,0,0,0,0,healthy
5,85.5,68.4,0,0,Error,0,0,0,5,crash_loop
0,14.0,18.6,0,0,Unschedulable,0,0,5,1,scheduling_failure
8,79.8,58.6,0,1,Error,0,0,0,3,probe_failure
1,26.8,35.0,1,0,Running,0,0,0,0,healthy
0,16.5,38.6,1,0,Running,0,0,0,0,healthy
9,72.1,78.9,0,1,Error,0,0,0,3,probe_failure
4,44.9,52.1,0,1,CrashLoopBackOff,0,0,0,2,probe_failure
1,51.3,64.7,0,1,CrashLoopBackOff,0,0,0,1,probe_failure
2,19.2,39.5,1,0,Running,0,0,0,1,healthy
9,75.1,70.7,0,1,CrashLoopBackOff,0,0,0,4,probe_failure
1,20.4,34.2,1,0,Unknown,0,0,0,1,crash_loop
0,21.2,56.1,1,0,Running,0,0,0,0,healthy
6,76.7,47.2,0,0,Error,0,0,0,4,crash_loop
0,57.1,52.8,0,0,Unknown,0,0,0,0,healthy
3,40.9,49.3,1,1,Running,0,0,0,7,probe_failure
3,49.3,100.0,1,132,CrashLoopBackOff,1,0,0,2,oom_killed
0,13.7,33.6,1,0,Running,0,0,0,0,healthy
5,67.7,68.0,0,1,CrashLoopBackOff,0,0,0,5,probe_failure
1,20.5,33.3,1,0,Running,0,0,0,0,healthy
0,37.9,41.1,1,0,Unknown,0,0,0,0,image_pull_error
1,42.3,52.2,1,0,Running,0,0,0,0,healthy
0,12.5,8.0,0,0,Unschedulable,0,0,4,0,scheduling_failure
1,58.6,54.1,0,3,Running,0,0,0,1,crash_loop
1,24.9,32.3,1,0,Running,0,0,0,0,healthy
0,16.1,26.6,1,0,Running,0,0,0,0,healthy
9,67.0,65.1,0,1,CrashLoopBackOff,0,0,0,3,probe_failure
1,7.1,33.9,1,0,Running,0,0,0,0,healthy
0,11.8,48.8,1,0,Unknown,0,0,0,0,healthy
1,24.9,44.7,1,0,Running,0,0,0,0,healthy
1,67.0,94.1,0,140,OOMKilled,2,0,0,1,oom_killed
0,34.0,52.2,1,0,Running,0,0,0,0,healthy
0,25.4,42.6,1,0,Running,0,0,0,0,healthy
7,73.8,70.8,0,1,CrashLoopBackOff,0,0,0,4,probe_failure
0,34.2,70.3,0,1,CrashLoopBackOff,0,0,0,2,crash_loop
3,32.8,95.9,0,0,CrashLoopBackOff,0,0,0,2,probe_failure
0,35.1,39.6,1,0,Running,0,0,0,0,healthy
3,43.8,63.6,1,1,CrashLoopBackOff,0,0,0,0,probe_failure
9,74.6,68.1,0,1,CrashLoopBackOff,0,0,0,5,probe_failure
1,25.7,41.7,1,0,Unknown,0,0,0,0,healthy
5,55.1,71.6,1,141,CrashLoopBackOff,2,0,0,3,oom_killed
1,41.6,24.5,1,0,Running,0,0,0,0,healthy
2,29.7,50.7,0,1,CrashLoopBackOff,0,0,0,3,probe_failure
1,38.5,33.0,1,0,Running,0,0,0,0,healthy
5,62.8,58.3,0,0,Running,0,0,0,2,crash_loop
0,49.6,80.1,0,140,OOMKilled,1,0,0,2,oom_killed
7,77.1,64.2,0,0,Error,0,0,0,5,probe_failure
0,7.5,24.9,0,0,Unschedulable,0,0,9,0,scheduling_failure
0,9.8,15.5,0,0,ImagePullBackOff,0,7,0,0,image_pull_error
0,0.0,38.0,1,0,Running,0,0,0,0,healthy
1,20.2,49.0,1,0,Unknown,0,0,0,0,healthy
1,57.8,81.5,0,138,Error,3,0,0,2,oom_killed
1,2.8,22.2,0,0,ContainerCreating,0,0,5,1,scheduling_failure
8,75.4,72.9,0,2,CrashLoopBackOff,0,0,0,5,probe_failure
0,11.1,20.6,0,0,Pending,0,4,0,1,image_pull_error
1,11.8,11.2,0,0,Pending,0,0,11,0,scheduling_failure
1,37.1,46.8,0,0,CrashLoopBackOff,0,0,0,7,probe_failure
0,0.0,42.0,1,0,Unknown,0,0,0,0,healthy
1,25.5,22.8,1,0,Running,0,0,0,1,healthy
5,58.4,91.8,0,88,Error,2,0,0,2,oom_killed
0,18.6,20.1,1,0,Running,0,0,0,0,healthy
0,31.7,34.7,1,0,Running,0,0,0,0,healthy
7,45.9,68.9,0,0,Running,0,0,0,5,crash_loop
1,16.8,46.8,1,0,Unknown,0,0,0,0,healthy
0,1.9,38.1,1,0,Unknown,0,0,0,1,healthy
0,30.4,20.7,0,0,Running,0,0,0,0,healthy
10,66.9,73.9,0,1,Error,0,0,0,4,probe_failure
4,51.6,73.1,0,137,CrashLoopBackOff,3,0,0,2,oom_killed
0,10.0,17.6,0,0,ErrImagePull,0,5,0,0,image_pull_error
9,79.4,85.7,0,1,CrashLoopBackOff,0,0,0,5,probe_failure
7,65.6,73.2,0,1,CrashLoopBackOff,0,0,0,5,probe_failure
1,49.9,91.8,0,88,OOMKilled,2,0,0,2,oom_killed
1,17.0,29.7,1,0,Running,0,0,0,0,healthy
5,50.6,94.6,0,139,Error,2,0,0,4,crash_loop
17,52.7,62.2,0,0,Running,0,0,0,2,crash_loop
11,77.5,64.0,0,2,Running,0,0,0,5,crash_loop
9,71.8,80.3,0,1,CrashLoopBackOff,0,0,0,4,probe_failure
6,68.3,93.4,0,1,CrashLoopBackOff,0,0,0,2,probe_failure
2,2.8,63.0,1,1,CrashLoopBackOff,0,0,0,0,probe_failure
0,10.1,14.0,0,0,ErrImagePull,0,5,0,1,image_pull_error
10,63.4,73.1,0,1,CrashLoopBackOff,0,0,0,2,probe_failure
0,21.0,44.8,1,0,Running,0,0,0,0,healthy
2,59.0,45.1,0,0,Error,0,0,0,8,probe_failure
0,33.6,19.8,1,0,Running,0,0,0,0,healthy
1,19.1,34.2,1,0,Running,0,0,0,0,healthy
0,2.8,21.8,0,0,Pending,0,0,10,1,scheduling_failure
8,70.8,84.0,0,1,CrashLoopBackOff,0,0,0,4,probe_failure
3,67.0,45.6,1,2,CrashLoopBackOff,0,0,0,8,crash_loop
9,85.4,76.5,0,0,CrashLoopBackOff,0,0,0,2,crash_loop
6,70.4,75.7,0,1,CrashLoopBackOff,0,0,0,2,probe_failure
0,0.0,36.9,1,0,Running,0,0,0,0,healthy
0,0.0,19.4,0,1,Pending,0,6,0,0,image_pull_error
0,15.0,41.2,1,0,Running,0,0,0,0,healthy
0,34.3,54.9,1,0,Running,0,0,0,0,healthy
0,8.2,10.9,0,0,Pending,0,0,7,0,scheduling_failure
0,22.0,61.9,1,0,Running,0,0,0,0,healthy
4,69.4,88.9,0,135,Error,3,0,0,2,oom_killed
0,12.1,66.1,1,0,Running,0,0,0,0,healthy
12,70.4,63.1,0,1,CrashLoopBackOff,0,0,0,0,crash_loop
2,67.1,74.3,0,135,Error,2,0,0,2,oom_killed
8,63.8,75.5,0,1,Error,0,0,0,3,probe_failure
0,17.0,50.2,1,0,Running,0,0,0,1,healthy
2,33.9,60.1,0,1,Error,0,0,0,5,probe_failure
1,60.6,72.0,0,0,Error,0,0,0,8,crash_loop
1,38.3,41.4,1,0,Unknown,0,0,0,0,healthy
0,21.6,60.7,1,0,Unknown,0,0,0,0,healthy
0,1.4,22.7,0,0,Pending,0,0,6,1,scheduling_failure
2,40.1,71.4,0,0,CrashLoopBackOff,0,0,0,7,probe_failure
0,5.5,14.5,0,0,Unschedulable,0,0,5,0,scheduling_failure
1,27.4,38.6,1,0,Unknown,0,0,0,0,healthy
6,72.2,67.2,0,1,Error,0,0,0,3,probe_failure
12,18.8,61.1,0,2,CrashLoopBackOff,0,0,0,2,crash_loop
0,15.1,46.4,1,0,Running,0,0,0,0,healthy
1,27.8,26.7,1,0,Running,0,0,0,0,crash_loop
7,75.4,94.1,0,135,Error,2,0,0,3,oom_killed
5,47.2,68.5,0,2,Error,0,0,0,1,crash_loop
0,4.3,26.2,1,0,Running,0,0,0,0,healthy
0,70.8,54.9,0,0,Error,0,0,0,0,crash_loop
1,78.9,50.5,0,0,Error,0,0,0,2,crash_loop
9,53.8,54.9,0,0,CrashLoopBackOff,0,0,0,6,crash_loop
0,42.6,25.2,1,0,Running,0,0,0,0,healthy
0,48.8,31.0,0,0,Running,0,0,0,0,healthy
5,76.5,55.4,0,1,CrashLoopBackOff,0,0,0,4,probe_failure
0,5.7,49.6,1,0,Running,0,0,0,0,healthy
8,65.6,72.5,0,1,CrashLoopBackOff,0,0,0,4,probe_failure
2,35.7,57.8,1,0,Error,0,0,0,7,probe_failure
8,85.6,63.8,0,1,Error,0,0,0,4,probe_failure
3,15.4,91.8,0,138,CrashLoopBackOff,4,0,0,2,oom_killed
1,22.3,37.4,0,0,Running,0,0,0,0,healthy
0,23.2,28.2,1,0,Running,0,0,0,1,healthy
1,14.6,36.6,1,0,Running,0,0,0,0,healthy
0,6.2,9.2,0,0,ContainerCreating,0,0,8,0,scheduling_failure
1,43.5,38.9,1,0,Running,0,0,0,0,healthy
7,83.5,64.2,0,1,Error,0,0,0,4,probe_failure
1,6.6,19.9,0,0,ImagePullBackOff,0,2,0,0,image_pull_error
0,16.7,10.4,0,0,Unschedulable,0,0,10,1,scheduling_failure
15,65.9,84.5,0,1,Running,0,0,0,3,crash_loop
6,76.2,79.3,0,1,Error,0,0,0,3,probe_failure
3,47.2,38.8,0,1,CrashLoopBackOff,0,0,0,1,probe_failure
0,36.4,41.7,1,0,Running,0,0,0,0,crash_loop
8,81.5,60.5,0,2,CrashLoopBackOff,0,0,0,4,probe_failure
6,45.8,92.2,0,137,Error,3,0,0,3,oom_killed
1,43.8,94.1,1,134,OOMKilled,4,0,0,2,oom_killed
1,28.6,15.0,0,0,Pending,0,5,0,0,image_pull_error
8,78.2,95.5,0,2,CrashLoopBackOff,0,0,0,4,probe_failure
1,21.9,39.8,1,0,Unknown,0,0,0,0,healthy
5,46.6,72.3,0,137,CrashLoopBackOff,0,0,0,2,oom_killed
6,53.0,71.2,0,2,Error,0,0,0,5,crash_loop
0,12.6,28.4,1,0,Running,0,0,0,0,healthy
0,0.7,37.8,1,0,Running,0,0,0,0,healthy
9,73.0,60.8,0,1,Error,0,0,0,4,probe_failure
0,28.9,56.7,1,0,Unknown,0,0,0,1,healthy
0,11.1,13.8,0,0,Unschedulable,0,0,6,1,scheduling_failure
3,31.9,60.1,0,0,Running,0,0,0,7,probe_failure
1,42.5,94.0,0,133,Error,3,0,0,2,oom_killed
7,85.4,68.7,0,1,Error,0,0,0,4,probe_failure
5,65.7,79.3,0,0,Error,0,0,0,4,probe_failure
4,36.7,100.0,0,137,Error,2,0,0,0,oom_killed
2,64.2,64.4,0,0,Running,0,0,0,9,probe_failure
0,17.5,23.9,0,0,ImagePullBackOff,0,7,0,0,image_pull_error
1,5.8,8.5,0,0,Pending,0,0,7,0,scheduling_failure
6,74.9,54.3,0,2,Running,0,0,0,4,crash_loop
0,26.6,46.8,1,0,Running,0,0,0,0,healthy
0,10.5,10.4,0,0,ImagePullBackOff,0,4,0,0,image_pull_error
1,18.6,17.3,0,0,ContainerCreating,0,0,8,1,oom_killed
6,63.6,93.6,0,1,Running,0,0,0,4,crash_loop
1,25.7,24.4,1,0,Running,0,0,0,0,healthy
12,66.1,68.1,0,2,Running,0,0,0,6,crash_loop
9,62.4,77.9,0,1,Error,0,0,0,4,probe_failure
0,19.6,56.4,1,0,Running,0,0,0,0,healthy
0,2.1,17.8,0,0,ErrImagePull,0,7,0,0,image_pull_error
1,25.3,45.0,1,0,Running,0,0,0,0,healthy
0,3.8,14.5,0,0,Unschedulable,0,0,6,0,scheduling_failure
0,21.7,24.7,1,0,Running,0,0,0,0,healthy
1,33.7,57.9,1,0,Running,0,0,0,0,healthy
0,43.6,12.1,1,0,Running,0,0,0,0,healthy
0,36.4,52.9,1,0,Unknown,0,0,0,0,healthy
0,42.2,43.4,1,0,Running,0,0,0,1,healthy
9,80.0,71.9,0,1,CrashLoopBackOff,0,0,0,3,probe_failure
3,46.4,67.3,0,0,Running,0,0,0,0,crash_loop
3,46.1,53.6,0,0,Error,0,0,0,10,probe_failure
1,53.1,56.7,0,0,CrashLoopBackOff,0,0,0,6,probe_failure
1,57.1,33.2,1,0,Unknown,0,0,0,0,healthy
0,7.9,18.1,0,0,ErrImagePull,0,2,0,0,image_pull_error
0,7.3,15.5,0,0,ImagePullBackOff,0,3,0,0,image_pull_error
6,69.6,65.4,0,1,Error,0,0,0,7,probe_failure
7,76.2,79.9,0,1,CrashLoopBackOff,0,0,0,5,probe_failure
2,26.5,80.5,0,139,OOMKilled,1,0,0,3,oom_killed
0,39.8,77.3,0,0,Running,0,0,0,0,crash_loop
0,0.4,20.2,0,1,Pending,0,4,0,0,image_pull_error
8,83.2,69.8,0,1,CrashLoopBackOff,0,0,0,3,probe_failure
4,83.3,84.8,0,1,CrashLoopBackOff,0,0,0,4,probe_failure
8,78.3,75.9,1,1,Error,0,0,0,7,probe_failure
2,71.8,85.6,1,139,CrashLoopBackOff,5,0,0,2,oom_killed
9,72.6,67.4,0,0,Running,0,0,0,6,crash_loop
8,77.4,65.9,0,1,CrashLoopBackOff,0,0,0,4,probe_failure
1,19.7,24.4,1,0,Running,0,0,0,0,healthy
0,14.6,65.3,1,0,Running,0,0,0,1,healthy
0,5.3,17.2,0,0,Unschedulable,0,0,6,0,scheduling_failure
0,13.1,51.3,1,0,Running,0,0,0,0,healthy
1,14.5,55.6,1,0,Running,0,0,0,1,healthy
2,44.0,79.0,0,1,CrashLoopBackOff,0,0,0,2,probe_failure
0,9.4,48.1,1,0,Unknown,0,0,0,0,healthy
0,24.8,47.0,1,0,Running,0,0,0,0,healthy
2,54.9,57.6,0,0,Error,0,0,0,9,probe_failure
7,62.0,66.4,0,0,CrashLoopBackOff,0,0,0,11,crash_loop
1,40.3,25.1,1,0,Running,0,0,0,1,healthy
9,71.2,69.6,0,1,CrashLoopBackOff,0,0,0,6,probe_failure
0,9.4,38.6,1,0,Unknown,0,0,0,0,healthy
0,45.4,37.9,1,0,Running,0,0,0,1,healthy
0,6.3,17.7,0,0,Pending,0,0,9,0,scheduling_failure
1,24.6,43.3,1,0,Running,0,0,0,0,healthy
7,87.9,69.3,0,2,CrashLoopBackOff,0,0,0,4,probe_failure
0,27.3,9.0,0,0,Unschedulable,0,0,6,0,scheduling_failure
0,11.5,28.2,1,0,Running,0,0,0,1,healthy
0,35.3,45.0,1,0,Unknown,0,0,0,0,healthy
7,83.8,72.3,0,1,Error,0,0,0,3,probe_failure
5,48.7,49.9,0,0,Running,0,0,0,1,crash_loop
0,6.9,10.6,0,1,ImagePullBackOff,0,4,0,1,image_pull_error
9,58.5,48.1,0,3,CrashLoopBackOff,0,0,0,1,crash_loop
8,50.2,44.8,1,0,Error,0,0,0,0,crash_loop
0,12.8,21.3,0,0,Pending,0,0,4,1,scheduling_failure
1,23.4,59.2,0,1,Error,0,0,0,5,probe_failure
0,6.7,22.3,0,0,ImagePullBackOff,0,5,0,0,scheduling_failure
11,75.8,66.2,1,1,Error,0,0,0,3,crash_loop
8,76.2,74.1,0,1,CrashLoopBackOff,0,0,0,4,probe_failure
10,57.6,60.9,0,1,Running,0,0,0,9,crash_loop
0,4.2,47.1,1,0,Unknown,0,0,0,0,healthy
1,0.0,48.3,1,0,Running,0,0,0,0,healthy
7,84.6,82.5,0,1,Error,0,0,0,3,probe_failure
7,85.9,59.2,0,0,Error,0,0,0,4,crash_loop
1,58.1,69.7,1,0,Running,0,0,0,5,probe_failure
9,66.5,63.9,0,2,Error,0,0,0,6,crash_loop
11,70.1,55.8,0,1,Error,0,0,0,0,crash_loop
4,66.4,49.4,0,0,Error,0,0,0,6,crash_loop
12,86.1,53.3,0,0,Running,0,0,0,4,crash_loop
10,86.3,41.7,0,2,Running,0,0,0,2,crash_loop
0,3.9,28.9,1,0,Unknown,0,0,0,1,healthy
1,4.9,53.1,1,0,Unknown,0,0,0,0,healthy
11,71.7,72.2,0,1,CrashLoopBackOff,0,0,0,5,probe_failure
2,39.8,40.0,0,0,Running,0,0,0,7,probe_failure
6,83.8,56.1,0,1,Error,0,0,0,5,probe_failure
0,13.1,12.5,0,0,Unschedulable,0,0,10,0,scheduling_failure
6,83.0,73.1,0,1,CrashLoopBackOff,0,0,0,3,probe_failure
8,67.0,72.8,0,1,CrashLoopBackOff,0,0,0,5,probe_failure
6,84.3,60.2,1,3,Error,0,0,0,5,crash_loop
5,0.0,62.7,1,1,Error,0,0,0,3,crash_loop
3,51.8,72.3,0,141,CrashLoopBackOff,3,0,0,2,oom_killed
1,59.2,38.1,0,1,CrashLoopBackOff,0,0,0,4,probe_failure
13,37.9,42.4,0,0,Error,0,0,0,4,crash_loop
0,10.4,35.7,1,0,Running,0,0,0,1,healthy
7,62.8,81.3,0,2,Error,0,0,0,4,probe_failure
1,13.1,53.5,1,0,Running,0,0,0,0,healthy
1,10.2,40.2,1,0,Running,0,0,0,0,healthy
0,2.9,7.6,0,0,Unschedulable,0,0,2,1,scheduling_failure
8,86.7,77.0,0,1,CrashLoopBackOff,0,0,0,4,probe_failure
9,75.7,74.5,0,1,CrashLoopBackOff,0,0,0,4,probe_failure
0,3.1,35.7,1,0,Unknown,0,0,0,0,healthy
2,35.3,43.9,0,1,Running,0,0,0,6,probe_failure
0,35.7,42.3,1,0,Unknown,0,0,0,0,healthy
1,30.3,43.6,1,0,Unknown,0,0,0,0,healthy
2,57.6,54.9,0,1,Error,0,0,0,0,probe_failure
0,68.3,71.0,0,1,Error,0,0,0,0,crash_loop
9,67.6,62.6,0,1,CrashLoopBackOff,0,0,0,4,probe_failure
10,59.4,64.4,0,1,CrashLoopBackOff,0,0,0,5,probe_failure
0,0.0,26.2,1,0,Running,0,0,0,0,healthy
1,14.4,22.4,1,0,Unknown,0,0,0,0,healthy
1,75.6,100.0,0,1,Error,0,0,0,3,crash_loop
0,16.0,35.3,1,0,Unknown,0,0,0,0,healthy
0,31.5,33.4,1,0,Unknown,0,0,0,0,healthy
8,76.5,79.2,0,1,CrashLoopBackOff,0,0,0,3,probe_failure
0,19.9,57.1,1,0,Running,0,0,0,0,healthy
0,24.4,19.4,1,0,Running,0,0,0,0,healthy
9,53.3,77.5,1,0,CrashLoopBackOff,0,0,0,5,crash_loop
6,15.9,82.0,0,143,OOMKilled,1,0,0,1,oom_killed
0,23.4,23.7,0,0,Pending,0,4,0,0,image_pull_error
10,100.0,36.4,0,1,Running,0,0,0,2,crash_loop
4,73.5,84.7,0,0,CrashLoopBackOff,0,0,0,5,probe_failure
8,39.9,77.4,0,3,Error,0,0,0,10,crash_loop
4,51.5,98.1,0,137,OOMKilled,3,0,0,2,oom_killed
8,33.8,49.1,0,1,Running,0,0,0,4,crash_loop
0,20.2,61.5,1,0,Unknown,0,0,0,0,healthy
5,41.7,78.1,1,134,CrashLoopBackOff,4,0,0,1,oom_killed
3,43.4,84.0,0,134,CrashLoopBackOff,1,0,0,1,oom_killed
8,82.3,100.0,0,3,Running,0,0,0,0,crash_loop
1,15.9,15.4,0,1,Pending,0,5,0,0,image_pull_error
1,29.2,48.3,1,0,Running,0,0,0,1,healthy
0,15.3,40.1,1,0,Running,0,0,0,0,healthy
1,47.8,67.6,0,0,CrashLoopBackOff,0,0,0,6,probe_failure
0,12.5,24.6,1,0,Running,0,0,0,0,healthy
0,26.4,40.1,1,0,Running,0,0,0,1,healthy
0,21.9,27.9,1,0,Running,0,0,0,0,healthy
9,69.0,84.8,0,1,CrashLoopBackOff,0,0,0,4,probe_failure
9,85.2,78.1,0,1,Error,0,0,0,3,probe_failure
5,48.6,49.3,0,1,Error,0,0,0,4,probe_failure
4,77.1,67.2,0,1,CrashLoopBackOff,0,0,0,3,probe_failure
8,65.5,70.6,0,2,CrashLoopBackOff,0,0,0,5,probe_failure
1,11.7,3.0,0,0,ContainerCreating,0,0,5,0,scheduling_failure
0,4.6,31.1,0,0,Unschedulable,0,0,7,1,scheduling_failure
2,39.3,62.1,0,0,CrashLoopBackOff,0,0,0,8,probe_failure
2,50.5,55.6,0,0,CrashLoopBackOff,0,0,0,5,probe_failure
0,22.9,37.4,1,0,Unknown,0,0,0,0,healthy
0,15.3,21.3,0,0,Pending,0,4,0,0,image_pull_error
6,82.1,79.8,0,1,Error,0,0,0,3,probe_failure
3,92.2,74.6,0,1,Error,0,0,0,3,crash_loop
9,77.4,70.2,0,1,Error,0,0,0,4,probe_failure
0,4.9,46.8,1,0,Unknown,0,0,0,1,healthy
1,9.8,31.3,0,0,Unschedulable,0,0,9,1,scheduling_failure
0,4.9,13.8,0,0,ContainerCreating,0,0,4,0,scheduling_failure
2,41.7,49.4,0,0,CrashLoopBackOff,0,0,0,5,probe_failure
1,23.5,39.0,1,0,Unknown,0,0,0,0,healthy
0,25.3,63.3,1,0,Running,0,0,0,0,healthy
0,49.6,87.5,0,138,OOMKilled,4,0,0,1,oom_killed
2,31.7,64.9,0,0,Error,0,0,0,4,probe_failure
11,72.3,62.2,0,0,CrashLoopBackOff,0,0,0,0,crash_loop
0,16.5,11.6,0,0,ContainerCreating,0,0,4,0,scheduling_failure
1,37.7,88.0,0,93,CrashLoopBackOff,2,0,0,0,oom_killed
3,55.4,64.6,0,0,Running,0,0,0,4,probe_failure
0,12.0,4.6,0,0,ContainerCreating,0,0,4,1,scheduling_failure
3,49.4,71.7,0,2,Running,0,0,0,10,probe_failure
1,9.2,18.2,0,0,Pending,0,0,3,0,scheduling_failure
6,88.1,74.2,0,0,CrashLoopBackOff,0,0,0,4,probe_failure
0,28.4,50.4,0,0,Running,0,0,0,0,healthy
0,42.4,10.6,1,0,Unknown,0,0,0,1,healthy
7,76.5,79.5,0,2,CrashLoopBackOff,0,0,0,6,probe_failure
2,83.0,61.9,0,1,Running,0,0,0,1,crash_loop
8,79.2,66.3,0,1,Error,0,0,0,4,probe_failure
1,4.0,18.3,0,0,Unschedulable,0,0,6,0,scheduling_failure
1,13.3,24.7,0,0,ErrImagePull,0,4,0,0,image_pull_error
4,48.5,98.5,0,137,Error,1,0,0,0,oom_killed
9,76.2,79.5,0,1,CrashLoopBackOff,0,0,0,5,probe_failure
4,78.5,78.2,0,2,Error,0,0,0,3,probe_failure
1,4.9,42.1,1,0,Running,0,0,0,0,healthy
7,75.2,72.7,0,1,Error,0,0,0,2,probe_failure
1,74.6,88.5,1,132,CrashLoopBackOff,2,0,0,1,oom_killed
8,68.8,69.2,0,1,Error,0,0,0,5,probe_failure
0,0.0,43.7,1,0,Running,0,0,0,0,healthy
4,45.1,100.0,0,137,Error,6,0,0,4,oom_killed
2,38.3,59.3,0,0,Error,0,0,0,1,probe_failure
0,15.6,24.1,1,0,Running,0,0,0,0,healthy
0,20.2,47.3,1,0,Unknown,0,0,0,0,healthy
0,0.7,50.5,1,0,Running,0,0,0,1,healthy
1,38.9,68.8,0,1,Running,0,0,0,8,probe_failure
0,56.9,23.1,1,0,Running,0,0,0,0,healthy
6,76.1,74.3,0,2,Error,0,0,0,4,crash_loop
0,21.4,14.7,0,0,Pending,0,5,0,0,image_pull_error
5,52.5,91.9,0,129,CrashLoopBackOff,4,0,0,2,oom_killed
1,22.4,36.1,1,0,Unknown,0,0,0,0,healthy
1,10.3,10.8,0,0,ErrImagePull,0,8,0,0,image_pull_error
4,52.8,73.0,0,0,Running,0,0,0,3,probe_failure
8,81.0,85.6,0,1,CrashLoopBackOff,0,0,0,6,probe_failure
3,62.1,79.5,1,138,CrashLoopBackOff,1,0,0,1,oom_killed
0,4.6,17.1,0,0,ContainerCreating,0,0,1,0,scheduling_failure
1,16.6,47.1,1,0,Running,0,0,0,0,healthy
0,26.0,41.6,1,0,Running,0,0,0,0,healthy
0,18.7,9.3,0,0,Pending,0,5,0,0,image_pull_error
8,75.1,92.1,0,89,Error,5,0,0,3,oom_killed
1,35.6,40.7,1,0,Running,0,0,0,0,healthy
9,84.0,54.5,0,1,CrashLoopBackOff,0,0,0,1,crash_loop
0,12.0,32.8,1,0,Running,0,0,0,1,healthy
0,35.6,40.4,1,0,Running,0,0,0,0,healthy
0,0.0,7.4,0,0,Unschedulable,0,0,5,0,scheduling_failure
1,42.3,87.5,0,139,CrashLoopBackOff,0,0,0,3,oom_killed
7,38.7,35.3,0,2,Running,0,0,0,5,crash_loop
0,7.9,10.5,1,0,Running,0,0,0,0,healthy
0,4.9,31.0,0,0,ErrImagePull,0,6,0,0,image_pull_error
0,2.9,27.8,1,0,Running,0,0,0,0,healthy
4,80.5,82.8,0,2,Error,0,0,0,2,crash_loop
9,64.5,81.9,1,1,CrashLoopBackOff,0,0,0,6,probe_failure
1,14.9,22.7,1,0,Running,0,0,0,1,healthy
8,71.6,55.8,0,0,CrashLoopBackOff,0,0,0,4,probe_failure
9,89.3,72.4,0,0,CrashLoopBackOff,0,0,0,3,probe_failure
6,82.8,61.1,0,1,CrashLoopBackOff,0,0,0,2,probe_failure
1,22.4,45.5,1,0,Running,0,0,0,0,healthy
1,8.3,15.1,0,0,Unschedulable,0,0,7,0,scheduling_failure
1,21.4,60.2,1,0,Running,0,0,0,0,healthy
8,64.3,69.3,0,0,CrashLoopBackOff,0,0,0,6,probe_failure
3,47.7,100.0,0,137,CrashLoopBackOff,3,0,0,3,oom_killed
0,34.2,47.7,1,0,Running,0,0,0,0,healthy
0,15.1,68.2,1,0,Unknown,0,0,0,0,healthy
10,73.4,71.4,0,1,Error,0,0,0,4,probe_failure
0,11.9,22.3,0,0,Pending,0,6,0,0,image_pull_error
0,54.4,75.6,1,86,OOMKilled,2,0,0,2,oom_killed
0,12.1,64.2,1,0,Running,0,0,0,1,healthy
0,0.0,37.6,1,0,Running,0,0,0,0,healthy
7,73.2,68.1,0,1,CrashLoopBackOff,0,0,0,5,probe_failure
8,85.6,79.5,0,1,Error,0,0,0,4,probe_failure
9,75.6,76.9,1,1,CrashLoopBackOff,0,0,0,5,probe_failure
0,19.7,40.9,1,0,Running,0,0,0,1,healthy
4,50.5,84.1,0,134,Error,1,0,0,3,oom_killed
10,81.0,57.9,0,2,CrashLoopBackOff,0,0,0,3,probe_failure
0,25.6,18.1,0,0,ErrImagePull,0,6,0,0,image_pull_error
0,9.3,21.2,0,0,ImagePullBackOff,0,7,0,1,image_pull_error
1,7.2,58.8,1,0,Running,0,0,0,0,healthy
3,59.9,70.9,0,3,CrashLoopBackOff,0,0,0,3,crash_loop
1,16.8,38.3,1,0,Running,0,0,0,0,healthy
9,58.7,81.1,0,2,CrashLoopBackOff,0,0,0,8,crash_loop
6,30.1,87.3,0,133,OOMKilled,1,0,0,1,oom_killed
0,23.5,20.4,1,0,Unknown,0,0,0,0,healthy
0,43.6,40.5,1,0,Running,0,0,0,0,healthy
0,37.5,49.5,1,0,Unknown,0,0,0,0,healthy
0,29.6,44.9,1,0,Running,0,0,0,0,healthy
9,76.2,79.7,0,1,CrashLoopBackOff,0,0,0,4,crash_loop
0,17.4,51.3,1,0,Running,0,0,0,0,healthy
4,69.1,75.7,0,1,CrashLoopBackOff,0,0,0,4,probe_failure
0,27.6,35.2,1,0,Running,0,0,0,1,healthy
2,38.5,47.6,0,0,Running,0,0,0,5,probe_failure
0,17.5,49.3,1,0,Running,0,0,0,0,healthy
8,73.7,67.3,0,1,CrashLoopBackOff,0,0,0,3,probe_failure
1,14.4,10.6,0,0,Unschedulable,0,0,1,0,scheduling_failure
0,11.5,10.6,0,0,ContainerCreating,0,0,6,1,scheduling_failure
7,77.2,78.1,0,2,CrashLoopBackOff,0,0,0,4,probe_failure
9,34.0,79.7,0,1,CrashLoopBackOff,0,0,0,4,crash_loop
0,0.0,36.2,1,0,Running,0,0,0,0,healthy
8,78.9,70.5,0,0,CrashLoopBackOff,0,0,0,3,probe_failure
7,67.8,73.4,0,1,CrashLoopBackOff,0,0,0,3,probe_failure
0,34.4,25.5,1,0,Running,0,0,0,0,healthy
0,17.8,52.5,1,0,Running,0,0,0,0,healthy
7,86.2,62.8,0,1,CrashLoopBackOff,0,0,0,0,probe_failure
0,45.8,38.2,1,0,Running,0,0,0,0,healthy
1,25.5,44.0,1,0,Running,0,0,0,1,healthy
9,86.5,74.4,0,2,CrashLoopBackOff,0,0,0,5,probe_failure
0,12.4,9.9,0,0,ErrImagePull,0,6,0,0,image_pull_error
0,3.1,41.7,1,0,Unknown,0,0,0,0,healthy
0,5.3,7.0,0,0,Unschedulable,0,0,7,0,scheduling_failure
0,6.7,8.5,0,0,ContainerCreating,0,0,4,1,scheduling_failure
10,70.6,77.4,0,0,Error,0,0,0,4,probe_failure
0,18.6,37.5,1,0,Running,0,0,0,0,healthy
10,72.6,75.1,0,2,CrashLoopBackOff,0,0,0,3,probe_failure
1,18.6,36.2,1,0,Running,0,0,0,0,healthy
0,29.1,40.4,1,0,Unknown,0,0,0,0,healthy
0,29.9,32.5,1,0,Running,0,0,0,0,healthy
0,7.9,19.2,0,0,Unschedulable,0,0,4,0,scheduling_failure
0,47.1,49.0,1,1,Error,0,0,0,5,probe_failure
0,28.9,28.1,1,0,Running,0,0,0,0,healthy
0,22.5,41.4,1,0,Unknown,0,0,0,0,healthy
5,77.5,81.9,0,1,Error,0,0,0,3,probe_failure
1,23.3,30.7,1,0,Running,0,0,0,0,healthy
0,12.1,26.2,1,0,Running,0,0,0,0,healthy
6,66.4,65.5,0,1,Error,0,0,0,6,crash_loop
1,20.5,30.5,1,0,Running,0,0,0,0,healthy
10,74.9,71.8,0,1,Error,0,0,0,4,probe_failure
1,37.5,68.8,1,0,Running,0,0,0,0,healthy
3,38.7,61.6,0,0,Error,0,0,0,3,probe_failure
10,77.1,73.0,0,0,CrashLoopBackOff,0,0,0,2,probe_failure
6,68.9,73.2,0,1,CrashLoopBackOff,0,0,0,6,crash_loop
4,36.0,99.5,0,138,OOMKilled,1,0,0,3,oom_killed
1,30.9,57.2,0,1,CrashLoopBackOff,0,0,0,6,probe_failure
3,30.5,89.0,0,140,Error,6,0,0,1,oom_killed
0,14.2,48.8,1,0,Unknown,0,0,0,0,healthy
6,70.6,64.9,0,1,CrashLoopBackOff,0,0,0,2,probe_failure
10,70.8,70.1,0,1,CrashLoopBackOff,0,0,0,4,probe_failure
7,78.7,67.4,0,0,CrashLoopBackOff,0,0,0,6,probe_failure
1,8.9,17.5,0,0,Unschedulable,0,0,6,1,scheduling_failure
7,83.2,72.7,0,1,CrashLoopBackOff,0,0,0,4,probe_failure
0,27.3,45.4,1,0,Running,0,0,0,0,healthy
0,48.5,59.8,0,0,Error,0,0,0,10,probe_failure
0,27.4,40.0,1,0,Unknown,0,0,0,0,healthy
1,55.1,49.3,0,1,CrashLoopBackOff,0,0,0,5,probe_failure
4,68.3,62.4,0,2,Error,0,0,0,1,crash_loop
1,17.9,40.1,1,0,Running,0,0,0,1,healthy
0,10.4,9.4,0,0,Pending,0,0,7,0,scheduling_failure
1,59.3,41.1,0,1,CrashLoopBackOff,0,0,0,6,probe_failure
0,18.3,32.2,1,0,Unknown,0,0,0,0,healthy
9,66.9,59.3,0,2,CrashLoopBackOff,0,0,0,4,probe_failure
10,76.7,80.1,0,2,CrashLoopBackOff,0,0,0,5,probe_failure
0,26.4,29.2,1,0,Unknown,0,0,0,0,healthy
2,41.2,53.6,0,0,CrashLoopBackOff,0,0,0,9,probe_failure
0,10.1,3.4,0,0,Pending,0,0,4,1,scheduling_failure
3,49.1,90.2,0,140,Error,2,0,0,2,oom_killed
0,17.8,36.9,1,0,Unknown,0,0,0,1,healthy
1,56.4,88.1,1,142,Error,2,0,0,3,oom_killed
1,23.5,93.1,0,133,Error,3,0,0,2,oom_killed
1,12.6,14.8,0,0,ImagePullBackOff,0,7,0,1,image_pull_error
0,13.4,51.8,1,0,Running,0,0,0,0,healthy
8,46.6,79.7,0,2,CrashLoopBackOff,0,0,0,3,crash_loop
1,70.5,61.6,0,1,CrashLoopBackOff,0,0,0,4,crash_loop
8,65.5,60.7,0,2,CrashLoopBackOff,0,0,0,5,probe_failure
0,26.4,21.6,0,0,ErrImagePull,0,3,0,0,image_pull_error
9,77.0,55.3,0,0,CrashLoopBackOff,0,0,0,6,crash_loop
3,69.3,67.1,0,0,Error,0,0,0,6,probe_failure
3,48.0,98.4,0,0,Error,0,0,0,3,crash_loop
0,19.3,12.0,0,0,ErrImagePull,0,5,0,0,image_pull_error
4,61.9,88.2,0,132,Error,5,0,0,2,oom_killed
1,76.1,81.8,0,85,OOMKilled,2,0,0,3,oom_killed
0,3.8,16.8,0,0,Pending,0,0,0,0,image_pull_error
6,60.2,83.8,0,91,CrashLoopBackOff,3,0,0,4,oom_killed
10,90.3,67.0,0,1,CrashLoopBackOff,0,0,0,3,probe_failure
8,69.8,63.3,0,0,CrashLoopBackOff,0,0,0,6,probe_failure
3,58.5,88.1,1,135,CrashLoopBackOff,3,0,0,1,oom_killed
0,5.4,7.3,0,1,Pending,0,6,0,1,image_pull_error
10,68.6,59.2,0,1,Error,0,0,0,4,probe_failure
0,1.4,21.1,0,0,ImagePullBackOff,0,1,0,0,image_pull_error
0,20.2,52.8,1,0,Running,0,0,0,1,healthy
0,6.6,19.0,0,0,ContainerCreating,0,0,9,0,scheduling_failure
0,12.3,22.2,0,0,ContainerCreating,0,0,5,0,scheduling_failure
0,36.4,54.3,1,0,Running,0,0,0,0,healthy
0,40.3,54.6,1,0,Running,0,0,0,1,healthy
0,21.1,41.8,1,0,Running,0,0,0,0,healthy
0,24.5,27.2,1,0,Running,0,0,0,0,healthy
1,55.1,73.0,0,1,Error,0,0,0,6,probe_failure
3,67.4,96.9,0,140,OOMKilled,3,0,0,3,oom_killed
1,48.5,85.0,0,93,Error,2,0,0,2,oom_killed
8,77.9,71.5,0,1,CrashLoopBackOff,0,0,0,3,probe_failure
1,19.5,38.2,0,1,CrashLoopBackOff,0,0,0,1,probe_failure
3,95.8,62.7,0,1,Error,0,0,0,9,crash_loop
0,22.7,32.2,1,0,Unknown,0,0,0,0,healthy
15,61.0,64.8,0,3,Running,0,0,0,6,crash_loop
0,9.2,45.4,1,0,Running,0,0,0,0,healthy
7,71.2,65.8,0,1,Error,0,0,0,3,probe_failure
9,85.8,83.9,0,1,Error,0,0,0,4,probe_failure
10,71.7,54.6,0,1,CrashLoopBackOff,0,0,0,3,probe_failure
0,21.3,56.2,1,0,Running,0,0,0,0,healthy
6,80.9,62.8,0,1,Error,0,0,0,2,probe_failure
1,47.4,62.9,0,0,Error,0,0,0,2,probe_failure
1,46.2,92.8,0,139,OOMKilled,2,0,0,3,oom_killed
0,3.0,15.0,0,0,Pending,0,0,7,1,scheduling_failure
1,44.0,23.5,1,0,Running,0,0,0,0,healthy
0,2.4,15.4,0,0,ContainerCreating,0,0,9,0,scheduling_failure
9,76.8,88.3,0,1,CrashLoopBackOff,0,0,0,2,probe_failure
0,7.6,12.0,0,0,Unschedulable,0,0,5,0,scheduling_failure
4,63.3,100.0,0,135,OOMKilled,3,0,0,1,oom_killed
2,40.7,51.2,1,1,Error,0,0,0,5,probe_failure
7,79.7,77.9,0,1,CrashLoopBackOff,0,0,0,2,probe_failure
0,1.2,26.4,1,0,Running,0,0,0,1,healthy
8,81.6,73.2,0,1,CrashLoopBackOff,0,0,0,4,probe_failure
0,21.4,40.2,1,0,Running,0,0,0,0,healthy
1,24.3,62.9,1,0,Running,0,0,0,0,healthy
3,64.0,100.0,0,136,Error,4,0,0,4,oom_killed
7,81.4,67.7,0,1,Error,0,0,0,6,probe_failure
0,29.0,52.5,1,0,Running,0,0,0,0,healthy
0,9.2,21.4,0,0,ContainerCreating,0,0,5,0,scheduling_failure
3,32.0,90.6,0,89,OOMKilled,3,0,0,1,oom_killed
0,47.3,24.7,1,0,Running,0,0,0,1,healthy
0,33.2,55.4,1,0,Running,0,0,0,0,healthy
0,3.0,28.8,0,0,Pending,0,4,0,0,image_pull_error
5,61.1,79.9,0,2,CrashLoopBackOff,0,0,0,1,crash_loop
0,15.3,12.2,0,0,ContainerCreating,0,0,4,1,scheduling_failure
8,79.0,86.7,0,1,Error,0,0,0,3,probe_failure
1,31.4,61.1,0,1,CrashLoopBackOff,0,0,0,7,probe_failure
1,56.6,41.2,1,0,Running,0,0,0,0,healthy
1,9.9,44.7,1,0,Running,0,0,0,0,healthy
16,91.7,40.7,1,0,Running,0,0,0,5,crash_loop
0,19.1,49.1,1,0,Running,0,0,0,0,healthy
2,65.5,99.4,0,142,Error,3,0,0,3,oom_killed
0,42.3,31.0,1,0,Running,0,0,0,0,healthy
9,79.2,60.0,0,2,CrashLoopBackOff,0,0,0,3,probe_failure
1,0.0,26.9,1,0,Running,0,0,0,0,healthy
0,19.7,44.8,1,0,Running,0,0,0,0,healthy
9,82.4,69.6,1,2,CrashLoopBackOff,0,0,0,4,probe_failure
0,13.7,24.4,1,0,Running,0,0,0,0,healthy
3,58.5,95.1,0,132,OOMKilled,4,0,0,0,oom_killed
1,45.4,39.8,1,0,Running,0,0,0,0,healthy
0,12.7,42.8,1,0,Running,0,0,0,0,healthy
11,72.9,65.8,0,1,Error,0,0,0,10,crash_loop
0,21.7,41.1,1,0,Unknown,0,0,0,1,healthy
8,67.6,90.1,0,1,Error,0,0,0,3,probe_failure
9,88.2,68.0,0,0,CrashLoopBackOff,0,0,0,5,probe_failure
1,11.3,23.4,1,0,Pending,0,7,0,0,image_pull_error
7,72.2,70.2,0,1,CrashLoopBackOff,0,0,0,3,probe_failure
0,22.8,52.2,1,0,Running,0,0,0,0,healthy
0,12.6,19.7,0,0,ContainerCreating,0,0,6,0,scheduling_failure
1,13.9,20.1,1,0,ImagePullBackOff,0,9,0,1,image_pull_error
0,9.8,46.5,1,0,Unknown,0,0,0,0,healthy
12,54.2,74.6,0,2,CrashLoopBackOff,0,0,0,4,crash_loop
0,4.6,3.8,0,0,ContainerCreating,0,0,6,0,scheduling_failure
0,23.7,28.3,1,0,Running,0,0,0,0,healthy
0,9.4,47.0,1,0,Running,0,0,0,0,healthy
0,35.3,19.4,1,0,Running,0,0,0,0,healthy
0,19.0,16.6,0,0,ImagePullBackOff,0,1,0,0,image_pull_error
1,8.2,39.1,1,0,Unknown,0,0,0,0,scheduling_failure
0,65.7,71.0,0,0,CrashLoopBackOff,0,0,0,7,crash_loop
7,62.9,76.8,0,1,CrashLoopBackOff,0,0,0,3,probe_failure
1,12.3,61.5,1,0,Running,0,0,0,0,healthy
0,5.8,51.4,1,0,Running,0,0,0,0,healthy
7,71.2,71.6,0,1,CrashLoopBackOff,0,0,0,6,probe_failure
4,42.9,78.5,0,80,CrashLoopBackOff,3,0,0,2,oom_killed
0,9.2,15.3,0,0,Pending,0,0,7,1,scheduling_failure
9,75.5,64.1,0,1,CrashLoopBackOff,0,0,0,3,probe_failure
7,65.0,62.1,0,1,CrashLoopBackOff,0,0,0,5,probe_failure
9,90.0,60.2,0,1,CrashLoopBackOff,0,0,0,3,probe_failure
7,83.6,66.7,0,1,Error,0,0,0,3,probe_failure
0,10.5,18.4,0,0,Pending,0,7,0,0,image_pull_error
0,38.2,19.7,1,0,Running,0,0,0,0,healthy
1,46.4,34.8,1,0,Unknown,0,0,0,0,healthy
0,32.3,36.9,1,0,Running,0,0,0,0,healthy
7,66.2,45.5,0,2,Error,0,0,0,0,crash_loop
4,82.0,74.3,0,1,CrashLoopBackOff,0,0,0,2,probe_failure
0,34.7,45.2,1,0,Unknown,0,0,0,1,oom_killed
0,14.1,12.5,0,0,Pending,0,0,5,0,scheduling_failure
1,16.2,15.4,0,0,Pending,0,6,0,0,image_pull_error
10,71.3,58.3,0,1,CrashLoopBackOff,0,0,0,3,probe_failure
0,35.3,37.8,1,0,Running,0,0,0,0,healthy
0,17.6,40.1,1,0,Unknown,0,0,0,0,healthy
5,65.3,78.7,0,1,CrashLoopBackOff,0,0,0,2,probe_failure
5,67.7,78.5,0,85,OOMKilled,5,0,0,3,oom_killed
8,74.6,72.7,0,2,Error,0,0,0,5,probe_failure
8,34.1,69.6,0,0,Running,0,0,0,4,crash_loop
0,40.5,14.1,1,0,Unknown,0,0,0,0,healthy
7,45.3,79.7,0,0,Error,0,0,0,6,crash_loop
7,71.3,96.3,0,2,CrashLoopBackOff,0,0,0,4,crash_loop
0,25.7,27.0,1,0,Running,0,0,0,0,healthy
6,59.2,73.2,0,0,Error,0,0,0,3,crash_loop
7,77.5,68.3,0,1,CrashLoopBackOff,0,0,0,4,probe_failure
0,12.3,12.9,0,0,Pending,0,0,9,0,scheduling_failure
0,3.5,13.6,0,0,Pending,0,0,6,0,scheduling_failure
1,15.9,28.5,1,0,Running,0,0,0,0,healthy
8,68.2,81.8,0,2,CrashLoopBackOff,0,0,0,4,probe_failure
3,84.7,60.8,0,0,CrashLoopBackOff,0,0,0,8,probe_failure
1,27.2,65.5,0,0,Running,0,0,0,0,healthy
0,5.3,19.5,0,0,ContainerCreating,0,0,5,0,scheduling_failure
0,18.6,14.2,0,0,ImagePullBackOff,0,0,0,0,image_pull_error
8,81.3,71.4,0,1,CrashLoopBackOff,0,0,0,0,crash_loop
10,52.7,100.0,0,1,CrashLoopBackOff,0,0,0,7,crash_loop
2,65.8,62.0,0,1,CrashLoopBackOff,0,0,0,2,probe_failure
5,27.4,100.0,0,89,OOMKilled,0,0,0,2,oom_killed
8,74.5,67.3,0,1,CrashLoopBackOff,0,0,0,3,probe_failure
1,0.7,12.6,0,0,Unschedulable,0,0,9,1,scheduling_failure
2,52.9,57.7,0,1,Running,0,0,0,0,probe_failure
0,22.3,42.4,1,0,Running,0,0,0,0,healthy
0,42.9,46.6,1,0,Running,0,0,0,1,healthy
8,80.1,73.4,0,1,CrashLoopBackOff,0,0,0,3,probe_failure
4,43.6,96.9,0,134,CrashLoopBackOff,2,0,0,3,oom_killed
0,9.8,30.3,1,0,Unknown,0,0,0,0,healthy
0,6.9,18.4,0,0,Pending,0,0,6,1,scheduling_failure
11,73.5,79.1,0,0,Error,0,0,0,6,probe_failure
2,26.4,100.0,0,0,Running,0,0,0,2,crash_loop
8,45.7,49.8,0,0,Error,0,0,0,4,crash_loop
10,78.3,72.9,0,1,Error,0,0,0,7,probe_failure
6,60.4,62.0,0,1,Error,0,0,0,6,probe_failure
0,15.1,21.2,0,0,Pending,0,0,0,0,scheduling_failure
4,43.2,100.0,0,139,Error,4,0,0,3,oom_killed
0,46.4,69.7,1,0,Unknown,0,0,0,0,healthy
1,1.9,18.4,0,0,ErrImagePull,0,5,0,0,image_pull_error
9,45.0,51.9,1,1,Running,0,0,0,11,crash_loop
6,83.2,53.0,0,0,CrashLoopBackOff,0,0,0,5,crash_loop
2,22.7,61.2,1,2,Error,0,0,0,3,probe_failure
6,73.8,80.2,0,1,Error,0,0,0,4,probe_failure
0,9.7,14.1,0,0,ContainerCreating,0,0,5,0,scheduling_failure
0,41.0,58.7,1,0,Running,0,0,0,0,healthy
2,50.0,94.4,0,136,CrashLoopBackOff,3,0,0,1,oom_killed
1,14.7,36.3,1,0,Running,0,0,0,0,healthy
11,72.9,70.5,0,1,CrashLoopBackOff,0,0,0,4,probe_failure
0,8.8,9.8,0,0,Pending,0,0,8,0,scheduling_failure
7,88.3,66.8,0,1,Error,0,0,0,4,probe_failure
8,74.1,78.6,0,1,CrashLoopBackOff,0,0,0,5,probe_failure
10,87.8,67.9,0,1,Error,0,0,0,4,probe_failure
10,85.3,73.1,0,1,Error,0,0,0,2,probe_failure
8,75.7,86.0,0,1,Error,0,0,0,5,probe_failure
9,86.4,72.8,0,0,CrashLoopBackOff,0,0,0,4,probe_failure
2,39.4,55.8,0,0,CrashLoopBackOff,0,0,0,2,probe_failure
9,81.3,74.3,0,1,Error,0,0,0,2,probe_failure
11,74.4,60.1,0,0,CrashLoopBackOff,0,0,0,3,probe_failure
0,0.0,29.7,0,0,ErrImagePull,0,4,0,1,image_pull_error
3,48.9,82.3,0,94,Error,2,0,0,0,oom_killed
4,82.7,72.7,0,1,Error,0,0,0,4,probe_failure
9,71.8,78.5,0,1,Error,0,0,0,5,probe_failure
4,55.7,67.7,0,0,Running,0,0,0,6,probe_failure
13,75.4,58.0,0,2,CrashLoopBackOff,0,0,0,4,crash_loop
8,75.0,68.4,0,1,CrashLoopBackOff,0,0,0,4,probe_failure
0,29.1,54.6,1,0,Running,0,0,0,1,healthy
12,74.8,58.2,0,0,CrashLoopBackOff,0,0,0,5,probe_failure
0,4.3,38.3,1,0,Unknown,0,0,0,0,healthy
9,78.9,74.7,0,1,CrashLoopBackOff,0,0,0,3,probe_failure
8,75.0,70.2,0,1,CrashLoopBackOff,0,0,0,4,probe_failure
8,72.5,65.8,0,1,CrashLoopBackOff,0,0,0,5,probe_failure
9,0.0,50.7,0,2,Running,0,0,0,8,crash_loop
2,60.0,48.7,0,0,CrashLoopBackOff,0,0,0,3,probe_failure
0,40.9,31.3,1,0,Running,0,0,0,1,healthy
2,14.7,66.4,1,0,CrashLoopBackOff,0,0,0,4,probe_failure
2,68.7,63.7,0,0,Error,0,0,0,4,probe_failure
7,55.2,54.9,0,2,Running,0,0,0,3,crash_loop
10,73.9,84.2,0,0,Error,0,0,0,5,probe_failure
8,69.1,71.8,0,1,Error,0,0,0,4,probe_failure
0,40.2,49.6,1,0,Running,0,0,0,7,probe_failure
5,87.2,79.4,0,1,CrashLoopBackOff,0,0,0,5,probe_failure
4,61.5,98.7,0,135,Error,2,0,0,1,oom_killed
8,80.4,79.6,0,1,Error,0,0,0,3,probe_failure
0,11.6,9.4,0,0,Pending,0,7,0,0,image_pull_error
4,52.4,81.5,0,138,CrashLoopBackOff,1,0,0,3,oom_killed
1,12.9,21.5,0,0,ContainerCreating,0,0,9,0,scheduling_failure
10,82.9,68.7,0,1,CrashLoopBackOff,0,0,0,5,probe_failure
0,32.6,39.8,1,0,Unknown,0,0,0,0,healthy
9,88.5,88.6,0,2,Error,0,0,0,2,crash_loop
1,29.3,51.7,1,0,Running,0,0,0,0,healthy
8,69.3,72.1,0,1,Error,0,0,0,4,probe_failure
0,36.4,41.6,1,0,Running,0,0,0,0,healthy
2,29.1,50.8,0,0,Running,0,0,0,2,probe_failure
0,44.8,65.2,1,0,Running,0,0,0,0,healthy
10,42.1,71.6,0,0,CrashLoopBackOff,0,0,0,7,crash_loop
0,18.5,35.9,1,0,Running,0,0,0,0,healthy
0,2.6,17.1,0,0,ContainerCreating,0,0,3,0,scheduling_failure
2,62.3,54.3,0,0,Running,0,0,0,3,probe_failure
0,6.3,15.3,0,0,ContainerCreating,0,0,5,0,scheduling_failure
0,0.8,10.8,0,0,ImagePullBackOff,0,5,0,0,image_pull_error
0,81.2,40.6,1,1,Running,0,0,0,2,crash_loop
0,11.0,39.4,0,0,Running,0,0,0,0,healthy
0,25.2,32.0,1,0,Running,0,0,0,1,healthy
1,49.9,58.8,0,0,CrashLoopBackOff,0,0,0,5,probe_failure
1,50.7,59.9,0,1,CrashLoopBackOff,0,0,0,6,probe_failure
0,21.4,16.1,0,1,Pending,0,2,0,0,image_pull_error
14,60.1,59.9,0,1,Running,0,0,0,4,crash_loop
9,84.8,69.9,0,1,CrashLoopBackOff,0,0,0,3,probe_failure
9,86.5,67.6,0,1,Error,0,0,0,4,probe_failure
0,29.9,45.1,1,0,Running,0,0,0,1,healthy
0,11.9,42.1,1,0,Running,0,0,0,0,healthy
1,49.7,42.8,1,0,Running,0,0,0,0,healthy
1,7.4,24.2,1,0,Running,0,0,0,0,healthy
1,53.7,48.4,1,0,Unknown,0,0,0,0,healthy
9,34.9,93.3,0,1,Running,0,0,0,3,crash_loop
7,65.7,64.5,0,1,Running,0,0,0,2,crash_loop
0,5.1,22.7,0,0,Pending,0,0,5,0,scheduling_failure
1,36.8,49.2,1,0,Unknown,0,0,0,0,healthy
12,79.4,81.0,0,1,CrashLoopBackOff,0,0,0,4,probe_failure
0,25.5,31.2,1,0,Unknown,0,0,0,0,healthy
0,76.4,67.4,0,1,CrashLoopBackOff,0,0,0,5,crash_loop
0,12.1,45.4,1,0,Running,0,0,0,0,healthy
0,17.7,6.7,1,1,ErrImagePull,0,6,0,1,image_pull_error
1,15.8,19.8,0,0,ContainerCreating,0,0,3,0,scheduling_failure
0,48.5,29.8,1,0,Running,0,0,0,0,healthy
9,76.9,76.1,0,1,Error,0,0,0,3,probe_failure
0,28.4,62.3,1,0,Running,0,0,0,0,healthy
1,26.6,41.3,1,0,Unknown,0,0,0,0,healthy
0,4.0,15.6,0,0,Pending,0,0,5,1,scheduling_failure
1,11.0,32.4,0,0,ContainerCreating,0,0,3,0,scheduling_failure
3,29.4,57.4,0,142,CrashLoopBackOff,4,0,0,1,oom_killed
4,60.1,92.4,0,136,CrashLoopBackOff,6,0,0,2,oom_killed
0,4.0,22.4,0,0,ErrImagePull,0,3,0,0,image_pull_error
4,57.2,86.0,0,96,Error,2,0,0,2,oom_killed
5,47.0,69.3,0,1,Running,0,0,0,9,probe_failure
0,16.5,14.4,0,0,ErrImagePull,0,5,0,0,image_pull_error
8,78.4,82.8,0,1,Error,0,0,0,4,probe_failure
1,25.1,36.0,1,0,Running,0,0,0,0,healthy
8,77.4,58.3,0,1,Error,0,0,0,6,probe_failure
3,62.6,57.7,1,0,Error,0,0,0,4,probe_failure
2,55.1,57.3,0,0,Error,0,0,0,3,probe_failure
12,85.4,86.3,0,2,CrashLoopBackOff,0,0,0,5,probe_failure
11,37.3,79.9,0,0,Error,0,0,0,1,crash_loop
0,15.3,33.3,1,0,Running,0,0,0,1,healthy
3,65.6,89.6,0,137,Error,2,0,0,3,oom_killed
1,24.7,58.7,1,0,Unknown,0,0,0,1,healthy
8,76.5,65.1,0,1,CrashLoopBackOff,0,0,0,4,probe_failure
7,73.7,68.6,0,1,Error,0,0,0,3,probe_failure
8,74.4,81.8,0,1,Error,0,0,0,3,probe_failure
3,41.4,79.0,0,135,Error,2,0,0,0,oom_killed
8,79.0,70.5,0,0,CrashLoopBackOff,0,0,0,3,probe_failure
2,43.7,52.6,0,1,Error,0,0,0,8,probe_failure
0,3.3,16.2,0,0,ContainerCreating,0,0,6,1,scheduling_failure
5,86.1,58.5,0,1,CrashLoopBackOff,0,0,0,2,crash_loop
0,8.0,22.7,0,0,ContainerCreating,0,0,6,0,scheduling_failure
4,44.5,97.9,0,135,OOMKilled,5,0,0,3,oom_killed
4,51.9,84.9,1,142,CrashLoopBackOff,0,0,0,1,oom_killed
0,12.1,24.5,0,0,Unschedulable,0,0,8,1,scheduling_failure
1,3.8,44.0,1,0,Running,0,0,0,0,probe_failure
6,67.3,82.5,0,0,Error,0,0,0,3,probe_failure
8,84.4,69.2,0,1,Error,0,0,0,3,probe_failure
1,17.8,30.0,0,0,Pending,0,3,0,0,image_pull_error
1,18.7,21.5,1,0,Running,0,0,0,0,healthy
8,81.5,78.3,1,2,CrashLoopBackOff,0,0,0,6,crash_loop
0,8.5,18.6,0,0,ImagePullBackOff,0,6,0,0,image_pull_error
0,16.1,13.3,0,0,ErrImagePull,0,8,0,0,image_pull_error
0,35.6,51.1,1,0,Running,0,0,0,0,healthy
4,56.0,82.3,0,0,Running,0,0,0,5,probe_failure
0,38.6,42.7,1,0,Running,0,0,0,0,healthy
2,49.6,40.4,1,1,Running,0,0,0,2,healthy
8,75.4,71.6,0,1,CrashLoopBackOff,0,0,0,4,probe_failure
0,13.6,56.9,1,0,Running,0,0,0,0,healthy
0,4.8,16.2,0,0,ContainerCreating,0,0,6,0,scheduling_failure
1,29.7,100.0,0,137,CrashLoopBackOff,0,0,0,4,oom_killed
1,29.8,38.4,1,0,Running,0,0,0,0,healthy
6,49.5,70.8,0,2,Error,0,0,0,4,crash_loop
8,80.7,80.0,0,1,CrashLoopBackOff,0,0,0,3,probe_failure
6,60.4,77.3,0,0,Error,0,0,0,4,probe_failure
9,77.0,81.7,0,1,CrashLoopBackOff,0,0,0,6,probe_failure
0,21.3,42.7,1,0,Running,0,0,0,1,healthy
9,54.6,43.0,0,0,Running,0,0,0,5,crash_loop
0,35.1,31.5,1,0,Running,0,0,0,0,healthy
3,35.9,45.9,0,1,CrashLoopBackOff,0,0,0,1,probe_failure
4,44.6,90.5,0,136,CrashLoopBackOff,0,0,0,1,oom_killed
0,15.5,21.5,0,0,Unschedulable,0,0,7,0,scheduling_failure
2,63.4,67.1,0,0,Error,0,0,0,9,probe_failure
0,3.2,18.4,0,0,ErrImagePull,0,7,0,0,image_pull_error
1,13.0,46.9,1,0,Unknown,0,0,0,0,healthy
1,36.7,38.2,1,0,Running,0,0,0,1,healthy
8,66.0,83.5,0,1,CrashLoopBackOff,0,0,0,4,probe_failure
0,6.9,30.3,1,0,Running,0,0,0,0,healthy
1,26.4,28.1,1,0,Running,0,0,0,1,healthy
0,8.9,57.5,1,0,Running,0,0,0,1,healthy
4,47.6,59.0,0,1,CrashLoopBackOff,0,0,0,6,probe_failure
6,77.9,76.2,0,1,Error,0,0,0,4,probe_failure
5,71.3,73.6,0,2,CrashLoopBackOff,0,0,0,3,probe_failure
1,0.2,14.1,0,0,ImagePullBackOff,0,4,0,0,image_pull_error
1,17.5,48.5,1,0,Unknown,0,0,0,0,healthy
2,44.4,100.0,0,139,OOMKilled,1,0,0,2,oom_killed
1,18.3,40.5,1,0,Unknown,0,0,0,1,healthy
0,8.2,13.9,0,0,ImagePullBackOff,0,6,0,0,image_pull_error
7,77.6,61.2,0,1,CrashLoopBackOff,0,0,0,5,probe_failure
11,47.9,100.0,1,0,Running,0,0,0,0,crash_loop
9,81.1,77.0,0,1,CrashLoopBackOff,0,0,0,3,probe_failure
7,66.5,68.3,0,1,CrashLoopBackOff,0,0,0,3,probe_failure
2,51.2,88.7,0,141,CrashLoopBackOff,5,0,0,3,oom_killed
0,14.5,10.6,0,0,Pending,0,6,0,0,image_pull_error
1,23.9,51.3,1,0,Unknown,0,0,0,0,healthy
0,6.1,17.3,0,0,Pending,0,0,7,1,scheduling_failure
7,72.3,78.1,0,1,Error,0,0,0,3,probe_failure
1,12.4,49.0,1,0,Running,0,0,0,0,healthy
9,51.2,52.5,0,1,Running,0,0,0,4,crash_loop
0,30.6,27.6,1,0,Unknown,0,0,0,0,healthy
0,8.8,2.7,1,0,Running,0,0,0,0,healthy
0,25.6,52.7,1,0,Running,0,0,0,0,healthy
2,65.2,80.4,0,1,Error,0,0,0,5,crash_loop
9,86.8,67.9,0,1,CrashLoopBackOff,0,0,0,1,probe_failure
4,59.7,95.0,0,86,CrashLoopBackOff,0,0,0,1,oom_killed
1,15.8,10.5,0,0,ContainerCreating,0,0,5,0,scheduling_failure
0,11.7,11.1,0,0,Pending,0,0,9,0,scheduling_failure
6,71.6,73.1,0,1,Error,0,0,0,4,probe_failure
0,0.0,23.8,1,0,Running,0,0,0,0,healthy
1,42.8,30.7,1,0,Running,0,0,0,0,healthy
0,8.6,24.1,0,0,Unschedulable,0,0,8,0,scheduling_failure
8,76.8,60.4,0,0,Error,0,0,0,5,probe_failure
6,74.4,78.5,0,136,OOMKilled,4,0,0,1,oom_killed
0,41.4,61.1,0,1,Running,0,0,0,4,probe_failure
2,43.7,53.8,0,0,Running,0,0,0,5,probe_failure
5,36.2,97.9,0,135,CrashLoopBackOff,4,0,0,4,oom_killed
1,20.6,43.2,1,0,Unknown,0,0,0,0,healthy
13,74.8,73.6,0,1,CrashLoopBackOff,0,0,0,5,probe_failure
0,19.7,31.8,1,0,Running,0,0,0,0,healthy
0,22.4,38.8,1,0,Unknown,0,0,0,1,healthy
4,50.7,92.3,0,140,Error,1,0,0,0,scheduling_failure
2,41.1,45.5,1,0,Running,0,0,0,10,probe_failure
0,14.4,47.6,1,0,Running,0,0,0,0,healthy
0,24.9,51.7,1,0,Unknown,0,0,0,0,healthy
8,74.7,72.4,0,2,CrashLoopBackOff,0,0,0,4,probe_failure
8,70.5,74.0,0,1,CrashLoopBackOff,0,0,0,5,probe_failure
7,76.7,80.0,0,1,Error,0,0,0,5,probe_failure
1,32.6,31.6,1,0,Running,0,0,0,1,healthy
1,29.4,48.2,1,0,Running,0,0,0,0,healthy
9,78.6,67.2,0,0,Error,0,0,0,4,probe_failure
0,9.7,9.7,0,0,Pending,0,0,5,0,scheduling_failure
0,10.1,19.9,0,1,Pending,0,6,0,0,image_pull_error
0,35.2,49.8,1,0,Running,0,0,0,0,healthy
0,75.6,65.5,0,87,CrashLoopBackOff,3,0,0,1,oom_killed
0,15.2,34.8,1,0,Unknown,0,0,0,0,healthy
1,21.4,51.9,1,0,Running,0,0,0,0,healthy
0,34.2,14.6,1,0,Unknown,0,0,0,0,healthy
1,21.9,59.7,1,0,Running,0,0,0,0,healthy
2,41.4,62.4,1,1,CrashLoopBackOff,0,0,0,8,probe_failure
0,45.2,88.4,0,83,CrashLoopBackOff,2,0,0,2,oom_killed
0,6.1,8.5,0,0,ContainerCreating,0,0,3,0,scheduling_failure
1,17.7,22.0,0,0,ErrImagePull,0,4,0,0,image_pull_error
1,8.0,44.7,1,0,Running,0,0,0,0,healthy
9,80.0,74.6,0,1,CrashLoopBackOff,0,0,0,2,probe_failure
10,59.5,87.1,0,2,CrashLoopBackOff,0,0,0,9,crash_loop
6,64.7,78.7,0,1,Error,0,0,0,5,probe_failure
8,72.6,77.1,0,1,Error,0,0,0,5,probe_failure
0,4.7,14.9,0,1,ErrImagePull,0,7,0,0,image_pull_error
4,59.9,78.0,0,2,Running,0,0,0,4,crash_loop
0,99.7,56.7,0,0,Running,0,0,0,3,crash_loop
0,24.1,34.5,1,0,Running,0,0,0,0,healthy
0,28.2,46.4,1,0,Running,0,0,0,0,healthy
9,85.1,69.7,0,1,CrashLoopBackOff,0,0,0,5,probe_failure
12,68.6,82.4,0,2,CrashLoopBackOff,0,0,0,4,probe_failure
8,63.0,87.1,0,2,CrashLoopBackOff,0,0,0,4,crash_loop
0,22.2,44.1,1,0,Running,0,0,0,0,healthy
7,78.3,68.4,0,1,CrashLoopBackOff,0,0,0,3,probe_failure
3,58.1,67.0,0,132,CrashLoopBackOff,1,0,0,2,crash_loop
2,46.6,88.8,0,134,OOMKilled,4,0,0,1,oom_killed
1,21.1,36.9,1,0,Running,0,0,0,0,healthy
0,20.6,33.9,1,0,Running,0,0,0,0,healthy
0,18.1,50.8,1,0,Running,0,0,0,0,healthy
12,100.0,46.8,0,1,Error,0,0,0,7,crash_loop
0,23.6,35.1,1,0,Running,0,0,0,1,healthy
0,21.2,22.3,0,2,ErrImagePull,0,9,0,0,image_pull_error
0,22.8,36.2,1,0,Running,0,0,0,0,healthy
0,6.2,40.3,1,0,Unknown,0,0,0,1,healthy
0,19.7,17.6,1,0,Running,0,0,0,0,healthy
0,2.2,29.8,0,0,Unknown,0,0,0,0,healthy
5,78.7,57.3,0,2,Error,0,0,0,4,probe_failure
9,68.2,75.5,1,1,CrashLoopBackOff,0,0,0,3,probe_failure
0,0.0,14.5,0,0,ContainerCreating,0,0,5,1,scheduling_failure
4,42.2,100.0,1,139,OOMKilled,4,0,0,1,oom_killed
1,21.6,70.3,1,0,Running,0,0,0,1,healthy
8,69.5,78.2,0,1,CrashLoopBackOff,0,0,0,3,probe_failure
1,39.1,62.3,1,0,Running,0,0,0,4,probe_failure
0,10.8,18.1,0,1,Pending,0,8,0,0,image_pull_error
0,1.5,18.9,0,0,ContainerCreating,0,0,7,0,scheduling_failure
14,57.8,53.6,0,1,Running,0,0,0,6,crash_loop
6,62.8,53.2,1,1,CrashLoopBackOff,0,0,0,2,crash_loop
1,35.2,40.5,1,0,Unknown,0,0,0,0,healthy
11,83.4,73.1,0,0,Error,0,0,0,3,probe_failure
7,65.5,80.8,0,1,Error,0,0,0,5,probe_failure
0,26.1,33.5,1,0,Unknown,0,0,0,0,healthy
1,32.5,53.3,1,0,Running,0,0,0,0,healthy
0,24.2,43.6,1,0,Running,0,0,0,0,healthy
1,36.5,37.5,1,0,Running,0,0,0,0,healthy
0,33.8,38.9,1,0,Running,0,0,0,0,healthy
1,22.1,48.6,1,0,Running,0,0,0,0,healthy
8,67.4,61.0,0,2,Error,0,0,0,5,probe_failure
0,36.1,19.6,1,0,Running,0,0,0,0,healthy
0,19.1,19.9,1,0,Running,0,0,0,0,healthy
0,13.5,20.3,0,0,Pending,0,4,0,0,image_pull_error
8,76.5,80.4,0,1,Error,0,0,0,3,probe_failure
0,1.6,49.2,1,0,Unknown,0,0,0,1,healthy
0,30.2,19.4,1,0,Unknown,0,0,0,0,healthy
9,72.7,74.2,0,0,Error,0,0,0,3,probe_failure
0,42.3,35.5,1,0,Running,0,0,0,0,healthy
8,77.4,83.9,0,1,CrashLoopBackOff,0,0,0,7,probe_failure
0,32.0,26.5,1,0,Running,0,0,0,0,healthy
6,85.2,60.6,0,0,Error,0,0,0,2,probe_failure
0,50.3,35.2,1,0,Running,0,0,0,0,healthy
0,30.2,53.4,1,0,Running,0,0,0,1,healthy
1,20.8,45.9,1,0,Running,0,0,0,0,healthy
1,51.0,39.7,1,0,Unknown,0,0,0,0,healthy
2,55.7,88.3,0,143,Error,1,0,0,2,oom_killed
0,29.6,58.4,1,0,Running,0,0,0,1,healthy
0,14.9,47.1,1,0,Running,0,0,0,0,healthy
0,7.5,15.7,0,0,Pending,0,0,7,0,scheduling_failure
0,6.2,22.6,0,0,ErrImagePull,0,5,0,0,image_pull_error
0,34.0,26.0,1,0,Running,0,0,0,0,healthy
4,60.9,74.6,0,0,Running,0,0,0,1,probe_failure
7,54.6,83.8,0,2,Error,0,0,0,1,probe_failure
2,35.1,64.5,1,0,Error,0,0,0,7,probe_failure
0,10.3,24.7,1,0,Running,0,0,0,1,healthy
0,27.4,68.8,0,0,Running,0,0,0,11,probe_failure
2,42.4,93.8,1,88,CrashLoopBackOff,0,0,0,2,oom_killed
13,65.1,62.3,0,3,Running,0,0,0,5,crash_loop
3,40.4,82.4,0,133,Error,1,0,0,2,oom_killed
0,18.1,67.0,1,0,Running,0,0,0,1,image_pull_error
0,7.3,14.7,0,0,ErrImagePull,0,7,0,1,image_pull_error
3,64.2,49.1,0,0,Error,0,0,0,3,crash_loop
13,67.3,53.3,0,1,Running,0,0,0,6,crash_loop
1,23.4,26.5,1,0,Unknown,0,0,0,0,healthy
0,52.3,58.2,1,1,CrashLoopBackOff,0,0,0,3,probe_failure
1,44.2,41.8,1,0,Running,0,0,0,0,healthy
8,94.5,77.2,0,1,CrashLoopBackOff,0,0,0,3,probe_failure
1,16.9,30.5,1,0,Unknown,0,0,0,0,healthy
0,12.6,13.4,0,0,Pending,0,0,8,0,scheduling_failure
0,24.5,26.8,1,0,Running,0,0,0,0,healthy
8,83.1,59.0,0,1,Error,0,0,0,3,probe_failure
1,43.4,44.6,1,0,Running,0,0,0,1,oom_killed
0,10.3,29.3,1,0,Running,0,0,0,1,healthy
0,62.7,32.7,1,0,Running,0,0,0,0,healthy
5,81.6,75.3,0,1,CrashLoopBackOff,0,0,0,2,probe_failure
1,21.7,45.7,1,0,Running,0,0,0,0,healthy
0,12.2,25.6,0,0,ErrImagePull,0,6,0,0,image_pull_error
5,49.7,90.5,0,137,CrashLoopBackOff,3,0,0,0,oom_killed
0,17.7,26.8,1,0,Running,0,0,0,0,healthy
2,58.9,62.2,1,0,CrashLoopBackOff,0,0,0,6,probe_failure
9,79.4,81.4,0,1,CrashLoopBackOff,0,0,0,4,probe_failure
7,37.1,83.0,0,0,Error,0,0,0,7,crash_loop
0,28.1,45.5,1,0,Unknown,0,0,0,0,healthy
0,18.9,8.9,0,0,Unschedulable,0,0,4,0,scheduling_failure
5,66.0,72.5,0,1,Error,0,0,0,5,probe_failure
0,24.6,23.5,1,0,Running,0,0,0,1,healthy
0,10.1,45.6,1,0,Running,0,0,0,0,healthy
12,79.1,72.7,0,1,Error,0,0,0,4,probe_failure
10,76.7,35.7,0,1,Running,0,0,0,5,crash_loop
0,10.7,13.1,0,0,Unschedulable,0,0,6,0,scheduling_failure
3,42.5,60.3,1,1,CrashLoopBackOff,0,0,0,1,probe_failure
7,74.4,44.2,0,0,CrashLoopBackOff,0,0,0,7,crash_loop
0,30.3,53.9,1,0,Running,0,0,0,0,healthy
1,34.8,43.8,1,0,Running,0,0,0,0,healthy
9,81.2,65.1,0,0,CrashLoopBackOff,0,0,0,4,probe_failure
0,5.6,20.9,0,0,ImagePullBackOff,0,2,0,0,image_pull_error
3,58.5,97.8,0,136,Error,3,0,0,4,oom_killed
11,74.4,73.6,0,1,Error,0,0,0,1,probe_failure
4,69.6,91.9,0,137,CrashLoopBackOff,3,0,0,3,oom_killed
5,51.6,61.6,0,1,Running,0,0,0,7,crash_loop
0,71.4,79.0,0,1,Running,0,0,0,8,probe_failure
1,56.6,88.4,0,140,Error,3,0,0,5,oom_killed
10,50.0,27.9,0,2,Running,0,0,0,3,crash_loop
0,6.9,24.9,0,0,ImagePullBackOff,0,5,0,0,image_pull_error
0,58.4,48.5,0,0,Error,0,0,0,4,oom_killed
0,6.3,66.8,1,0,Unknown,0,0,0,1,healthy
0,22.4,40.5,1,0,Running,0,0,0,0,healthy
1,37.1,48.3,1,0,Running,0,0,0,0,healthy
0,36.7,67.5,0,1,Running,0,0,0,4,probe_failure
0,11.6,30.3,1,0,Running,0,0,0,0,healthy
3,36.9,77.8,0,135,CrashLoopBackOff,3,0,0,3,oom_killed
0,29.4,44.2,1,0,Unknown,0,0,0,0,healthy
0,6.6,10.4,0,0,Pending,0,0,8,0,scheduling_failure
0,18.4,45.7,1,0,Running,0,0,0,1,healthy
5,65.4,71.4,0,2,CrashLoopBackOff,0,0,0,5,probe_failure
0,12.2,24.1,0,0,ImagePullBackOff,0,8,0,0,image_pull_error
0,63.0,90.5,1,138,Error,3,0,0,3,oom_killed
0,26.3,46.7,1,0,Unknown,0,0,0,0,healthy
7,68.3,70.2,0,1,Error,0,0,0,4,probe_failure
0,32.5,42.8,1,0,Running,0,0,0,0,healthy
9,68.3,66.9,1,1,CrashLoopBackOff,0,0,0,4,probe_failure
4,81.0,72.7,0,1,CrashLoopBackOff,0,0,0,1,probe_failure
7,73.6,67.4,0,2,Error,0,0,0,5,probe_failure
0,36.3,51.4,1,0,Running,0,0,0,0,healthy
7,62.5,65.1,1,2,CrashLoopBackOff,0,0,0,5,crash_loop
0,0.6,8.5,0,0,ContainerCreating,0,0,6,0,scheduling_failure
7,78.7,63.1,0,1,CrashLoopBackOff,0,0,0,3,probe_failure
9,86.6,65.1,0,1,CrashLoopBackOff,0,0,0,1,probe_failure
9,79.7,63.0,0,1,Error,0,0,0,3,crash_loop
9,48.8,60.0,0,2,Error,0,0,0,5,crash_loop
8,70.4,70.7,0,0,Error,0,0,0,4,probe_failure
1,34.8,55.5,1,0,Unknown,0,0,0,0,healthy
2,23.3,72.7,0,1,CrashLoopBackOff,0,0,0,0,probe_failure
8,65.8,72.7,0,1,CrashLoopBackOff,0,0,0,4,probe_failure
1,26.4,25.1,1,0,Running,0,0,0,0,healthy
1,39.1,53.9,1,0,Running,0,0,0,0,healthy
1,39.7,27.0,1,0,Unknown,0,0,0,1,healthy
7,72.6,66.7,0,1,Error,0,0,0,5,probe_failure
1,15.3,43.5,1,0,Running,0,0,0,0,healthy
0,25.7,20.2,1,0,Unknown,0,0,0,1,healthy
0,22.5,44.4,1,0,Unknown,0,0,0,0,healthy
0,16.9,29.6,1,0,Running,0,0,0,0,healthy
9,81.0,71.5,0,1,CrashLoopBackOff,0,0,0,3,probe_failure
5,82.6,75.9,0,1,CrashLoopBackOff,0,0,0,6,oom_killed
1,22.2,28.4,1,0,Running,0,0,0,0,healthy
0,57.8,77.2,0,137,OOMKilled,4,0,0,2,oom_killed
1,31.1,53.0,1,0,Unknown,0,0,0,0,healthy
1,34.0,49.2,1,0,Running,0,0,0,0,healthy
0,24.2,44.3,1,0,Unknown,0,0,0,1,healthy
0,49.4,34.8,1,0,Running,0,0,0,0,healthy
0,0.7,26.3,0,0,Unschedulable,0,0,5,0,scheduling_failure
9,76.6,72.6,0,2,Error,0,0,0,6,probe_failure
8,94.8,70.2,0,1,CrashLoopBackOff,0,0,0,5,probe_failure
0,12.2,28.9,1,0,Running,0,0,0,0,healthy
0,17.0,9.0,1,0,Running,0,0,0,0,healthy
0,38.9,33.6,1,0,Running,0,0,0,0,healthy
1,59.1,51.6,0,1,Running,0,0,0,4,probe_failure
1,48.3,74.6,0,1,CrashLoopBackOff,0,0,0,9,probe_failure
6,68.8,86.8,0,0,CrashLoopBackOff,0,0,0,7,crash_loop
0,5.5,44.0,1,0,Running,0,0,0,0,healthy
2,15.1,70.6,0,1,CrashLoopBackOff,0,0,0,9,probe_failure
0,15.1,44.3,1,0,Running,0,0,0,0,healthy
3,30.6,89.4,0,139,OOMKilled,3,0,0,1,oom_killed
8,88.5,58.1,1,2,CrashLoopBackOff,0,0,0,7,crash_loop
10,68.4,90.5,0,0,Error,0,0,0,3,probe_failure
0,37.5,37.0,1,0,Running,0,0,0,0,probe_failure
1,58.3,33.8,1,0,Unknown,0,0,0,0,healthy
1,21.4,45.4,1,0,Running,0,0,0,0,healthy
8,75.7,71.1,0,1,CrashLoopBackOff,0,0,0,4,probe_failure
2,70.4,91.8,0,142,CrashLoopBackOff,2,0,0,2,oom_killed
0,27.8,43.8,1,0,Running,0,0,0,0,healthy
9,79.8,67.4,0,1,Error,0,0,0,3,probe_failure
12,82.8,69.3,0,1,CrashLoopBackOff,0,0,0,6,probe_failure
1,2.1,35.5,1,0,Running,0,0,0,0,healthy
0,11.6,24.4,0,0,ContainerCreating,0,0,4,0,scheduling_failure
2,65.8,86.5,0,142,CrashLoopBackOff,3,0,0,2,oom_killed
0,9.7,74.5,1,0,Unknown,0,0,0,0,healthy
6,88.2,75.9,0,2,CrashLoopBackOff,0,0,0,3,probe_failure
5,52.5,93.7,0,137,CrashLoopBackOff,4,0,0,2,oom_killed
2,36.0,89.7,0,137,CrashLoopBackOff,1,0,0,0,oom_killed
1,47.5,52.7,1,0,Running,0,0,0,0,healthy
0,18.2,17.1,0,0,ImagePullBackOff,0,6,0,0,image_pull_error
10,83.0,71.8,0,2,CrashLoopBackOff,0,0,0,4,probe_failure
0,17.0,16.1,1,0,Unknown,0,0,0,1,healthy
0,26.4,37.7,1,0,Running,0,0,0,0,healthy
1,25.0,48.9,1,0,Running,0,0,0,0,healthy
2,39.4,75.5,0,136,Error,2,0,0,1,oom_killed
9,90.2,69.4,0,0,Error,0,0,0,6,probe_failure
1,51.0,39.9,1,1,Running,0,0,0,2,probe_failure
8,67.9,68.9,0,1,CrashLoopBackOff,0,0,0,4,probe_failure
9,89.9,66.7,0,1,Error,0,0,0,4,probe_failure
7,64.7,75.6,0,1,Error,0,0,0,7,crash_loop
1,10.0,32.5,1,0,Running,0,0,0,1,healthy
0,7.5,12.5,0,0,ContainerCreating,0,0,4,1,scheduling_failure
0,21.6,62.8,1,0,Running,0,0,0,0,healthy
3,55.0,89.3,0,95,OOMKilled,3,0,0,3,oom_killed
1,7.8,2.0,0,0,Pending,0,0,3,0,scheduling_failure
0,12.0,13.4,0,0,ImagePullBackOff,0,8,0,0,image_pull_error
9,74.7,70.6,0,0,Error,0,0,0,0,crash_loop
10,69.5,85.0,0,1,CrashLoopBackOff,0,0,0,4,probe_failure
2,51.1,23.3,0,1,CrashLoopBackOff,0,0,0,3,crash_loop
0,70.1,52.7,0,0,Running,0,0,0,2,crash_loop
1,7.1,6.1,0,0,ContainerCreating,0,0,4,0,scheduling_failure
5,67.0,75.2,0,1,CrashLoopBackOff,0,0,0,4,probe_failure
2,44.0,35.2,1,1,Running,0,0,0,8,probe_failure
0,6.3,23.6,0,0,Pending,0,6,0,0,image_pull_error
0,5.3,14.5,0,0,Pending,0,0,6,1,scheduling_failure
4,46.2,55.9,0,142,Error,2,0,0,2,oom_killed
1,4.5,38.7,0,0,ContainerCreating,0,0,9,1,scheduling_failure
1,13.5,19.6,0,0,Pending,0,3,0,0,image_pull_error
2,91.9,94.7,0,137,OOMKilled,1,0,0,1,oom_killed
8,60.5,50.9,0,0,Running,0,0,0,3,crash_loop
8,66.6,100.0,0,0,Error,0,0,0,7,image_pull_error
6,68.4,46.9,0,1,CrashLoopBackOff,0,0,0,6,crash_loop
3,74.3,88.4,1,135,Error,2,0,0,1,oom_killed
1,27.8,32.0,1,0,Running,0,0,0,1,healthy
7,63.2,73.0,0,1,Error,0,0,0,3,probe_failure
5,75.9,67.8,0,1,CrashLoopBackOff,0,0,0,2,probe_failure
1,4.1,40.2,1,0,Running,0,0,0,0,healthy
3,26.7,89.0,0,136,Error,2,0,0,1,oom_killed
0,4.6,19.6,0,0,Pending,0,0,3,1,scheduling_failure
3,41.1,82.8,0,134,CrashLoopBackOff,3,0,0,0,oom_killed
0,39.7,30.7,1,0,Unknown,0,0,0,0,healthy
0,24.0,16.3,1,0,Running,0,0,0,0,image_pull_error
11,65.5,67.4,0,1,CrashLoopBackOff,0,0,0,3,probe_failure
9,74.1,60.6,0,2,CrashLoopBackOff,0,0,0,4,probe_failure
4,57.2,59.6,0,1,Error,0,0,0,5,probe_failure
0,22.4,64.1,1,0,Running,0,0,0,0,healthy
0,58.1,81.3,0,131,Error,2,0,0,1,oom_killed
2,47.9,100.0,0,140,CrashLoopBackOff,5,0,0,0,oom_killed
0,44.6,34.3,1,0,Running,0,0,0,0,healthy
5,74.4,64.3,0,1,CrashLoopBackOff,0,0,0,6,probe_failure
0,26.6,46.5,1,0,Running,0,0,0,0,healthy
0,19.6,28.6,1,0,Running,0,0,0,0,healthy
10,76.7,75.4,0,1,CrashLoopBackOff,0,0,0,4,probe_failure
1,22.6,26.1,1,0,Running,0,0,0,0,healthy
4,37.2,65.4,0,90,Error,6,0,0,0,oom_killed
0,40.5,45.3,1,0,Running,0,0,0,1,healthy
10,84.7,78.6,0,2,CrashLoopBackOff,0,0,0,5,probe_failure
0,15.1,14.5,0,0,ContainerCreating,0,0,6,0,scheduling_failure
9,50.3,30.5,0,0,Error,0,0,0,8,crash_loop
5,37.0,53.4,0,0,Running,0,0,0,6,crash_loop
4,72.9,72.1,0,1,CrashLoopBackOff,0,0,0,4,probe_failure
5,79.2,65.2,0,0,Error,0,0,0,4,crash_loop
8,75.7,53.8,0,1,CrashLoopBackOff,0,0,0,6,probe_failure
1,4.1,36.5,1,0,Running,0,0,0,0,healthy
0,34.1,39.8,1,0,Unknown,0,0,0,0,healthy
0,2.5,17.6,0,0,ContainerCreating,0,0,8,0,scheduling_failure
7,78.1,67.3,0,1,CrashLoopBackOff,0,0,0,4,probe_failure
1,10.7,31.5,1,0,Running,0,0,0,0,healthy
1,53.2,48.7,0,1,Running,0,0,0,4,probe_failure
9,72.1,65.5,0,1,CrashLoopBackOff,0,0,0,4,probe_failure
1,44.5,45.2,1,0,Running,0,0,0,0,healthy
3,50.8,86.4,0,136,OOMKilled,5,0,0,2,oom_killed
1,41.3,27.6,1,0,Running,0,0,0,1,healthy
8,74.7,74.7,0,1,CrashLoopBackOff,0,0,0,5,probe_failure
6,71.0,71.8,0,1,CrashLoopBackOff,0,0,0,4,probe_failure
9,79.2,80.3,0,1,CrashLoopBackOff,0,0,0,6,probe_failure
8,74.9,74.0,0,1,CrashLoopBackOff,0,0,0,4,probe_failure
1,17.6,7.2,0,0,ErrImagePull,0,5,0,0,image_pull_error
1,14.9,20.9,0,0,Pending,0,6,0,0,image_pull_error
4,60.4,94.2,0,0,Running,0,0,0,5,crash_loop
8,82.6,83.2,0,1,Error,0,0,0,2,probe_failure
0,9.9,32.3,1,0,Running,0,0,0,0,image_pull_error
0,30.2,19.3,1,0,Unknown,0,0,0,0,healthy
2,43.9,99.3,0,133,OOMKilled,3,0,0,1,oom_killed
0,29.0,37.2,1,0,Running,0,0,0,0,healthy
0,6.5,6.1,0,1,ErrImagePull,0,8,0,0,image_pull_error
8,69.5,65.1,0,1,CrashLoopBackOff,0,0,0,3,probe_failure
0,45.5,55.4,1,0,Unknown,0,0,0,0,healthy
1,29.1,27.9,1,0,Unknown,0,0,0,0,healthy
0,17.7,23.5,1,0,Running,0,0,0,0,healthy
0,25.8,24.8,1,0,Running,0,0,0,0,healthy
1,47.4,53.3,0,1,Error,0,0,0,3,probe_failure
1,48.0,48.0,1,0,Running,0,0,0,0,healthy
1,21.4,36.4,1,0,Unknown,0,0,0,0,healthy
7,81.5,62.1,0,0,CrashLoopBackOff,0,0,0,2,probe_failure
0,10.7,53.8,1,0,Running,0,0,0,0,healthy
0,10.3,12.1,0,0,ErrImagePull,0,6,0,0,image_pull_error
8,78.0,72.0,0,1,Error,0,0,0,3,probe_failure
0,24.6,38.5,1,0,Running,0,0,0,0,healthy
3,36.0,67.4,0,137,CrashLoopBackOff,6,0,0,2,oom_killed
0,29.3,49.0,1,0,Running,0,0,0,1,healthy
0,36.5,55.7,1,0,Running,0,0,0,0,healthy
8,52.7,68.1,0,2,CrashLoopBackOff,0,0,0,8,crash_loop
1,15.8,19.2,0,0,ImagePullBackOff,0,5,0,0,image_pull_error
0,24.9,40.0,1,0,Running,0,0,0,0,healthy
11,73.0,81.0,0,1,Error,0,0,0,4,probe_failure
8,61.4,78.9,0,2,CrashLoopBackOff,0,0,0,2,crash_loop
3,54.3,60.0,0,1,CrashLoopBackOff,0,0,0,7,probe_failure
0,14.3,4.8,0,0,Pending,0,0,4,0,scheduling_failure
5,73.6,79.5,0,2,CrashLoopBackOff,0,0,0,3,probe_failure
0,9.5,33.7,1,0,Running,0,0,0,0,healthy
1,14.8,16.9,0,0,Pending,0,7,0,0,image_pull_error
0,44.5,46.6,1,0,Running,0,0,0,1,healthy
1,8.7,23.0,0,0,Unschedulable,0,0,5,0,scheduling_failure
0,14.9,20.5,1,0,Running,0,0,0,0,healthy
0,17.8,62.2,1,0,Running,0,0,0,1,healthy
2,60.0,52.7,0,0,Running,0,0,0,2,probe_failure
10,93.9,79.9,0,1,Error,0,0,0,2,probe_failure
3,41.6,59.1,1,1,Error,0,0,0,6,probe_failure
0,63.2,82.0,0,1,CrashLoopBackOff,0,0,0,2,crash_loop
1,12.7,51.5,1,0,Running,0,0,0,0,healthy
9,71.6,58.6,0,1,CrashLoopBackOff,0,0,0,5,probe_failure
3,44.8,79.1,0,0,CrashLoopBackOff,0,0,0,8,probe_failure
2,72.3,52.8,1,0,CrashLoopBackOff,0,0,0,2,probe_failure
0,2.3,50.1,0,0,Unknown,0,0,0,1,healthy
1,30.6,37.7,1,0,Running,0,0,0,0,healthy
0,3.3,0.0,0,0,Unschedulable,0,0,8,1,scheduling_failure
9,70.7,74.6,0,1,Error,0,0,0,4,probe_failure
0,16.0,35.3,1,0,Unknown,0,0,0,0,healthy
1,19.1,46.5,1,0,Running,0,0,0,1,healthy
7,76.8,74.2,0,1,CrashLoopBackOff,0,0,0,4,probe_failure
0,42.7,67.4,0,1,Running,0,0,0,0,probe_failure
3,71.9,81.1,0,136,Error,3,0,0,1,oom_killed
1,24.9,39.1,1,0,Running,0,0,0,1,healthy
3,61.7,59.1,0,0,Error,0,0,0,4,probe_failure
0,3.9,26.0,0,0,ContainerCreating,0,0,0,0,scheduling_failure
0,8.6,17.1,1,0,Pending,0,0,5,0,scheduling_failure
0,27.3,29.1,1,0,Running,0,0,0,0,healthy
1,15.7,34.5,1,0,Running,0,0,0,0,healthy
9,66.5,81.4,0,1,Error,0,0,0,3,probe_failure
5,85.6,80.6,0,1,Error,0,0,0,1,probe_failure
0,28.6,47.0,0,0,Running,0,0,0,0,healthy
0,25.4,38.3,1,0,Running,0,0,0,0,healthy
0,40.0,85.3,0,140,CrashLoopBackOff,4,0,0,2,oom_killed
1,8.0,28.1,0,0,ContainerCreating,0,0,7,0,scheduling_failure
4,56.1,71.0,1,91,CrashLoopBackOff,1,0,0,0,oom_killed
6,61.0,89.2,1,138,CrashLoopBackOff,1,0,0,2,oom_killed
0,15.6,14.3,0,0,Unschedulable,0,0,4,0,scheduling_failure
1,17.5,21.4,0,0,Pending,0,0,6,0,scheduling_failure
6,62.6,81.5,0,137,Error,2,0,0,2,oom_killed
0,8.3,15.2,0,0,ImagePullBackOff,0,5,0,0,image_pull_error
7,62.5,60.9,0,1,CrashLoopBackOff,0,0,0,4,probe_failure
1,12.1,59.8,1,0,Running,0,0,0,1,healthy
0,12.0,20.4,0,0,Unschedulable,0,0,4,0,scheduling_failure
0,9.2,19.2,0,0,ContainerCreating,0,0,1,0,healthy
9,63.4,70.3,0,0,Running,0,0,0,3,crash_loop
0,5.9,12.3,0,0,Pending,0,2,0,0,image_pull_error
1,16.6,43.4,1,0,Running,0,0,0,0,healthy
1,10.1,19.9,1,0,Running,0,0,0,0,healthy
8,65.9,78.3,0,1,CrashLoopBackOff,0,0,0,2,probe_failure
0,3.5,17.7,0,0,Unschedulable,0,0,10,0,scheduling_failure
16,51.8,76.6,0,1,Running,0,0,0,2,crash_loop
1,10.1,15.1,0,0,Pending,0,8,0,0,image_pull_error
10,76.0,62.5,0,1,CrashLoopBackOff,0,0,0,3,probe_failure
0,28.9,56.7,1,0,Running,0,0,0,0,healthy
7,80.5,62.0,0,1,Error,0,0,0,4,probe_failure
0,44.6,36.1,0,0,CrashLoopBackOff,0,0,0,3,crash_loop
11,27.7,49.7,0,2,CrashLoopBackOff,0,0,0,8,crash_loop
0,57.5,100.0,0,137,OOMKilled,6,0,0,1,oom_killed
0,12.5,13.6,0,0,ErrImagePull,0,5,0,0,image_pull_error
0,7.9,3.7,0,0,Unschedulable,0,0,5,0,scheduling_failure
0,13.7,23.0,1,0,Running,0,0,0,0,healthy
3,74.0,85.1,0,84,Error,5,0,0,2,oom_killed
0,17.5,29.8,1,0,Running,0,0,0,0,healthy
11,68.1,59.2,0,0,CrashLoopBackOff,0,0,0,7,crash_loop
0,44.0,38.0,1,0,Running,0,0,0,0,crash_loop
0,38.8,33.0,1,0,Unknown,0,0,0,0,healthy
1,6.6,12.5,0,0,Pending,0,0,8,1,scheduling_failure
0,31.7,33.3,1,0,Running,0,0,0,0,healthy
0,5.5,26.3,0,0,Unschedulable,0,0,6,1,scheduling_failure
0,11.0,12.4,0,0,Unschedulable,0,0,6,0,scheduling_failure
8,77.8,77.6,0,1,CrashLoopBackOff,0,0,0,5,probe_failure
0,32.4,40.3,1,0,Unknown,0,0,0,0,healthy
0,10.8,39.4,1,0,Running,0,0,0,1,healthy
6,76.1,77.8,0,1,Error,0,0,0,4,probe_failure
1,7.2,14.8,0,1,Pending,0,3,0,0,image_pull_error
12,81.0,42.7,0,1,Error,0,0,0,4,crash_loop
0,25.4,23.4,0,0,ContainerCreating,0,0,9,1,scheduling_failure
1,37.5,54.4,1,0,Running,0,0,0,0,healthy
8,67.3,73.0,0,1,Error,0,0,0,4,probe_failure
0,26.9,26.8,1,0,Running,0,0,0,1,healthy
0,12.8,10.0,0,0,Unschedulable,0,0,4,1,scheduling_failure
0,3.8,9.4,0,0,Unschedulable,0,0,7,0,scheduling_failure
10,83.3,77.9,0,1,CrashLoopBackOff,0,0,0,4,probe_failure
0,9.6,13.7,0,0,Pending,0,6,0,0,image_pull_error
1,5.9,18.7,0,0,Pending,0,5,0,0,image_pull_error
0,23.4,46.6,1,0,Running,0,0,0,0,healthy
8,80.6,70.3,0,1,CrashLoopBackOff,0,0,0,4,probe_failure
6,82.9,78.1,0,1,CrashLoopBackOff,0,0,0,5,probe_failure
0,13.4,9.7,0,0,Pending,0,0,6,0,scheduling_failure
8,82.2,69.3,0,2,Error,0,0,0,3,probe_failure
0,54.1,47.2,0,0,CrashLoopBackOff,0,0,0,5,probe_failure
12,81.7,74.7,0,1,Error,0,0,0,4,probe_failure
0,1.6,12.7,0,0,ContainerCreating,0,0,6,1,scheduling_failure
0,17.4,27.6,1,0,Running,0,0,0,0,healthy
0,13.3,10.8,0,0,Pending,0,0,1,0,scheduling_failure
8,77.3,71.2,0,1,CrashLoopBackOff,0,0,0,5,probe_failure
9,79.0,59.6,0,1,CrashLoopBackOff,0,0,0,5,probe_failure
0,46.2,42.4,1,0,Unknown,0,0,0,0,healthy
8,69.7,77.3,0,1,CrashLoopBackOff,0,0,0,5,probe_failure
7,75.2,68.6,0,1,CrashLoopBackOff,0,0,0,3,probe_failure
0,56.8,41.4,1,0,Unknown,0,0,0,0,healthy
2,51.2,50.8,0,0,Running,0,0,0,0,probe_failure
0,10.6,11.0,0,0,ImagePullBackOff,0,2,0,0,image_pull_error
7,63.8,60.3,0,1,CrashLoopBackOff,0,0,0,2,probe_failure
0,15.5,10.0,0,0,Pending,0,5,0,0,image_pull_error
0,24.0,30.0,1,0,Running,0,0,0,0,healthy
8,85.0,70.9,0,1,Error,0,0,0,4,probe_failure
8,82.7,82.3,0,1,Error,0,0,0,5,probe_failure
0,6.8,10.9,0,0,Pending,0,0,1,0,scheduling_failure
8,82.4,60.5,0,1,CrashLoopBackOff,0,0,0,2,probe_failure
0,9.8,7.7,0,0,ContainerCreating,0,0,5,0,scheduling_failure
0,29.3,47.4,1,0,Unknown,0,0,0,0,healthy
2,63.0,61.7,0,1,Running,0,0,0,9,probe_failure
1,19.1,16.4,0,0,Pending,0,0,7,0,scheduling_failure
2,21.5,65.6,0,87,OOMKilled,2,0,0,2,oom_killed
3,66.9,67.9,0,1,Running,0,0,0,5,probe_failure
6,37.5,65.2,0,1,CrashLoopBackOff,0,0,0,2,crash_loop
4,63.9,70.9,0,1,CrashLoopBackOff,0,0,0,3,probe_failure
2,77.8,80.7,1,0,Error,0,0,0,0,crash_loop
1,13.3,40.4,1,0,Unknown,0,0,0,1,healthy
3,31.1,66.3,0,0,Error,0,0,0,4,probe_failure
8,43.2,53.7,0,0,CrashLoopBackOff,0,0,0,2,crash_loop
1,38.4,68.7,0,0,Running,0,0,0,7,probe_failure
0,37.4,49.7,1,0,Running,0,0,0,1,healthy
6,89.5,78.4,0,0,Error,0,0,0,1,crash_loop
0,0.0,11.5,0,0,ContainerCreating,0,0,9,0,scheduling_failure
3,65.3,63.5,1,0,Running,0,0,0,3,probe_failure
0,26.4,35.2,1,0,Running,0,0,0,0,healthy
0,19.5,44.5,1,0,Running,0,0,0,0,healthy
2,52.5,87.6,0,140,Error,4,0,0,0,oom_killed
2,58.5,95.1,0,78,OOMKilled,1,0,0,1,oom_killed
10,80.3,71.3,0,2,CrashLoopBackOff,0,0,0,5,probe_failure
7,67.9,65.3,0,1,CrashLoopBackOff,0,0,0,4,probe_failure
1,28.4,52.7,0,0,Unknown,0,0,0,0,healthy
4,63.5,7.9,0,2,CrashLoopBackOff,0,0,0,3,crash_loop
0,51.2,87.9,0,93,CrashLoopBackOff,2,0,0,0,oom_killed
1,66.5,71.2,0,3,Running,0,0,0,7,crash_loop
9,72.3,71.0,0,1,CrashLoopBackOff,0,0,0,4,probe_failure
8,73.7,66.4,0,1,Error,0,0,0,4,probe_failure
0,3.9,15.7,0,0,Pending,0,5,0,0,image_pull_error
1,64.0,56.4,0,1,Error,0,0,0,3,probe_failure
0,30.8,43.1,1,0,Running,0,0,0,0,healthy
7,72.9,75.3,0,1,CrashLoopBackOff,0,0,0,5,probe_failure
0,34.8,46.0,1,0,Running,0,0,0,0,healthy
3,62.9,62.0,0,141,CrashLoopBackOff,1,0,0,3,oom_killed
8,83.1,72.1,0,1,CrashLoopBackOff,0,0,0,4,probe_failure
7,81.5,77.6,0,1,CrashLoopBackOff,0,0,0,3,probe_failure
1,49.1,32.3,1,0,Running,0,0,0,1,healthy
0,15.2,28.3,0,0,Pending,0,0,5,0,scheduling_failure
11,65.5,94.0,0,2,Running,0,0,0,2,crash_loop
7,70.2,64.6,0,1,CrashLoopBackOff,0,0,0,4,probe_failure
1,27.0,89.2,0,86,Error,3,0,0,1,oom_killed
3,64.0,40.6,0,0,CrashLoopBackOff,0,0,0,4,probe_failure
0,8.2,18.3,0,0,ContainerCreating,0,0,7,0,scheduling_failure
4,77.7,80.9,0,0,Error,0,0,0,5,crash_loop
1,8.9,37.9,1,0,Running,0,0,0,0,healthy
8,74.5,72.2,0,1,Error,0,0,0,6,probe_failure
0,15.8,54.7,0,0,Unknown,0,0,0,0,healthy
9,32.8,53.9,0,1,Running,0,0,0,3,crash_loop
4,61.9,78.6,0,137,Error,3,0,0,2,oom_killed
10,42.4,55.8,0,1,Error,0,0,0,3,crash_loop
1,19.7,49.4,1,0,Unknown,0,0,0,0,healthy
6,79.2,63.5,0,1,Error,0,0,0,4,probe_failure
7,77.8,80.4,0,1,Error,0,0,0,5,probe_failure
0,7.8,24.5,0,0,Unschedulable,0,0,6,0,scheduling_failure
1,14.0,48.0,1,0,Running,0,0,0,0,healthy
3,52.0,57.8,0,1,Running,0,0,0,7,probe_failure
1,21.2,19.0,1,0,Unknown,0,0,0,0,healthy
0,5.1,9.8,0,0,ContainerCreating,0,0,5,1,scheduling_failure
0,4.6,15.0,0,0,Pending,0,0,2,0,scheduling_failure
0,7.8,19.5,0,0,Pending,0,3,0,0,image_pull_error
9,79.9,77.7,0,0,Error,0,0,0,3,crash_loop
5,38.4,91.0,1,136,OOMKilled,2,0,0,1,oom_killed
7,90.7,64.2,0,2,Error,0,0,0,5,probe_failure
10,86.4,79.2,0,0,CrashLoopBackOff,0,0,0,3,probe_failure
0,0.0,34.6,0,0,ContainerCreating,0,0,7,0,scheduling_failure
0,29.0,51.5,1,0,Running,0,0,0,0,healthy
0,14.1,17.4,1,0,Running,0,0,0,0,healthy
3,37.9,100.0,0,141,Error,2,0,0,4,oom_killed
1,32.6,63.5,1,0,Running,0,0,0,1,healthy
0,16.2,44.7,1,0,Running,0,0,0,0,healthy
5,37.5,89.5,0,135,CrashLoopBackOff,1,0,0,1,oom_killed
0,18.2,41.2,1,0,Running,0,0,0,0,healthy
0,8.6,9.2,0,0,Unschedulable,0,0,9,0,scheduling_failure
0,27.7,73.6,0,137,Error,3,0,0,1,oom_killed
0,15.5,15.5,0,0,Unschedulable,0,0,3,0,scheduling_failure
2,53.2,58.6,0,1,Running,0,0,0,7,probe_failure
1,28.3,23.0,1,0,Running,0,0,0,0,healthy
0,57.7,64.4,1,1,Running,0,0,0,9,probe_failure
0,5.6,38.4,1,0,Unknown,0,0,0,0,healthy
2,73.2,100.0,0,135,Error,3,0,0,3,oom_killed
4,43.9,97.6,0,138,OOMKilled,0,0,0,2,oom_killed
0,14.0,27.0,1,0,Running,0,0,0,0,healthy
1,21.7,46.5,1,0,Running,0,0,0,1,healthy
0,23.6,36.7,1,0,Running,0,0,0,0,healthy
1,33.0,52.0,1,0,Running,0,0,0,0,healthy
0,22.4,25.8,1,0,Running,0,0,0,1,healthy
0,4.5,23.9,0,1,Pending,0,4,0,0,image_pull_error
8,92.1,66.2,0,1,Running,0,0,0,6,crash_loop
0,14.5,0.9,1,0,Running,0,0,0,1,healthy
10,70.4,66.8,0,1,CrashLoopBackOff,0,0,0,2,probe_failure
0,43.4,33.0,1,0,Unknown,0,0,0,0,healthy
0,11.8,14.2,0,0,Pending,0,0,7,1,scheduling_failure
10,54.3,65.0,0,2,Running,0,0,0,0,crash_loop
0,30.4,44.7,1,0,Running,0,0,0,1,healthy
2,24.3,65.2,0,0,Error,0,0,0,8,crash_loop
0,25.6,30.5,1,0,Running,0,0,0,0,healthy
0,16.4,12.4,0,1,Pending,0,6,0,0,image_pull_error
0,10.9,16.6,0,1,ImagePullBackOff,0,7,0,0,image_pull_error
8,79.4,61.7,0,1,Error,0,0,0,5,probe_failure
0,23.0,33.1,1,0,Running,0,0,0,0,healthy
1,21.4,45.0,1,0,Running,0,0,0,0,healthy
1,25.5,47.9,1,0,Running,0,0,0,1,healthy
10,78.7,76.8,0,1,Error,0,0,0,5,probe_failure
7,75.6,64.1,0,1,CrashLoopBackOff,0,0,0,3,probe_failure
0,17.0,15.0,0,0,ContainerCreating,0,0,4,1,scheduling_failure
4,66.6,98.4,0,86,CrashLoopBackOff,4,0,0,2,oom_killed
8,47.1,81.5,0,1,CrashLoopBackOff,0,0,0,6,crash_loop
1,15.8,0.0,0,0,Pending,0,0,2,0,scheduling_failure
5,47.6,100.0,0,135,OOMKilled,3,0,0,3,oom_killed
9,65.8,74.5,0,2,Running,0,0,0,4,crash_loop
3,49.1,52.8,0,1,Running,0,0,0,7,probe_failure
14,60.8,67.1,0,3,CrashLoopBackOff,0,0,0,10,crash_loop
10,76.0,77.7,1,0,Running,0,0,0,4,crash_loop
0,45.8,58.6,1,0,Unknown,0,0,0,0,healthy
1,22.4,46.4,0,0,Running,0,0,0,1,healthy
0,8.9,48.8,1,0,Unknown,0,0,0,0,healthy
0,41.5,49.8,1,0,Running,0,0,0,0,healthy
1,27.1,62.5,1,0,Unknown,0,0,0,1,healthy
2,43.8,73.9,0,2,Running,0,0,0,5,probe_failure
10,86.2,66.8,0,0,Running,0,0,0,2,crash_loop
0,19.7,44.2,1,0,Running,0,0,0,0,healthy
0,16.7,27.3,0,0,ImagePullBackOff,0,5,0,0,image_pull_error
7,27.9,60.9,0,1,Error,0,0,0,8,crash_loop
4,51.0,100.0,0,134,OOMKilled,4,0,0,0,oom_killed
0,7.7,23.5,0,0,ErrImagePull,0,5,0,0,image_pull_error
4,60.1,18.8,0,2,CrashLoopBackOff,0,0,0,10,crash_loop
0,33.7,23.4,1,0,Running,0,0,0,0,healthy
8,80.7,69.9,0,1,Error,0,0,0,2,probe_failure
0,9.6,15.1,0,0,Pending,0,0,5,0,scheduling_failure
0,12.0,24.3,0,0,Pending,0,0,6,1,scheduling_failure
1,11.0,19.5,0,0,ErrImagePull,0,2,0,1,image_pull_error
0,9.0,39.9,1,0,Unknown,0,0,0,1,healthy
0,22.5,20.7,1,0,Running,0,0,0,1,healthy
0,17.9,25.7,1,0,Running,0,0,0,1,healthy
0,38.0,56.9,1,0,Running,0,0,0,0,healthy
0,1.1,33.2,0,0,Running,0,0,0,0,healthy
5,85.1,97.6,0,1,Running,0,0,0,5,crash_loop
0,42.1,39.2,1,0,Running,0,0,0,0,healthy
1,37.6,68.9,0,139,Error,3,0,0,1,oom_killed
7,67.0,71.8,0,0,Error,0,0,0,4,probe_failure
3,79.4,48.2,0,3,CrashLoopBackOff,0,0,0,5,crash_loop
1,10.4,37.9,0,0,Pending,0,0,9,1,scheduling_failure
7,73.6,47.9,0,0,Error,0,0,0,7,crash_loop
8,74.5,74.4,0,1,CrashLoopBackOff,0,0,0,2,probe_failure
8,79.4,64.9,0,1,CrashLoopBackOff,0,0,0,4,probe_failure
1,12.0,12.4,0,0,Unschedulable,0,0,5,0,scheduling_failure
0,38.2,34.3,1,0,Running,0,0,0,0,healthy
0,2.2,37.0,1,0,Running,0,0,0,0,healthy
10,81.8,72.4,0,1,Error,0,0,0,6,probe_failure
3,62.5,66.5,0,0,Error,0,0,0,1,probe_failure
6,66.4,82.7,0,138,Error,0,0,0,4,image_pull_error
1,31.3,62.6,1,0,Running,0,0,0,0,healthy
0,18.4,11.2,0,0,ImagePullBackOff,0,5,0,0,image_pull_error
5,62.2,89.5,0,139,CrashLoopBackOff,0,0,0,4,probe_failure
4,62.7,74.1,0,146,Error,4,0,0,0,oom_killed
1,56.0,46.8,0,0,Error,0,0,0,5,probe_failure
1,22.0,19.7,1,0,Running,0,0,0,0,healthy
0,14.2,49.7,1,0,Running,0,0,0,0,healthy
1,78.8,86.1,0,137,CrashLoopBackOff,2,0,0,2,oom_killed
9,77.9,84.3,0,1,CrashLoopBackOff,0,0,0,7,probe_failure
0,9.0,27.2,0,0,Pending,0,4,0,1,image_pull_error
0,29.3,37.4,1,0,Unknown,0,0,0,2,healthy
0,18.5,35.9,1,0,Running,0,0,0,0,healthy
7,73.7,81.2,0,3,Running,0,0,0,6,crash_loop
0,25.0,38.9,1,0,Running,0,0,0,0,healthy
1,18.9,12.3,0,0,ErrImagePull,0,3,0,0,image_pull_error
0,19.7,28.1,1,0,Running,0,0,0,1,healthy
2,34.4,77.6,0,0,CrashLoopBackOff,0,0,0,5,probe_failure
8,48.0,68.9,0,2,Error,0,0,0,5,crash_loop
0,36.8,55.4,1,0,Running,0,0,0,0,healthy
0,40.2,64.1,1,0,Error,0,0,0,0,probe_failure
0,10.3,10.8,0,0,ErrImagePull,0,5,0,1,image_pull_error
1,11.7,27.5,1,0,Running,0,0,0,0,crash_loop
1,18.7,27.3,1,0,Unknown,0,0,0,0,healthy
3,50.8,61.0,0,1,Running,0,0,0,7,probe_failure
0,47.5,28.5,1,0,Running,0,0,0,0,healthy
3,72.4,95.0,0,135,OOMKilled,6,0,0,1,oom_killed
5,34.4,100.0,0,2,Error,0,0,0,4,crash_loop
0,13.2,37.5,1,0,Unknown,0,0,0,1,healthy
0,24.6,13.0,0,0,ImagePullBackOff,0,9,0,1,image_pull_error
0,38.6,37.5,1,0,Running,0,0,0,0,healthy
1,2.3,10.2,0,0,ImagePullBackOff,0,6,0,0,image_pull_error
1,18.8,14.2,0,0,ImagePullBackOff,0,8,0,1,image_pull_error
0,2.9,21.9,0,0,Unschedulable,0,0,5,0,scheduling_failure
1,41.2,45.8,1,0,Unknown,0,0,0,0,healthy
0,16.4,33.9,1,0,Unknown,0,0,0,0,healthy
0,23.0,37.8,1,0,Running,0,0,0,0,healthy
0,29.6,34.7,1,0,Running,0,0,0,0,healthy
9,77.6,74.3,0,2,CrashLoopBackOff,0,0,0,3,probe_failure
2,50.9,66.1,0,0,Error,0,0,0,7,probe_failure
0,16.2,36.5,1,0,Unknown,0,0,0,1,healthy
8,79.4,74.9,0,1,CrashLoopBackOff,0,0,0,4,probe_failure
1,41.5,98.2,1,134,Error,0,0,0,2,oom_killed
3,37.3,44.7,0,0,CrashLoopBackOff,0,0,0,7,probe_failure
0,27.3,54.8,1,0,Running,0,0,0,1,healthy
0,18.2,9.8,0,0,ImagePullBackOff,0,5,0,0,image_pull_error
2,74.3,97.4,0,139,CrashLoopBackOff,2,0,0,2,oom_killed
0,16.5,46.5,1,0,Running,0,0,0,0,healthy
3,58.2,62.4,0,0,CrashLoopBackOff,0,0,0,6,probe_failure
8,74.5,66.9,0,2,Error,0,0,0,4,probe_failure
7,75.8,69.5,0,1,CrashLoopBackOff,0,0,0,2,probe_failure
1,21.5,27.4,0,0,Running,0,0,0,0,healthy
0,21.5,15.9,1,0,Running,0,0,0,1,healthy
0,22.0,65.2,1,0,Running,0,0,0,0,healthy
0,7.8,21.2,0,0,ErrImagePull,0,5,0,0,image_pull_error
3,28.3,67.2,0,0,CrashLoopBackOff,0,0,0,5,probe_failure
1,18.6,41.5,1,0,Running,0,0,0,0,healthy
4,43.0,46.1,0,1,Running,0,0,0,6,probe_failure
1,50.3,69.5,0,1,Error,0,0,0,3,probe_failure
9,93.6,76.6,0,1,CrashLoopBackOff,0,0,0,5,probe_failure
0,27.2,38.5,1,0,Running,0,0,0,0,healthy
0,3.7,39.3,1,0,Running,0,0,0,0,healthy
10,77.2,71.5,0,2,CrashLoopBackOff,0,0,0,4,crash_loop
11,77.4,75.3,0,1,CrashLoopBackOff,0,0,0,3,probe_failure
8,70.1,58.8,0,0,Running,0,0,0,7,crash_loop
4,57.8,98.1,0,138,CrashLoopBackOff,3,0,0,2,oom_killed
5,85.7,58.8,0,1,CrashLoopBackOff,0,0,0,6,crash_loop
11,25.8,87.5,0,1,CrashLoopBackOff,0,0,0,1,crash_loop
8,73.7,63.6,0,1,Error,0,0,0,3,probe_failure
0,10.3,11.5,0,0,Pending,0,0,0,0,scheduling_failure
9,58.1,53.9,0,1,Error,0,0,0,14,crash_loop
0,0.4,18.2,0,0,ContainerCreating,0,0,3,0,scheduling_failure
1,9.3,20.9,0,0,Pending,0,2,0,1,image_pull_error
0,40.1,36.0,1,0,Running,0,0,0,1,healthy
0,21.5,41.2,1,0,Running,0,0,0,0,crash_loop
9,93.0,70.7,0,2,Error,0,0,0,5,probe_failure
2,49.7,94.6,0,139,CrashLoopBackOff,3,0,0,4,oom_killed
7,78.2,74.3,0,1,CrashLoopBackOff,0,0,0,4,probe_failure
1,13.8,34.7,1,0,Running,0,0,0,0,healthy
7,80.4,87.4,0,2,Error,0,0,0,6,probe_failure
0,40.8,55.3,1,0,Running,0,0,0,0,healthy
0,45.5,40.7,1,0,Running,0,0,0,0,healthy
6,84.4,84.6,0,1,CrashLoopBackOff,0,0,0,3,probe_failure
0,23.6,72.2,1,0,Running,0,0,0,1,healthy
11,91.3,47.1,0,0,CrashLoopBackOff,0,0,0,5,crash_loop
8,81.8,74.0,0,1,CrashLoopBackOff,0,0,0,3,probe_failure
6,83.7,67.6,0,1,CrashLoopBackOff,0,0,0,4,probe_failure
9,74.0,70.1,0,1,CrashLoopBackOff,0,0,0,5,probe_failure
0,5.5,19.1,0,0,ErrImagePull,0,8,0,0,image_pull_error
1,2.1,21.7,0,0,ImagePullBackOff,0,3,0,0,image_pull_error
1,37.5,66.4,1,0,Running,0,0,0,0,healthy
13,79.2,45.0,0,1,Running,0,0,0,5,crash_loop
0,26.3,43.7,1,0,Running,0,0,0,1,healthy
1,23.1,47.5,1,0,Running,0,0,0,0,healthy
0,26.3,46.4,1,0,Unknown,0,0,0,1,healthy
0,33.8,31.9,1,0,Running,0,0,0,0,healthy
6,75.3,64.8,0,0,CrashLoopBackOff,0,0,0,5,probe_failure
7,56.1,89.2,0,0,Error,0,0,0,0,crash_loop
6,36.5,75.2,0,139,CrashLoopBackOff,2,0,0,2,oom_killed
0,4.6,45.8,1,0,Running,0,0,0,0,healthy
0,13.3,53.2,1,0,Unknown,0,0,0,0,healthy
0,69.0,61.0,0,0,CrashLoopBackOff,0,0,0,0,crash_loop
5,59.4,92.8,1,99,OOMKilled,5,0,0,1,oom_killed
2,54.8,80.8,0,0,Running,0,0,0,2,scheduling_failure
2,52.9,38.6,0,0,CrashLoopBackOff,0,0,0,9,probe_failure
3,38.6,67.3,0,0,Error,0,0,0,6,probe_failure
8,64.4,72.8,0,1,CrashLoopBackOff,0,0,0,5,probe_failure
8,56.1,71.9,0,1,Running,0,0,0,0,crash_loop
1,24.0,29.4,1,0,Running,0,0,0,0,healthy
9,74.5,69.3,0,1,CrashLoopBackOff,0,0,0,6,probe_failure
0,27.5,49.8,1,0,Running,0,0,0,1,healthy
8,75.5,67.1,0,1,Error,0,0,0,2,probe_failure
6,77.9,41.3,0,0,Running,0,0,0,0,crash_loop
5,63.7,65.6,0,1,Error,0,0,0,2,probe_failure
0,24.9,46.2,1,0,Running,0,0,0,0,healthy
3,47.0,93.5,1,139,CrashLoopBackOff,4,0,0,5,oom_killed
9,82.2,77.7,0,1,CrashLoopBackOff,0,0,0,6,probe_failure
1,18.0,12.6,0,0,ContainerCreating,0,0,3,0,scheduling_failure
8,83.6,65.8,0,1,CrashLoopBackOff,0,0,0,3,probe_failure
1,12.7,51.7,1,0,Running,0,0,0,1,healthy
1,34.2,39.4,1,0,Running,0,0,0,1,healthy
1,41.4,22.6,1,0,Running,0,0,0,0,healthy
1,33.4,43.7,1,0,Running,0,0,0,0,healthy
0,26.6,21.4,1,0,Running,0,0,0,1,healthy
0,7.1,12.0,0,1,ImagePullBackOff,0,3,0,0,image_pull_error
4,43.8,94.4,0,93,CrashLoopBackOff,2,0,0,3,oom_killed
0,35.8,29.1,1,0,Running,0,0,0,0,healthy
0,18.4,15.7,0,0,ImagePullBackOff,0,2,0,1,image_pull_error
6,84.4,65.2,0,1,CrashLoopBackOff,0,0,0,3,probe_failure
6,72.3,59.9,0,0,CrashLoopBackOff,0,0,0,1,crash_loop
2,45.2,39.7,0,0,CrashLoopBackOff,0,0,0,6,probe_failure
0,6.9,14.0,0,0,ImagePullBackOff,0,2,0,0,image_pull_error
4,40.8,76.0,0,136,OOMKilled,1,0,0,2,oom_killed
0,55.9,80.3,0,3,Running,0,0,0,1,crash_loop
10,76.6,60.0,0,0,Error,0,0,0,5,probe_failure
0,23.6,50.7,1,0,Running,0,0,0,0,healthy
4,54.4,84.8,0,135,Error,2,0,0,3,oom_killed
4,57.8,76.8,1,133,Error,2,0,0,2,oom_killed
10,76.7,85.0,0,3,Error,0,0,0,5,crash_loop
0,14.0,36.1,1,0,Running,0,0,0,0,healthy
7,67.2,76.9,0,1,CrashLoopBackOff,0,0,0,5,probe_failure
0,19.6,35.4,1,0,Unknown,0,0,0,0,healthy
0,47.0,100.0,1,139,CrashLoopBackOff,3,0,0,1,oom_killed
0,28.5,20.2,1,0,Running,0,0,0,1,healthy
0,18.3,32.8,1,0,Running,0,0,0,0,healthy
1,13.5,15.9,0,0,ErrImagePull,0,6,0,1,image_pull_error
0,26.0,50.7,1,0,Unknown,0,0,0,1,healthy
3,62.6,65.6,0,0,Error,0,0,0,9,probe_failure
11,73.9,69.8,0,1,CrashLoopBackOff,0,0,0,1,probe_failure
1,4.0,12.0,0,0,Unschedulable,0,0,2,0,scheduling_failure
0,0.0,47.1,1,0,Unknown,0,0,0,0,healthy
0,8.4,15.3,0,0,Unschedulable,0,0,6,0,scheduling_failure
0,9.1,35.0,1,0,Running,0,0,0,0,healthy
0,7.2,19.5,0,0,Pending,0,0,7,0,scheduling_failure
8,64.8,73.0,0,1,CrashLoopBackOff,0,0,0,4,probe_failure
1,29.3,50.2,1,0,Running,0,0,0,0,healthy
7,93.7,78.0,0,2,Error,0,0,0,4,crash_loop
3,34.1,91.6,1,138,OOMKilled,3,0,0,4,oom_killed
1,71.0,96.1,0,0,Error,0,0,0,5,crash_loop
0,13.1,12.4,0,0,ContainerCreating,0,0,6,0,scheduling_failure
0,21.7,56.4,1,0,Running,0,0,0,0,healthy
6,72.4,62.7,0,0,CrashLoopBackOff,0,0,0,5,probe_failure
0,0.0,40.0,1,0,Running,0,0,0,0,healthy
7,85.9,72.6,0,2,CrashLoopBackOff,0,0,0,7,probe_failure
0,10.6,36.1,1,0,Running,0,0,0,0,healthy
0,24.2,39.6,1,0,Running,0,0,0,0,healthy
0,4.7,49.2,1,0,Running,0,0,0,0,healthy
0,17.8,24.6,0,0,ContainerCreating,0,0,7,0,scheduling_failure
4,57.9,92.4,0,139,CrashLoopBackOff,2,0,0,1,oom_killed
0,12.7,38.7,1,0,Unknown,0,0,0,1,healthy
1,23.5,83.4,0,134,CrashLoopBackOff,3,0,0,3,oom_killed
6,82.6,71.1,0,1,CrashLoopBackOff,0,0,0,3,probe_failure
0,34.0,51.2,1,0,Running,0,0,0,0,healthy
1,54.1,54.6,0,1,Running,0,0,0,1,probe_failure
7,76.4,69.0,0,1,Error,0,0,0,3,probe_failure
5,56.6,100.0,0,134,CrashLoopBackOff,2,0,0,0,oom_killed
1,39.3,40.4,1,0,Unknown,0,0,0,0,healthy
9,67.1,25.9,0,1,Running,0,0,0,5,crash_loop
4,71.4,57.1,0,0,Error,0,0,0,7,probe_failure
8,86.2,70.7,0,1,Error,0,0,0,5,probe_failure
5,52.7,85.3,0,139,OOMKilled,0,0,0,2,oom_killed
1,19.3,30.0,1,0,Running,0,0,0,1,healthy
0,1.2,33.2,1,0,Running,0,0,0,0,healthy
0,26.4,38.4,1,0,Running,0,0,0,0,healthy
9,79.6,59.8,0,1,Error,0,0,0,2,probe_failure
1,24.7,52.8,1,0,Running,0,0,0,0,healthy
5,77.1,61.4,0,1,Error,0,0,0,4,probe_failure
0,45.0,76.2,0,1,Error,0,0,0,1,crash_loop
5,71.6,83.4,0,90,OOMKilled,3,0,0,1,oom_killed
0,29.4,42.7,1,0,Running,0,0,0,0,healthy
11,73.3,63.8,0,1,CrashLoopBackOff,0,0,0,2,probe_failure
0,38.8,53.5,1,0,Running,0,0,0,0,healthy
1,15.0,14.5,0,0,Pending,0,0,5,0,scheduling_failure
7,76.9,69.4,0,1,Error,0,0,0,5,probe_failure
0,63.5,100.0,0,0,Error,0,0,0,6,crash_loop
0,22.8,32.9,1,0,Running,0,0,0,0,healthy
1,14.4,11.1,0,0,ErrImagePull,0,8,0,0,image_pull_error
0,2.2,48.3,1,0,Unknown,0,0,0,0,healthy
3,42.6,90.8,0,137,Error,1,0,0,3,oom_killed
1,19.1,22.7,1,0,Running,0,0,0,0,healthy
0,27.6,17.6,1,0,Running,0,0,0,0,healthy
0,0.4,26.8,1,0,Unknown,0,0,0,0,healthy
0,22.2,39.0,1,0,Running,0,0,0,0,healthy
8,73.1,82.6,0,1,Error,0,0,0,5,probe_failure
0,42.6,41.0,1,0,Running,0,0,0,0,healthy
8,76.4,62.7,1,2,Error,0,0,0,2,probe_failure
0,35.4,37.0,1,0,Running,0,0,0,0,healthy
0,15.6,47.6,1,0,Running,0,0,0,1,healthy
1,47.1,50.6,0,0,Error,0,0,0,5,probe_failure
1,27.3,73.9,1,0,Unknown,0,0,0,0,healthy
0,31.0,49.8,1,0,Running,0,0,0,1,healthy
10,79.0,67.8,0,1,Error,0,0,0,3,probe_failure
11,59.8,75.1,0,1,CrashLoopBackOff,0,0,0,5,probe_failure
1,14.9,18.6,0,0,Pending,0,0,8,1,scheduling_failure
0,36.1,28.2,1,0,Running,0,0,0,0,healthy
0,11.1,19.4,0,0,Unschedulable,0,0,4,1,scheduling_failure
0,35.9,50.0,1,0,Running,0,0,0,0,healthy
1,38.6,60.2,1,0,Running,0,0,0,0,healthy
7,65.8,62.0,0,1,Running,0,0,0,3,crash_loop
0,41.5,50.7,1,0,Running,0,0,0,0,healthy
0,5.4,6.1,0,0,ContainerCreating,0,0,8,1,scheduling_failure
1,26.0,45.2,1,0,Running,0,0,0,0,healthy
5,72.8,89.7,0,132,Error,0,0,0,3,oom_killed
0,45.4,44.6,1,0,Running,0,0,0,0,healthy
0,34.6,28.0,1,0,Running,0,0,0,0,healthy
0,5.4,11.1,0,0,Unschedulable,0,0,2,0,scheduling_failure
1,22.3,40.3,1,0,Running,0,0,0,0,healthy
1,30.3,95.5,0,90,OOMKilled,2,0,0,3,oom_killed
6,77.3,69.7,0,1,Error,0,0,0,3,probe_failure
0,24.0,65.6,1,0,Running,0,0,0,0,healthy
0,38.9,54.8,1,0,Running,0,0,0,1,healthy
2,52.9,63.2,0,126,CrashLoopBackOff,1,0,0,1,oom_killed
0,20.3,52.0,1,0,Running,0,0,0,0,healthy
3,52.8,53.9,0,0,Running,0,0,0,7,probe_failure
2,28.1,72.2,0,1,Running,0,0,0,7,probe_failure
0,33.6,46.0,1,0,Running,0,0,0,0,healthy
6,78.9,78.6,0,1,CrashLoopBackOff,0,0,0,5,probe_failure
4,86.9,70.8,0,0,Error,0,0,0,2,probe_failure
11,66.0,71.6,0,1,CrashLoopBackOff,0,0,0,3,probe_failure
0,38.2,30.4,1,0,Running,0,0,0,0,healthy
8,74.7,73.8,0,0,Error,0,0,0,8,crash_loop
7,64.6,77.8,0,1,Error,0,0,0,4,probe_failure
2,52.8,52.9,0,1,Running,0,0,0,5,probe_failure
0,10.4,15.4,0,0,ImagePullBackOff,0,2,0,1,image_pull_error
2,28.2,66.9,0,0,CrashLoopBackOff,0,0,0,8,probe_failure
2,54.4,100.0,0,86,CrashLoopBackOff,4,0,0,2,oom_killed
0,47.4,56.0,1,0,Running,0,0,0,0,healthy
4,55.8,81.4,0,140,Error,0,0,0,2,oom_killed
3,15.1,92.3,1,141,Error,2,0,0,1,oom_killed
0,34.1,23.6,1,0,Unknown,0,0,0,1,healthy
0,29.7,12.1,0,0,ErrImagePull,0,8,0,0,image_pull_error
1,0.0,18.4,0,0,ErrImagePull,0,5,0,0,image_pull_error
4,60.0,91.5,0,138,OOMKilled,1,0,0,2,oom_killed
11,66.8,74.1,0,0,CrashLoopBackOff,0,0,0,6,probe_failure
3,43.8,65.8,0,0,Error,0,0,0,1,probe_failure
0,19.5,55.3,1,0,Running,0,0,0,0,healthy
1,18.8,32.4,1,0,Unknown,0,0,0,1,healthy
3,16.5,59.7,0,1,CrashLoopBackOff,0,0,0,5,probe_failure
0,7.1,41.5,1,0,Running,0,0,0,0,healthy
0,24.3,5.9,1,0,Unknown,0,0,0,0,healthy
1,15.2,21.2,1,0,Running,0,0,0,1,healthy
0,6.2,14.6,0,0,ImagePullBackOff,0,6,0,1,image_pull_error
3,81.4,56.2,0,0,CrashLoopBackOff,0,0,0,1,crash_loop
3,56.0,70.9,0,0,CrashLoopBackOff,0,0,0,3,crash_loop
4,72.4,89.8,0,142,OOMKilled,2,0,0,2,oom_killed
0,32.7,22.3,1,0,Running,0,0,0,0,healthy
1,5.2,16.6,0,0,Pending,0,5,0,0,image_pull_error
6,72.3,67.3,0,1,Error,0,0,0,3,probe_failure
0,15.4,28.9,0,0,Unschedulable,0,0,6,0,scheduling_failure
0,0.0,14.4,0,0,Unschedulable,0,0,1,0,scheduling_failure
1,14.8,14.1,0,0,Pending,0,0,5,0,scheduling_failure
1,33.2,61.5,1,0,Running,0,0,0,1,healthy
1,33.2,32.9,1,0,Running,0,0,0,0,healthy
0,10.9,12.9,0,0,Pending,0,7,0,0,image_pull_error
0,18.7,43.1,1,0,Running,0,0,0,0,healthy
6,64.9,69.2,0,1,CrashLoopBackOff,0,0,0,4,probe_failure
1,20.7,61.0,1,1,CrashLoopBackOff,0,0,0,4,probe_failure
4,63.7,51.0,1,1,Error,0,0,0,3,crash_loop
5,47.7,84.7,0,138,OOMKilled,5,0,0,2,oom_killed
10,55.2,63.9,0,2,Error,0,0,0,4,image_pull_error
3,32.4,80.2,0,89,Error,0,0,0,3,oom_killed
1,14.5,15.1,0,0,ErrImagePull,0,3,0,0,image_pull_error
0,22.7,33.4,1,0,Running,0,0,0,0,healthy
8,65.1,81.5,0,1,Error,0,0,0,1,probe_failure
0,59.0,47.3,0,0,CrashLoopBackOff,0,0,0,4,probe_failure
10,74.7,87.1,0,0,CrashLoopBackOff,0,0,0,2,probe_failure
10,83.6,84.7,0,1,CrashLoopBackOff,0,0,0,3,probe_failure
7,76.0,61.5,0,2,CrashLoopBackOff,0,0,0,6,probe_failure
8,69.9,68.5,0,1,Error,0,0,0,4,probe_failure
1,60.7,91.9,1,141,OOMKilled,4,0,0,2,oom_killed
6,76.6,66.1,0,1,Error,0,0,0,4,probe_failure
1,6.6,13.3,0,0,ContainerCreating,0,0,3,0,scheduling_failure
0,10.1,51.7,1,0,Running,0,0,0,0,healthy
0,11.7,19.1,0,0,ContainerCreating,0,0,7,0,scheduling_failure
1,6.5,75.9,0,136,CrashLoopBackOff,2,0,0,2,image_pull_error
2,67.7,67.5,0,1,Error,0,0,0,5,probe_failure
1,37.6,39.4,1,0,Unknown,0,0,0,0,oom_killed
0,16.8,48.3,1,0,Running,0,0,0,0,healthy
8,66.1,73.2,0,1,CrashLoopBackOff,0,0,0,2,probe_failure
2,42.8,57.0,0,1,Running,0,0,0,4,probe_failure
7,70.4,96.2,0,0,CrashLoopBackOff,0,0,0,3,crash_loop
7,66.1,83.1,0,1,Error,0,0,0,5,probe_failure
0,49.3,54.8,1,0,Running,0,0,0,0,healthy
0,16.6,9.3,1,0,Running,0,0,0,0,healthy
4,52.6,64.0,1,0,CrashLoopBackOff,0,0,0,5,probe_failure
5,58.1,89.8,0,143,OOMKilled,1,0,0,0,oom_killed
0,21.5,17.7,0,0,Pending,0,0,6,0,scheduling_failure
9,72.1,74.5,0,0,Error,0,0,0,3,probe_failure
0,6.1,26.3,1,0,Running,0,0,0,1,healthy
1,5.6,28.6,1,0,Running,0,0,0,0,healthy
0,38.0,51.2,1,0,Running,0,0,0,0,healthy
5,81.5,75.2,0,1,CrashLoopBackOff,0,0,0,4,probe_failure
0,52.0,31.0,0,0,Error,0,0,0,3,probe_failure
0,8.4,15.8,0,0,Pending,0,0,8,0,scheduling_failure
0,8.8,53.6,1,0,Running,0,0,0,1,healthy
1,4.6,15.4,0,1,Pending,0,5,0,0,image_pull_error
0,65.9,71.8,0,0,Running,0,0,0,3,probe_failure
0,49.3,79.6,0,0,Running,0,0,0,8,crash_loop
2,90.3,59.2,0,0,CrashLoopBackOff,0,0,0,9,crash_loop
0,24.6,45.6,1,0,Unknown,0,0,0,0,healthy
4,53.2,55.4,0,1,Error,0,0,0,0,crash_loop
0,19.4,28.1,1,0,Running,0,0,0,0,healthy
1,94.8,96.3,0,135,Error,1,0,0,2,oom_killed
0,26.6,52.5,1,0,Unknown,0,0,0,1,healthy
3,58.5,62.7,0,0,Running,0,0,0,7,probe_failure
12,62.8,68.4,0,0,CrashLoopBackOff,0,0,0,3,crash_loop
1,20.9,7.5,0,0,ImagePullBackOff,0,5,0,0,image_pull_error
3,57.0,62.2,0,0,CrashLoopBackOff,0,0,0,12,crash_loop
0,24.5,42.5,1,0,Running,0,0,0,0,healthy
0,31.8,31.3,1,0,Running,0,0,0,0,healthy
8,79.3,73.8,0,1,CrashLoopBackOff,0,0,0,6,probe_failure
0,79.0,80.7,0,1,Error,0,0,0,2,crash_loop
0,20.5,27.6,1,0,Running,0,0,0,0,healthy
9,33.5,84.2,0,2,Running,0,0,0,0,crash_loop
6,49.6,68.3,0,2,Error,0,0,0,7,crash_loop
5,65.5,52.3,0,1,CrashLoopBackOff,0,0,0,2,probe_failure
0,25.7,47.2,1,0,Running,0,0,0,1,healthy
1,27.1,42.2,1,0,Running,0,0,0,0,healthy
3,71.2,96.8,0,136,CrashLoopBackOff,0,0,0,2,oom_killed
0,2.1,20.0,0,0,Unschedulable,0,0,5,0,scheduling_failure
8,70.8,79.2,0,1,Error,0,0,0,3,probe_failure
8,72.9,72.2,0,0,CrashLoopBackOff,0,0,0,3,probe_failure
0,11.1,19.7,0,0,Unschedulable,0,0,7,0,scheduling_failure
0,10.2,15.2,0,0,ErrImagePull,0,2,0,1,image_pull_error
7,78.4,73.3,0,1,Error,0,0,0,5,probe_failure
0,13.1,18.8,1,0,Pending,0,2,0,0,image_pull_error
6,71.0,56.6,0,1,CrashLoopBackOff,0,0,0,5,probe_failure
2,37.4,52.1,0,1,Running,0,0,0,3,probe_failure
7,79.4,57.5,0,0,CrashLoopBackOff,0,0,0,6,probe_failure
1,29.0,38.8,1,0,Unknown,0,0,0,0,healthy
0,14.6,49.8,0,0,Running,0,0,0,1,healthy
0,28.6,28.1,1,0,Unknown,0,0,0,0,crash_loop
0,6.7,34.8,1,0,Running,0,0,0,1,healthy
0,11.8,25.3,0,0,ContainerCreating,0,0,9,1,scheduling_failure
0,28.9,38.7,1,0,Unknown,0,0,0,0,healthy
5,76.0,59.7,0,1,CrashLoopBackOff,0,0,0,6,probe_failure
1,31.5,25.6,1,0,Running,0,0,0,0,healthy
5,57.5,37.7,0,0,Running,0,0,0,5,crash_loop
5,45.9,90.2,0,137,CrashLoopBackOff,3,0,0,3,oom_killed
15,47.9,69.8,0,2,CrashLoopBackOff,0,0,0,0,crash_loop
0,28.1,46.1,1,0,Unknown,0,0,0,0,healthy
1,63.9,75.2,1,0,Running,0,0,0,2,probe_failure
1,17.5,28.6,1,0,Running,0,0,0,0,healthy
2,76.4,81.0,0,133,Error,1,0,0,2,oom_killed
0,8.2,38.3,1,0,Running,0,0,0,0,healthy
0,37.7,48.2,1,0,Running,0,0,0,0,healthy
8,76.8,74.3,0,1,CrashLoopBackOff,0,0,0,5,probe_failure
7,72.1,81.0,0,2,CrashLoopBackOff,0,0,0,2,probe_failure
7,76.5,73.1,0,1,CrashLoopBackOff,0,0,0,3,probe_failure
7,76.3,58.9,0,1,CrashLoopBackOff,0,0,0,5,probe_failure
5,76.1,63.4,1,1,CrashLoopBackOff,0,0,0,4,probe_failure
4,73.1,62.4,0,1,Error,0,0,0,6,probe_failure
1,5.4,20.8,0,0,Pending,0,0,5,0,scheduling_failure
0,34.1,53.1,0,0,Running,0,0,0,1,healthy
0,3.5,10.4,0,0,Pending,0,0,10,0,scheduling_failure
2,62.9,63.6,1,0,Running,0,0,0,6,probe_failure
0,52.0,21.5,1,0,Running,0,0,0,0,healthy
7,92.3,39.3,0,0,CrashLoopBackOff,0,0,0,0,crash_loop
4,50.6,91.6,0,137,OOMKilled,0,0,0,2,oom_killed
0,40.5,36.6,1,0,Running,0,0,0,0,healthy
1,54.6,59.1,0,1,Error,0,0,0,2,probe_failure
1,21.3,39.0,1,0,Running,0,0,0,1,healthy
0,24.8,51.8,1,0,Unknown,0,0,0,1,healthy
1,31.5,43.1,1,0,Unknown,0,0,0,0,healthy
0,23.7,33.7,1,0,Running,0,0,0,0,healthy
0,19.1,50.6,1,0,Unknown,0,0,0,0,healthy
8,83.0,60.2,0,2,CrashLoopBackOff,0,0,0,3,probe_failure
0,31.1,23.0,1,0,Running,0,0,0,0,healthy
1,18.8,38.5,1,0,Running,0,0,0,0,healthy
1,6.5,21.2,0,1,ErrImagePull,0,3,0,0,image_pull_error
3,74.5,67.1,0,83,OOMKilled,0,0,0,0,oom_killed
1,28.3,69.9,1,0,Error,0,0,0,3,probe_failure
0,8.2,7.5,0,0,Pending,0,0,9,0,scheduling_failure
0,16.0,13.5,1,0,Running,0,0,0,0,healthy
0,9.3,39.4,1,0,Unknown,0,0,0,1,healthy
0,14.2,21.1,0,0,ImagePullBackOff,0,3,0,0,image_pull_error
8,82.5,87.7,0,1,CrashLoopBackOff,0,0,0,2,probe_failure
5,86.5,54.4,0,2,Running,0,0,0,5,crash_loop
0,43.3,24.1,1,0,Running,0,0,0,1,probe_failure
3,68.8,87.5,0,86,OOMKilled,3,0,0,3,oom_killed
8,74.1,59.1,0,0,CrashLoopBackOff,0,0,0,4,probe_failure
10,74.3,71.5,0,1,CrashLoopBackOff,0,0,0,4,probe_failure
0,29.7,30.8,1,0,Running,0,0,0,0,healthy
0,28.5,56.7,1,0,Unknown,0,0,0,1,healthy
0,3.0,34.9,1,0,Running,0,0,0,0,healthy
5,74.2,66.2,0,1,CrashLoopBackOff,0,0,0,3,probe_failure
3,53.8,70.5,0,0,CrashLoopBackOff,0,0,0,0,probe_failure
0,7.6,17.0,0,0,Pending,0,0,4,1,scheduling_failure
0,31.9,14.6,1,0,Running,0,0,0,1,healthy
1,25.1,46.3,0,0,Error,0,0,0,9,probe_failure
1,2.3,14.7,0,0,ErrImagePull,0,6,0,0,image_pull_error
1,20.8,38.0,1,0,Running,0,0,0,0,healthy
7,76.1,84.1,0,1,Error,0,0,0,4,probe_failure
0,6.7,22.6,1,0,ImagePullBackOff,0,4,0,0,image_pull_error
0,33.4,56.7,1,0,Unknown,0,0,0,0,healthy
8,72.0,63.2,0,0,CrashLoopBackOff,0,0,0,6,probe_failure
1,29.0,58.3,0,0,CrashLoopBackOff,0,0,0,4,probe_failure
2,57.2,100.0,0,136,OOMKilled,0,0,0,3,oom_killed
10,80.8,68.9,0,1,Error,0,0,0,5,probe_failure
4,59.1,52.4,0,93,Error,0,0,0,2,oom_killed
1,41.2,24.2,1,0,Running,0,0,0,0,healthy
1,12.1,49.2,1,0,Running,0,0,0,0,healthy
0,32.3,37.6,1,0,Running,0,0,0,0,healthy
6,69.9,56.5,1,1,Error,0,0,0,3,probe_failure
0,4.8,9.1,0,1,Pending,0,5,0,0,image_pull_error
0,15.6,41.2,1,0,Running,0,0,0,1,healthy
12,76.4,67.1,0,1,CrashLoopBackOff,0,0,0,4,probe_failure
3,30.8,57.3,1,1,Running,0,0,0,9,probe_failure
1,23.9,29.5,1,0,Running,0,0,0,0,healthy
7,68.0,46.6,0,2,Error,0,0,0,8,crash_loop
0,19.6,1.8,0,0,Pending,0,4,0,0,image_pull_error
3,46.2,40.7,0,1,Error,0,0,0,2,probe_failure
10,69.8,68.9,0,1,CrashLoopBackOff,0,0,0,3,probe_failure
0,1.4,8.9,0,0,ContainerCreating,0,0,9,0,scheduling_failure
9,82.7,71.2,0,0,CrashLoopBackOff,0,0,0,6,probe_failure
0,16.2,48.5,1,0,Running,0,0,0,0,healthy
0,18.8,53.3,1,0,Running,0,0,0,0,healthy
10,73.0,79.8,0,1,CrashLoopBackOff,0,0,0,5,probe_failure
2,26.1,78.4,0,1,Error,0,0,0,9,probe_failure
0,33.4,33.1,1,0,Unknown,0,0,0,0,healthy
9,84.9,85.3,0,1,CrashLoopBackOff,0,0,0,5,probe_failure
0,8.8,21.1,0,0,ImagePullBackOff,0,4,0,0,image_pull_error
3,30.6,43.7,0,0,CrashLoopBackOff,0,0,0,5,probe_failure
11,68.5,44.0,1,0,Running,0,0,0,3,crash_loop
0,30.6,42.1,1,0,Running,0,0,0,0,healthy
1,51.8,33.6,1,0,Running,0,0,0,0,healthy
3,60.9,72.4,0,1,CrashLoopBackOff,0,0,0,7,probe_failure
2,93.5,85.2,0,134,CrashLoopBackOff,0,0,0,1,oom_killed
0,21.7,14.7,1,0,Running,0,0,0,0,healthy
9,82.5,66.1,0,1,Error,0,0,0,5,probe_failure
11,66.5,38.0,0,0,Error,0,0,0,5,crash_loop
0,48.6,69.3,1,0,Unknown,0,0,0,0,healthy
10,81.0,68.1,0,1,CrashLoopBackOff,0,0,0,4,probe_failure
1,51.3,59.3,0,1,CrashLoopBackOff,0,0,0,4,probe_failure
3,49.7,84.9,0,138,Error,2,0,0,2,oom_killed
0,37.4,54.7,1,0,Running,0,0,0,1,healthy
0,9.1,12.1,0,0,ImagePullBackOff,0,4,0,1,image_pull_error
1,6.6,43.6,1,0,Running,0,0,0,0,healthy
0,2.9,12.3,0,0,Unschedulable,0,0,6,0,scheduling_failure
0,10.1,10.6,0,0,ErrImagePull,0,4,0,0,image_pull_error
4,54.1,87.9,0,138,OOMKilled,4,0,0,1,oom_killed
0,69.3,60.5,0,0,Error,0,0,0,1,crash_loop
8,90.7,87.3,0,1,CrashLoopBackOff,0,0,0,2,probe_failure
0,57.0,79.7,0,2,CrashLoopBackOff,0,0,0,2,crash_loop
6,85.3,77.2,0,1,CrashLoopBackOff,0,0,0,3,probe_failure
9,62.3,75.7,0,1,CrashLoopBackOff,0,0,0,3,probe_failure
1,19.6,55.1,1,0,Running,0,0,0,0,healthy
0,11.6,16.1,0,0,ContainerCreating,0,0,9,0,scheduling_failure
1,15.5,57.7,1,0,Running,0,0,0,0,healthy
0,4.7,15.8,1,0,Unknown,0,0,0,1,healthy
0,31.5,37.7,1,0,Running,0,0,0,1,healthy
0,6.4,16.5,0,0,Pending,0,0,0,0,image_pull_error
0,4.2,10.2,0,0,Pending,0,0,5,1,scheduling_failure
0,50.0,24.3,1,0,Running,0,0,0,0,healthy
9,70.0,79.6,0,1,CrashLoopBackOff,0,0,0,6,probe_failure
8,74.6,90.4,0,0,Error,0,0,0,3,probe_failure
18,51.5,63.8,0,0,Error,0,0,0,2,crash_loop
0,48.7,59.8,0,1,Error,0,0,0,4,probe_failure
5,73.3,97.3,0,89,OOMKilled,3,0,0,3,oom_killed
0,27.2,65.3,1,0,Running,0,0,0,0,healthy
0,14.1,21.1,1,0,Running,0,0,0,0,healthy
1,11.2,10.0,0,0,Pending,0,0,5,0,scheduling_failure
2,39.9,67.9,0,0,CrashLoopBackOff,0,0,0,6,probe_failure
0,13.6,12.4,0,0,Pending,0,6,0,1,image_pull_error
0,13.3,23.2,1,0,Unknown,0,0,0,0,healthy
1,17.5,25.8,1,0,Running,0,0,0,0,healthy
1,7.5,13.1,0,0,ErrImagePull,0,3,0,0,image_pull_error
0,28.8,41.8,1,0,Unknown,0,0,0,0,healthy
0,28.0,55.9,1,0,Running,0,0,0,1,healthy
0,31.7,38.4,1,0,Unknown,0,0,0,1,healthy
0,8.2,46.8,1,0,Running,0,0,0,0,healthy
0,24.0,31.1,1,0,Running,0,0,0,0,healthy
1,65.2,95.2,0,135,OOMKilled,3,0,0,1,oom_killed
7,0.6,96.1,0,1,Error,0,0,0,5,crash_loop
8,71.9,68.1,0,1,CrashLoopBackOff,0,0,0,6,probe_failure
10,80.8,67.0,0,1,CrashLoopBackOff,0,0,0,4,probe_failure
3,81.7,69.3,0,0,Running,0,0,0,6,probe_failure
1,40.2,100.0,0,139,CrashLoopBackOff,2,0,0,2,oom_killed
1,10.6,16.9,0,0,Pending,0,0,5,0,scheduling_failure
0,16.5,35.1,0,0,Pending,0,0,8,0,scheduling_failure
7,74.2,66.1,0,0,CrashLoopBackOff,0,0,0,4,probe_failure
7,71.8,57.7,0,2,CrashLoopBackOff,0,0,0,4,probe_failure
1,43.0,72.0,0,92,Error,3,0,0,4,oom_killed
3,52.7,70.9,1,1,CrashLoopBackOff,0,0,0,3,probe_failure
1,3.8,15.5,0,0,Pending,0,0,5,0,scheduling_failure
0,5.2,10.1,0,0,Pending,0,1,0,0,image_pull_error
0,8.1,45.5,1,0,Running,0,0,0,1,healthy
0,16.1,29.2,1,0,Running,0,0,0,0,healthy
1,22.4,19.7,1,0,Unknown,0,0,0,1,healthy
2,29.5,42.8,0,0,Error,0,0,0,5,probe_failure
0,26.0,62.4,1,0,Running,0,0,0,1,healthy
0,23.0,55.6,1,0,Running,0,0,0,0,healthy
9,74.1,72.4,0,1,CrashLoopBackOff,0,0,0,5,probe_failure
1,23.7,30.1,1,0,Unknown,0,0,0,0,healthy
0,9.2,5.9,0,1,Pending,0,6,0,0,image_pull_error
9,53.8,68.6,0,0,CrashLoopBackOff,0,0,0,1,crash_loop
0,29.0,36.6,1,0,Running,0,0,0,0,healthy
1,60.8,76.4,1,138,OOMKilled,2,0,0,2,oom_killed
9,70.3,80.7,0,1,CrashLoopBackOff,0,0,0,3,probe_failure
9,89.5,64.9,0,1,CrashLoopBackOff,0,0,0,0,probe_failure
0,27.8,51.5,1,0,Running,0,0,0,0,healthy
1,5.4,20.7,1,0,Running,0,0,0,1,healthy
1,24.8,42.4,1,0,Running,0,0,0,1,healthy
0,5.6,17.0,0,0,Unschedulable,0,0,6,1,oom_killed
1,55.0,54.5,0,1,Error,0,0,0,7,probe_failure
7,80.7,69.6,0,1,CrashLoopBackOff,0,0,0,4,probe_failure
3,49.1,87.5,0,134,CrashLoopBackOff,1,0,0,2,oom_killed
0,12.2,43.0,1,0,Running,0,0,0,0,healthy
0,43.5,53.9,1,0,Running,0,0,0,0,healthy
10,72.5,74.3,0,1,CrashLoopBackOff,0,0,0,5,probe_failure
5,56.3,24.2,0,2,CrashLoopBackOff,0,0,0,2,crash_loop
0,16.9,18.1,0,0,Unschedulable,0,0,6,1,scheduling_failure
0,30.0,32.5,1,0,Running,0,0,0,0,healthy
0,33.5,54.7,1,0,Unknown,0,0,0,0,healthy
0,9.5,16.5,0,0,Pending,0,0,9,0,scheduling_failure
2,43.1,54.6,1,0,CrashLoopBackOff,0,0,0,7,probe_failure
8,72.7,72.4,0,1,CrashLoopBackOff,0,0,0,4,probe_failure
9,81.0,57.2,0,1,CrashLoopBackOff,0,0,0,3,probe_failure
9,77.0,74.8,1,1,CrashLoopBackOff,0,0,0,4,probe_failure
6,58.1,55.4,0,0,CrashLoopBackOff,0,0,0,5,crash_loop
0,15.2,33.0,1,0,Unknown,0,0,0,0,healthy
1,21.8,41.1,1,0,Running,0,0,0,1,healthy
0,17.2,58.6,1,0,Running,0,0,0,0,healthy
7,80.8,76.7,0,1,Error,0,0,0,5,probe_failure
7,88.9,75.3,0,1,CrashLoopBackOff,0,0,0,6,probe_failure
1,22.4,41.2,1,0,Running,0,0,0,0,healthy
0,14.8,22.9,1,0,Unknown,0,0,0,1,healthy
0,10.1,18.1,0,1,ErrImagePull,0,5,0,0,image_pull_error
6,76.4,70.3,0,1,CrashLoopBackOff,0,0,0,2,probe_failure
0,9.1,60.5,1,0,Running,0,0,0,0,healthy
1,24.7,27.9,1,0,Running,0,0,0,0,healthy
7,54.7,72.0,0,143,OOMKilled,3,0,0,2,oom_killed
4,63.4,69.5,0,1,Error,0,0,0,4,probe_failure
0,32.2,52.7,1,0,Running,0,0,0,1,healthy
0,19.8,31.9,1,0,Unknown,0,0,0,0,healthy
1,15.4,32.5,1,0,Running,0,0,0,0,healthy
1,21.3,41.7,1,0,Running,0,0,0,0,healthy
0,42.7,54.8,0,0,Running,0,0,0,6,probe_failure
1,24.4,61.2,1,0,Running,0,0,0,1,healthy
1,40.8,35.5,1,0,Unknown,0,0,0,0,healthy
0,67.7,75.8,0,0,CrashLoopBackOff,0,0,0,6,probe_failure
0,24.5,44.7,1,0,Unknown,0,0,0,1,healthy
2,73.1,86.6,1,97,CrashLoopBackOff,2,0,0,2,oom_killed
7,99.4,49.4,0,1,Error,0,0,0,4,crash_loop
1,34.0,48.2,1,0,Unknown,0,0,0,1,healthy
10,63.4,49.1,0,0,CrashLoopBackOff,0,0,0,2,crash_loop
0,5.5,37.5,1,0,Running,0,0,0,1,healthy
5,70.5,46.3,0,3,Running,0,0,0,3,crash_loop
9,71.8,87.4,0,0,CrashLoopBackOff,0,0,0,3,probe_failure
2,40.7,49.5,1,0,CrashLoopBackOff,0,0,0,1,probe_failure
2,50.0,65.0,0,0,CrashLoopBackOff,0,0,0,1,probe_failure
0,10.8,46.2,1,0,Running,0,0,0,0,healthy
1,25.1,52.9,1,0,Running,0,0,0,0,healthy
0,14.3,12.7,0,0,Pending,0,4,0,0,image_pull_error
3,48.8,45.6,0,0,Error,0,0,0,0,crash_loop
0,56.5,25.6,1,0,Running,0,0,0,0,healthy
10,70.1,66.3,0,1,CrashLoopBackOff,0,0,0,4,probe_failure
6,69.9,75.0,0,1,CrashLoopBackOff,0,0,0,3,probe_failure
0,67.7,34.3,1,0,Unknown,0,0,0,0,healthy
0,20.5,30.0,1,0,Running,0,0,0,0,healthy
0,14.9,15.8,0,0,Pending,0,0,9,0,scheduling_failure
0,15.3,21.1,1,0,ErrImagePull,0,7,0,1,image_pull_error
8,65.2,90.5,0,3,Error,0,0,0,0,crash_loop
0,22.1,40.7,1,0,Unknown,0,0,0,0,healthy
3,68.2,81.4,0,2,Running,0,0,0,4,crash_loop
0,8.6,14.9,0,0,Pending,0,0,4,0,scheduling_failure
0,26.8,48.3,1,0,Unknown,0,0,0,0,healthy
6,81.6,67.9,0,1,CrashLoopBackOff,0,0,0,5,probe_failure
4,37.9,53.2,1,0,CrashLoopBackOff,0,0,0,6,probe_failure
1,11.0,34.9,1,0,Running,0,0,0,0,healthy
1,27.3,40.7,1,0,Unknown,0,0,0,0,healthy
1,29.9,27.9,1,0,Running,0,0,0,0,healthy
0,56.9,50.8,1,0,Unknown,0,0,0,1,healthy
0,14.0,71.0,1,0,Running,0,0,0,0,healthy
0,16.2,2.1,0,0,ContainerCreating,0,0,4,1,scheduling_failure
1,38.2,15.4,1,0,Running,0,0,0,1,healthy
3,47.6,67.3,0,2,Running,0,0,0,7,probe_failure
12,58.8,70.0,1,0,Error,0,0,0,5,probe_failure
0,6.4,14.8,0,0,Pending,0,0,6,0,scheduling_failure
0,12.2,50.9,1,0,Running,0,0,0,0,healthy
0,48.9,38.3,1,0,Unknown,0,0,0,0,healthy
1,19.2,33.4,1,0,Running,0,0,0,0,healthy
7,82.4,61.6,0,2,Error,0,0,0,4,crash_loop
0,3.8,23.5,0,0,ContainerCreating,0,0,2,0,oom_killed
7,83.2,76.3,0,1,CrashLoopBackOff,0,0,0,5,probe_failure
0,26.9,45.7,1,0,Running,0,0,0,0,healthy
0,39.7,38.6,1,0,Running,0,0,0,0,healthy
1,41.2,50.1,1,0,Unknown,0,0,0,1,healthy
3,22.6,85.2,0,139,Error,0,0,0,2,oom_killed
3,52.3,76.6,0,135,CrashLoopBackOff,2,0,0,3,oom_killed
4,100.0,92.0,1,0,Error,0,0,0,7,crash_loop
0,1.8,20.9,0,0,Unschedulable,0,0,11,0,scheduling_failure
2,76.7,51.5,0,0,Running,0,0,0,1,probe_failure
1,32.6,55.3,0,0,Error,0,0,0,5,probe_failure
2,60.1,62.0,0,0,Running,0,0,0,8,probe_failure
7,85.3,76.6,0,0,CrashLoopBackOff,0,0,0,2,probe_failure
0,11.2,18.2,1,0,ContainerCreating,0,0,3,0,scheduling_failure
10,50.1,72.7,0,0,Error,0,0,0,4,crash_loop
1,9.7,24.3,0,0,Unschedulable,0,0,7,1,scheduling_failure
0,11.5,30.2,1,0,Unknown,0,0,0,0,healthy
4,39.5,58.7,0,0,Error,0,0,0,5,probe_failure
1,30.8,16.0,1,0,Unknown,0,0,0,0,healthy
5,59.0,92.7,0,134,Error,4,0,0,1,oom_killed
0,21.2,17.5,0,0,Pending,0,6,0,0,image_pull_error
9,84.4,57.9,0,1,Error,0,0,0,3,crash_loop
1,43.0,50.3,1,0,Unknown,0,0,0,0,healthy
10,65.4,60.0,0,4,Error,0,0,0,7,crash_loop
0,20.4,41.6,1,0,Running,0,0,0,0,healthy
0,39.0,24.8,1,0,Unknown,0,0,0,0,healthy
1,27.1,46.6,1,0,Running,0,0,0,0,healthy
15,64.3,79.5,0,2,CrashLoopBackOff,0,0,0,3,crash_loop
0,8.5,33.0,1,0,Running,0,0,0,0,healthy
0,12.5,23.7,0,1,ImagePullBackOff,0,4,0,1,image_pull_error
9,66.4,82.6,0,1,CrashLoopBackOff,0,0,0,4,probe_failure
5,86.4,59.6,0,1,CrashLoopBackOff,0,0,0,3,probe_failure
1,37.1,80.9,0,1,Error,0,0,0,7,probe_failure
1,15.5,18.1,1,0,Running,0,0,0,0,healthy
7,73.9,79.1,0,1,CrashLoopBackOff,0,0,0,6,probe_failure
7,74.6,71.8,0,1,CrashLoopBackOff,0,0,0,5,probe_failure
0,17.5,14.9,0,0,ImagePullBackOff,0,7,0,0,image_pull_error
1,30.2,53.7,1,0,Running,0,0,0,0,healthy
1,42.3,25.7,1,0,Unknown,0,0,0,0,healthy
0,51.9,61.5,0,1,Error,0,0,0,6,probe_failure
1,36.0,68.8,0,1,Running,0,0,0,3,probe_failure
0,37.5,46.2,1,0,Unknown,0,0,0,0,healthy
0,10.3,5.4,0,0,ImagePullBackOff,0,5,0,0,image_pull_error
0,9.4,9.2,0,0,Pending,0,6,0,0,image_pull_error
0,19.2,29.6,1,0,Running,0,0,0,0,healthy
0,8.2,46.2,1,0,Unknown,0,0,0,0,healthy
6,39.2,53.9,0,0,CrashLoopBackOff,0,0,0,6,crash_loop
8,72.9,67.8,0,0,CrashLoopBackOff,0,0,0,4,probe_failure
0,14.6,12.2,0,0,Pending,0,0,5,0,scheduling_failure
0,9.3,34.7,1,0,Unknown,0,0,0,0,healthy
1,33.7,63.2,0,0,Error,0,0,0,5,probe_failure
1,35.8,60.1,0,1,Running,0,0,0,5,probe_failure
1,69.5,87.9,0,85,CrashLoopBackOff,5,0,0,2,oom_killed
0,14.2,8.2,0,0,Unschedulable,0,0,3,0,scheduling_failure
4,49.7,88.8,0,137,CrashLoopBackOff,3,0,0,2,oom_killed
0,29.9,47.4,1,0,Running,0,0,0,1,healthy
0,39.3,33.6,1,0,Running,0,0,0,0,healthy
8,41.0,80.5,0,1,CrashLoopBackOff,0,0,0,0,crash_loop
3,39.2,55.3,0,0,CrashLoopBackOff,0,0,0,5,probe_failure
1,18.1,67.1,1,0,Running,0,0,0,0,healthy
0,9.2,16.2,0,0,ImagePullBackOff,0,1,0,0,image_pull_error
0,13.0,27.1,0,0,Pending,0,6,0,0,image_pull_error
0,5.9,31.4,1,0,Running,0,0,0,0,healthy
0,20.8,34.9,1,0,Running,0,0,0,0,healthy
7,62.3,73.1,0,1,CrashLoopBackOff,0,0,0,4,probe_failure
4,38.6,71.5,0,140,Error,3,0,0,3,oom_killed
6,71.5,86.4,0,1,CrashLoopBackOff,0,0,0,4,probe_failure
0,21.8,53.5,1,0,Running,0,0,0,1,healthy
0,21.4,39.4,1,0,Unknown,0,0,0,0,healthy
8,84.1,59.5,0,1,Error,0,0,0,5,probe_failure
9,82.8,84.4,0,1,CrashLoopBackOff,0,0,0,3,probe_failure
3,52.6,65.5,0,136,OOMKilled,3,0,0,0,oom_killed
0,6.6,14.7,0,0,Pending,0,7,0,0,image_pull_error
4,49.6,85.7,0,134,CrashLoopBackOff,1,0,0,2,oom_killed
9,78.6,63.2,0,1,Error,0,0,0,4,probe_failure
10,72.9,77.5,0,1,Error,0,0,0,6,probe_failure
6,80.6,81.4,0,2,CrashLoopBackOff,0,0,0,4,probe_failure
2,46.4,100.0,0,133,OOMKilled,2,0,0,0,oom_killed
11,79.5,63.6,0,1,Error,0,0,0,5,probe_failure
0,13.2,15.8,1,0,Pending,0,3,0,0,image_pull_error
3,55.0,100.0,0,139,CrashLoopBackOff,3,0,0,2,oom_killed
9,56.1,70.1,0,2,CrashLoopBackOff,0,0,0,6,crash_loop
4,62.8,69.4,0,94,Error,2,0,0,4,oom_killed
0,16.6,37.0,0,0,Running,0,0,0,0,healthy
5,41.2,82.1,0,0,CrashLoopBackOff,0,0,0,4,crash_loop
1,13.7,18.7,0,0,ContainerCreating,0,0,6,1,scheduling_failure
7,53.5,59.8,0,1,Error,0,0,0,4,crash_loop
0,24.8,21.1,1,0,Unknown,0,0,0,0,healthy
6,90.4,78.9,0,2,CrashLoopBackOff,0,0,0,2,probe_failure
0,15.8,12.6,0,0,Pending,0,0,4,0,scheduling_failure
4,28.6,63.8,1,1,CrashLoopBackOff,0,0,0,7,probe_failure
0,7.1,15.3,1,0,Running,0,0,0,1,healthy
8,78.0,72.6,0,1,CrashLoopBackOff,0,0,0,3,probe_failure
1,62.4,42.9,0,2,CrashLoopBackOff,0,0,0,1,crash_loop
0,34.2,50.2,1,0,Running,0,0,0,1,healthy
0,25.8,63.1,1,0,Unknown,0,0,0,0,healthy
0,3.8,30.7,0,0,ContainerCreating,0,0,7,0,scheduling_failure
1,36.8,48.1,1,0,Running,0,0,0,0,healthy
3,53.2,89.9,0,131,CrashLoopBackOff,2,0,0,1,oom_killed
0,34.7,47.3,0,0,Running,0,0,0,0,healthy
8,80.6,57.3,0,1,CrashLoopBackOff,0,0,0,5,probe_failure
1,17.4,34.1,1,0,Running,0,0,0,0,healthy
0,16.2,48.2,0,0,Unknown,0,0,0,0,healthy
0,10.8,21.3,1,0,Pending,0,5,0,1,image_pull_error
0,8.6,23.5,1,0,Running,0,0,0,0,healthy
7,77.5,70.0,0,1,CrashLoopBackOff,0,0,0,3,probe_failure
1,3.0,52.5,1,0,Running,0,0,0,0,healthy
8,78.6,69.8,0,1,CrashLoopBackOff,0,0,0,5,probe_failure
11,73.5,55.3,0,1,Running,0,0,0,8,crash_loop
7,75.7,73.0,0,0,CrashLoopBackOff,0,0,0,2,crash_loop
0,18.9,20.1,0,0,ImagePullBackOff,0,4,0,0,image_pull_error
0,13.2,23.1,0,0,Pending,0,6,0,0,image_pull_error
1,43.2,69.0,0,0,CrashLoopBackOff,0,0,0,10,probe_failure
1,23.9,31.7,1,0,Running,0,0,0,0,healthy
8,71.9,67.0,0,1,Error,0,0,0,4,probe_failure
6,78.0,58.0,0,1,CrashLoopBackOff,0,0,0,4,probe_failure
2,47.5,89.5,0,142,OOMKilled,2,0,0,3,oom_killed
3,49.6,94.3,0,131,Error,1,0,0,1,oom_killed
16,68.5,35.6,0,0,Error,0,0,0,6,crash_loop
2,78.6,99.8,0,137,OOMKilled,1,0,0,1,oom_killed
0,7.1,18.5,0,0,ErrImagePull,0,7,0,0,image_pull_error
0,57.1,72.8,1,0,Error,0,0,0,3,crash_loop
0,34.7,66.3,1,0,Running,0,0,0,0,healthy
0,19.9,34.0,1,0,Running,0,0,0,0,healthy
4,36.1,85.7,0,137,Error,3,0,0,2,oom_killed
1,44.9,61.9,0,1,CrashLoopBackOff,0,0,0,6,probe_failure
8,81.3,77.7,0,1,CrashLoopBackOff,0,0,0,1,probe_failure
0,18.4,28.0,1,0,Running,0,0,0,0,healthy
0,38.7,57.5,0,0,Error,0,0,0,4,probe_failure
0,27.8,31.8,1,0,Running,0,0,0,0,healthy
1,36.2,39.6,1,0,Running,0,0,0,0,healthy
3,100.0,73.0,0,1,Running,0,0,0,4,crash_loop
6,68.9,65.8,0,1,Error,0,0,0,5,probe_failure
2,43.7,89.9,0,139,Error,3,0,0,2,oom_killed
0,14.9,37.2,1,0,Running,0,0,0,1,healthy
0,10.4,11.2,0,0,Unschedulable,0,0,5,0,scheduling_failure
8,76.7,63.0,0,2,CrashLoopBackOff,0,0,0,2,probe_failure
6,88.7,79.2,0,1,CrashLoopBackOff,0,0,0,3,probe_failure
0,4.2,6.8,0,0,Unschedulable,0,0,6,0,scheduling_failure
2,37.5,66.6,0,2,Error,0,0,0,3,probe_failure
8,67.0,79.9,0,1,CrashLoopBackOff,0,0,0,3,probe_failure
0,40.5,39.6,1,0,Unknown,0,0,0,1,healthy
1,14.3,28.9,1,0,Running,0,0,0,0,healthy
6,79.0,84.3,0,1,CrashLoopBackOff,0,0,0,4,probe_failure
0,23.7,47.6,1,0,Running,0,0,0,0,healthy
6,64.2,42.7,0,0,CrashLoopBackOff,0,0,0,2,crash_loop
2,54.6,94.6,0,137,CrashLoopBackOff,5,0,0,2,oom_killed
9,74.9,67.5,0,1,CrashLoopBackOff,0,0,0,5,probe_failure
9,69.9,55.4,0,0,CrashLoopBackOff,0,0,0,3,probe_failure
0,32.3,45.0,1,0,Running,0,0,0,0,healthy
9,73.0,76.9,0,0,CrashLoopBackOff,0,0,0,5,probe_failure
0,1.8,40.9,1,0,Running,0,0,0,0,healthy
0,9.1,7.6,0,0,Pending,0,5,0,0,image_pull_error
4,62.7,83.0,1,133,CrashLoopBackOff,0,0,0,2,oom_killed
1,11.0,16.0,0,0,Pending,0,0,7,0,scheduling_failure
8,77.3,67.7,0,1,Error,0,0,0,5,probe_failure
7,84.4,67.9,0,1,CrashLoopBackOff,0,0,0,2,probe_failure
2,35.8,52.9,1,0,CrashLoopBackOff,0,0,0,0,probe_failure
0,0.0,41.8,1,0,Unknown,0,0,0,0,healthy
0,33.5,46.2,1,0,Unknown,0,0,0,0,healthy
3,63.6,53.3,0,0,Error,0,0,0,1,probe_failure
0,36.8,31.6,1,0,Running,0,0,0,0,healthy
9,73.8,81.5,0,1,CrashLoopBackOff,0,0,0,6,probe_failure
4,60.3,86.8,1,95,CrashLoopBackOff,2,0,0,0,oom_killed
5,88.8,67.1,0,0,CrashLoopBackOff,0,0,0,1,probe_failure
0,26.0,45.6,1,0,Unknown,0,0,0,0,healthy
2,41.6,69.3,0,1,CrashLoopBackOff,0,0,0,6,probe_failure
0,6.6,16.2,0,0,Pending,0,0,6,0,scheduling_failure
1,33.6,75.3,0,1,Error,0,0,0,6,probe_failure
8,75.7,65.6,0,0,Running,0,0,0,4,crash_loop
1,57.2,41.2,0,136,Error,0,0,0,2,oom_killed
8,76.1,75.8,0,1,Error,0,0,0,4,probe_failure
1,39.5,42.5,1,0,Running,0,0,0,0,healthy
2,49.4,96.8,0,137,OOMKilled,4,0,0,3,oom_killed
4,79.4,60.2,0,2,Running,0,0,0,7,crash_loop
6,65.2,74.0,0,1,Error,0,0,0,3,probe_failure
1,11.6,19.1,0,1,Pending,0,2,0,1,image_pull_error
10,73.7,86.0,0,1,Error,0,0,0,3,probe_failure
3,27.9,60.4,0,1,Error,0,0,0,10,probe_failure
5,42.4,93.8,0,85,CrashLoopBackOff,3,0,0,1,oom_killed
1,26.0,15.3,1,0,Pending,0,0,6,0,scheduling_failure
0,29.1,18.3,1,0,Running,0,0,0,0,healthy
1,6.2,53.1,1,0,Unknown,0,0,0,0,healthy
8,76.0,71.9,0,1,Error,0,0,0,3,probe_failure
1,3.6,38.5,0,0,Running,0,0,0,0,healthy
0,7.5,12.2,0,0,ImagePullBackOff,0,5,0,0,image_pull_error
9,33.4,62.5,0,2,Running,0,0,0,4,image_pull_error
0,27.4,35.9,1,0,Running,0,0,0,0,healthy
1,4.4,28.6,0,0,ErrImagePull,0,2,0,1,image_pull_error
4,72.5,73.8,0,0,CrashLoopBackOff,0,0,0,7,crash_loop
0,40.9,56.4,1,0,Running,0,0,0,1,healthy
0,30.8,25.3,1,0,Running,0,0,0,0,healthy
0,5.6,28.8,1,0,Unknown,0,0,0,0,healthy
0,16.4,21.7,0,0,Unschedulable,0,0,8,0,scheduling_failure
12,69.5,64.4,0,2,Error,0,0,0,4,probe_failure
1,20.4,23.5,1,0,Running,0,0,0,0,healthy
8,30.2,70.0,0,1,Error,0,0,0,4,crash_loop
0,35.5,62.8,1,0,Unknown,0,0,0,0,healthy
0,32.7,55.2,1,0,Running,0,0,0,1,healthy
9,69.4,63.9,0,1,CrashLoopBackOff,0,0,0,0,probe_failure
0,11.6,14.9,0,0,Pending,0,0,10,0,scheduling_failure
4,52.3,51.0,0,1,Error,0,0,0,2,probe_failure
7,72.7,69.8,0,1,Error,0,0,0,3,probe_failure
0,13.4,12.3,0,0,Pending,0,5,0,0,image_pull_error
1,18.1,37.9,1,0,Running,0,0,0,1,healthy
8,83.2,84.9,0,1,Error,0,0,0,7,crash_loop
0,23.3,46.2,1,0,Running,0,0,0,0,healthy
7,76.6,62.9,0,0,CrashLoopBackOff,0,0,0,2,probe_failure
4,87.8,78.9,0,1,Error,0,0,0,6,probe_failure
11,46.4,39.7,0,1,CrashLoopBackOff,0,0,0,8,crash_loop
2,66.9,80.4,0,0,Error,0,0,0,4,probe_failure
1,33.5,70.5,0,0,CrashLoopBackOff,0,0,0,5,probe_failure
7,76.3,86.3,0,1,CrashLoopBackOff,0,0,0,3,probe_failure
3,55.9,100.0,0,142,Error,2,0,0,1,oom_killed
1,0.0,19.0,1,0,Unknown,0,0,0,0,healthy
0,20.0,46.8,0,0,Running,0,0,0,1,healthy
0,11.8,33.4,1,0,Pending,0,2,0,0,image_pull_error
0,4.4,21.4,0,0,ErrImagePull,0,6,0,0,image_pull_error
1,3.8,92.3,0,86,OOMKilled,2,0,0,2,oom_killed
10,80.5,78.0,0,2,CrashLoopBackOff,0,0,0,3,probe_failure
7,69.1,70.4,0,1,Error,0,0,0,2,probe_failure
1,15.4,42.2,1,0,Running,0,0,0,0,healthy
0,11.7,32.4,1,0,Running,0,0,0,0,healthy
8,75.1,77.8,0,1,CrashLoopBackOff,0,0,0,6,probe_failure
8,44.6,54.3,0,3,CrashLoopBackOff,0,0,0,0,crash_loop
2,82.8,98.4,0,135,Error,3,0,0,1,oom_killed
1,31.0,31.0,1,0,Running,0,0,0,0,healthy
12,72.4,61.5,0,1,CrashLoopBackOff,0,0,0,4,probe_failure
0,19.1,12.5,0,0,Pending,0,0,4,0,scheduling_failure
1,50.0,71.1,0,0,Error,0,0,0,5,probe_failure
0,28.3,23.8,1,0,Running,0,0,0,1,healthy
4,42.2,66.8,1,2,Running,0,0,0,0,probe_failure
10,91.4,64.3,0,1,Error,0,0,0,3,probe_failure
5,72.8,72.7,0,1,CrashLoopBackOff,0,0,0,6,crash_loop
0,12.7,11.8,0,0,Unschedulable,0,0,6,0,scheduling_failure
0,4.7,43.0,1,0,Unknown,0,0,0,0,healthy
9,69.0,70.3,0,1,CrashLoopBackOff,0,0,0,4,probe_failure
1,38.3,54.7,1,0,Running,0,0,0,0,healthy
6,65.2,84.9,0,2,Running,0,0,0,1,crash_loop
8,73.3,77.8,0,1,Error,0,0,0,2,probe_failure
1,6.2,28.0,0,0,Pending,0,0,4,0,scheduling_failure
1,14.9,13.8,0,1,Pending,0,5,0,0,image_pull_error
0,37.6,47.0,1,0,Running,0,0,0,0,healthy
0,67.5,69.9,1,1,Error,0,0,0,3,crash_loop
7,70.3,75.6,0,1,CrashLoopBackOff,0,0,0,5,probe_failure
3,82.9,84.6,0,1,Error,0,0,0,3,crash_loop
0,35.2,35.9,1,0,Running,0,0,0,0,healthy
0,59.4,57.7,0,1,Running,0,0,0,0,crash_loop
0,19.6,32.6,1,0,Running,0,0,0,0,healthy
4,48.1,71.6,0,136,Error,3,0,0,3,oom_killed
0,16.2,36.6,1,0,Running,0,0,0,0,healthy
5,87.3,81.6,0,2,Error,0,0,0,4,probe_failure
5,80.1,65.4,0,1,CrashLoopBackOff,0,0,0,5,probe_failure
4,50.2,92.3,0,135,Error,1,0,0,4,oom_killed
3,51.8,59.2,0,1,Running,0,0,0,5,probe_failure
0,21.8,64.3,0,0,CrashLoopBackOff,0,0,0,7,probe_failure
0,22.9,50.3,1,0,Running,0,0,0,0,healthy
0,26.8,44.0,1,0,Running,0,0,0,0,healthy
11,76.1,82.3,0,0,CrashLoopBackOff,0,0,0,9,crash_loop
3,48.5,93.3,0,91,Error,3,0,0,3,oom_killed
7,72.7,69.2,0,1,CrashLoopBackOff,0,0,0,4,probe_failure
3,43.6,98.3,0,143,OOMKilled,1,0,0,0,oom_killed
0,15.3,11.9,0,0,Unschedulable,0,0,10,0,scheduling_failure
3,32.5,69.5,1,0,Running,0,0,0,1,crash_loop
11,73.5,62.5,0,1,Error,0,0,0,4,probe_failure
2,55.4,55.8,0,0,CrashLoopBackOff,0,0,0,6,probe_failure
1,28.3,23.9,1,0,Unknown,0,0,0,0,healthy
0,10.9,12.5,0,0,ContainerCreating,0,0,9,0,scheduling_failure
5,49.3,95.4,0,87,Error,4,0,0,2,oom_killed
1,3.6,18.5,0,1,ErrImagePull,0,8,0,0,image_pull_error
1,15.1,16.6,0,0,Pending,0,5,0,0,image_pull_error
0,20.0,25.4,0,0,Pending,0,0,6,0,scheduling_failure
0,0.0,22.8,1,0,Running,0,0,0,0,healthy
1,24.9,38.9,1,0,Running,0,0,0,0,healthy
0,17.7,25.9,0,0,ErrImagePull,0,8,0,0,image_pull_error
1,28.5,39.2,1,0,Running,0,0,0,1,healthy
3,52.2,68.4,0,0,Error,0,0,0,3,probe_failure
1,10.5,21.4,0,0,ContainerCreating,0,0,4,1,scheduling_failure
1,40.8,63.5,1,0,Unknown,0,0,0,0,healthy
0,19.7,43.7,1,0,Running,0,0,0,0,healthy
10,72.6,69.4,0,1,Error,0,0,0,4,probe_failure
7,71.5,70.8,0,1,Error,0,0,0,4,probe_failure
5,77.5,88.3,0,1,CrashLoopBackOff,0,0,0,5,probe_failure
10,73.7,69.3,0,1,Error,0,0,0,3,probe_failure
10,82.3,85.6,0,1,CrashLoopBackOff,0,0,0,4,probe_failure
0,37.2,50.8,1,0,Running,0,0,0,1,healthy
0,15.2,22.8,1,0,Running,0,0,0,0,healthy
1,37.3,90.6,0,139,OOMKilled,2,0,0,3,oom_killed
10,85.2,81.2,0,1,CrashLoopBackOff,0,0,0,5,probe_failure
7,84.9,80.6,0,1,CrashLoopBackOff,0,0,0,4,probe_failure
6,77.5,77.4,0,1,CrashLoopBackOff,0,0,0,6,probe_failure
0,3.5,12.3,0,0,ImagePullBackOff,0,5,0,0,image_pull_error
7,77.9,62.4,0,1,CrashLoopBackOff,0,0,0,5,probe_failure
0,11.8,47.3,1,0,Running,0,0,0,0,healthy
0,12.3,20.4,0,0,ImagePullBackOff,0,1,0,0,image_pull_error
0,38.6,24.9,1,0,Unknown,0,0,0,0,healthy
7,80.3,69.9,0,0,CrashLoopBackOff,0,0,0,3,probe_failure
11,51.0,92.4,0,2,CrashLoopBackOff,0,0,0,2,crash_loop
1,38.7,52.6,1,0,Running,0,0,0,1,healthy
1,8.7,21.2,0,0,Pending,0,0,0,1,scheduling_failure
8,51.5,90.8,0,0,Running,0,0,0,2,crash_loop
1,27.5,45.2,1,0,Running,0,0,0,0,healthy
3,47.3,60.2,0,0,CrashLoopBackOff,0,0,0,6,probe_failure
0,32.2,46.1,1,0,Running,0,0,0,1,healthy
0,35.3,63.7,0,1,CrashLoopBackOff,0,0,0,2,probe_failure
0,36.8,64.9,0,0,CrashLoopBackOff,0,0,0,7,probe_failure
0,14.0,59.8,1,0,Running,0,0,0,0,healthy
5,100.0,48.5,0,0,Running,0,0,0,8,crash_loop
7,68.6,51.2,0,2,Error,0,0,0,1,crash_loop
0,17.8,51.3,1,0,Unknown,0,0,0,1,healthy
0,0.0,37.0,1,0,Running,0,0,0,0,healthy
1,19.0,43.7,1,0,Running,0,0,0,1,healthy
0,18.6,39.0,1,0,Running,0,0,0,0,healthy
0,6.9,22.7,0,0,Unschedulable,0,0,6,0,scheduling_failure
7,47.4,51.9,0,0,CrashLoopBackOff,0,0,0,2,crash_loop
0,27.1,38.9,1,0,Running,0,0,0,1,healthy
0,36.5,45.5,1,0,Running,0,0,0,0,healthy
9,88.2,71.0,0,1,Running,0,0,0,2,crash_loop
0,8.9,43.8,0,0,Unschedulable,0,0,6,1,scheduling_failure
8,33.7,67.5,0,0,CrashLoopBackOff,0,0,0,8,crash_loop
1,14.2,43.7,1,0,Running,0,0,0,0,healthy
0,20.1,47.8,1,0,Unknown,0,0,0,0,healthy
1,14.3,22.6,1,0,Running,0,0,0,1,healthy
0,35.2,55.3,1,0,Running,0,0,0,0,healthy
7,86.3,75.9,0,1,CrashLoopBackOff,0,0,0,4,probe_failure
0,58.0,66.7,0,1,Error,0,0,0,6,probe_failure
1,60.0,53.2,1,0,Error,0,0,0,8,probe_failure
9,68.6,76.6,0,1,Error,0,0,0,4,probe_failure
0,10.8,17.4,1,0,Running,0,0,0,0,healthy
8,64.3,73.2,0,1,CrashLoopBackOff,0,0,0,4,probe_failure
10,86.0,71.7,0,1,CrashLoopBackOff,0,0,0,2,probe_failure
2,51.6,50.6,0,0,CrashLoopBackOff,0,0,0,0,probe_failure
3,47.0,74.0,1,0,CrashLoopBackOff,0,0,0,6,probe_failure
6,78.2,68.1,0,0,Running,0,0,0,1,crash_loop
0,23.1,32.2,1,0,Running,0,0,0,1,healthy
3,26.7,48.7,0,1,Error,0,0,0,4,probe_failure
6,70.2,57.6,0,1,CrashLoopBackOff,0,0,0,5,probe_failure
0,5.3,20.0,0,0,Unschedulable,0,0,5,0,scheduling_failure
7,35.8,85.8,0,1,CrashLoopBackOff,0,0,0,5,crash_loop
5,72.5,75.2,0,1,CrashLoopBackOff,0,0,0,3,probe_failure
0,1.5,9.1,0,0,ContainerCreating,0,0,7,0,scheduling_failure
1,12.9,27.2,1,0,Running,0,0,0,0,healthy
1,52.9,37.0,1,0,Unknown,0,0,0,0,healthy
1,10.4,56.3,1,0,Running,0,0,0,1,healthy
1,39.4,47.4,1,0,Unknown,0,0,0,0,healthy
9,74.3,56.3,0,1,CrashLoopBackOff,0,0,0,5,probe_failure
0,12.4,16.5,0,0,ImagePullBackOff,0,8,0,0,image_pull_error
3,52.8,57.9,1,0,CrashLoopBackOff,0,0,0,5,probe_failure
0,9.2,42.5,1,0,Running,0,0,0,0,healthy
13,49.9,76.7,0,1,Error,0,0,0,2,crash_loop
0,20.3,34.5,1,0,Unknown,0,0,0,1,healthy
0,21.0,58.7,1,0,Running,0,0,0,0,healthy
0,13.3,14.6,1,0,Running,0,0,0,0,healthy
1,61.4,88.0,0,90,CrashLoopBackOff,2,0,0,1,oom_killed
7,94.6,43.7,0,1,CrashLoopBackOff,0,0,0,1,crash_loop
1,22.3,51.8,1,0,Unknown,0,0,0,0,healthy
0,17.9,64.8,0,0,Unknown,0,0,0,0,healthy
0,30.7,49.3,1,0,Running,0,0,0,1,healthy
1,10.3,59.1,0,0,Running,0,0,0,0,healthy
0,5.9,20.9,0,0,ImagePullBackOff,0,8,0,0,image_pull_error
3,23.9,41.9,0,1,Error,0,0,0,4,probe_failure
11,40.6,57.8,1,3,Running,0,0,0,3,crash_loop
0,21.5,39.3,1,0,Unknown,0,0,0,0,crash_loop
9,77.2,81.0,0,1,Error,0,0,0,5,probe_failure
1,24.2,51.6,1,0,Unknown,0,0,0,0,healthy
9,69.8,72.8,0,1,CrashLoopBackOff,0,0,0,5,probe_failure
1,28.3,45.4,1,0,Running,0,0,0,0,healthy
0,18.1,43.4,1,0,Running,0,0,0,0,healthy
1,40.3,37.6,1,0,Running,0,0,0,0,healthy
9,79.0,68.3,0,1,CrashLoopBackOff,0,0,0,6,probe_failure
0,17.9,20.0,0,0,Pending,0,0,6,0,scheduling_failure
0,46.2,30.4,1,0,Unknown,0,0,0,0,healthy
4,77.8,68.2,0,1,CrashLoopBackOff,0,0,0,6,probe_failure
0,13.9,12.1,0,0,ErrImagePull,0,4,0,0,image_pull_error
9,80.8,75.9,0,1,CrashLoopBackOff,0,0,0,5,probe_failure
0,6.8,21.5,0,0,ContainerCreating,0,0,6,1,scheduling_failure
2,53.0,44.0,1,1,CrashLoopBackOff,0,0,0,4,probe_failure
1,33.9,49.1,1,0,Running,0,0,0,1,healthy
0,16.3,37.5,1,0,Running,0,0,0,1,healthy
0,28.4,43.4,1,0,Running,0,0,0,0,healthy
0,36.0,24.2,1,0,Running,0,0,0,0,healthy
9,71.5,72.7,0,1,Error,0,0,0,3,probe_failure
7,39.9,68.2,0,1,Running,0,0,0,2,crash_loop
1,12.1,22.4,0,0,Pending,0,0,5,1,scheduling_failure
0,15.3,6.6,0,0,Pending,0,0,6,0,scheduling_failure
3,39.9,59.0,0,1,Running,0,0,0,3,probe_failure
10,68.5,69.0,0,1,Error,0,0,0,3,probe_failure
2,65.6,98.1,0,137,OOMKilled,3,0,0,2,oom_killed
3,46.4,76.2,0,1,Error,0,0,0,3,probe_failure
5,56.4,81.6,0,0,Error,0,0,0,3,crash_loop
0,17.7,33.7,1,0,Running,0,0,0,0,healthy
4,48.0,50.2,0,0,Running,0,0,0,5,probe_failure
0,23.1,34.6,1,0,Unknown,0,0,0,0,healthy
6,56.1,49.5,0,0,CrashLoopBackOff,0,0,0,3,crash_loop
0,13.6,20.1,0,0,ErrImagePull,0,3,0,1,image_pull_error
4,51.8,69.8,0,0,CrashLoopBackOff,0,0,0,0,crash_loop
8,78.1,91.1,0,1,CrashLoopBackOff,0,0,0,4,crash_loop
10,89.3,78.8,0,1,Error,0,0,0,4,crash_loop
1,65.2,56.4,0,0,Running,0,0,0,11,probe_failure
6,80.7,78.6,0,1,CrashLoopBackOff,0,0,0,7,probe_failure
8,75.1,73.7,0,1,CrashLoopBackOff,0,0,0,5,probe_failure
0,42.3,34.6,1,0,Running,0,0,0,1,healthy
0,23.7,51.6,1,0,Unknown,0,0,0,0,healthy
2,62.9,26.2,0,0,Running,0,0,0,2,probe_failure
0,0.8,20.7,0,0,Pending,0,0,7,0,scheduling_failure
8,84.3,74.5,0,1,CrashLoopBackOff,0,0,0,5,probe_failure
8,86.4,69.4,0,1,CrashLoopBackOff,0,0,0,5,probe_failure
8,72.7,82.0,0,1,CrashLoopBackOff,0,0,0,5,probe_failure
1,37.4,65.5,0,1,Running,0,0,0,4,probe_failure
1,23.8,33.9,1,0,Running,0,0,0,1,healthy
0,10.1,65.0,1,0,Running,0,0,0,0,healthy
0,17.8,25.4,0,0,Pending,0,4,0,1,image_pull_error
1,20.8,38.2,1,0,Running,0,0,0,1,healthy
0,18.6,63.9,1,0,Unknown,0,0,0,0,healthy
1,49.3,54.6,0,0,Error,0,0,0,5,probe_failure
1,41.6,41.6,0,0,Running,0,0,0,4,probe_failure
10,81.9,65.6,0,1,Error,0,0,0,1,probe_failure
1,16.3,44.0,1,0,Running,0,0,0,0,healthy
8,75.3,79.8,0,1,Error,0,0,0,5,probe_failure
0,24.1,31.1,1,0,Unknown,0,0,0,0,healthy
6,77.6,70.6,0,1,Error,0,0,0,3,probe_failure
3,58.8,93.4,0,134,Error,1,0,0,1,oom_killed
1,25.0,24.8,1,0,Running,0,0,0,0,healthy
9,70.5,79.4,0,1,CrashLoopBackOff,0,0,0,5,probe_failure
9,70.3,71.7,0,2,CrashLoopBackOff,0,0,0,5,probe_failure
9,80.0,66.0,0,1,CrashLoopBackOff,0,0,0,5,probe_failure
8,87.3,81.8,0,1,CrashLoopBackOff,0,0,0,4,probe_failure
2,34.1,53.3,0,1,Running,0,0,0,10,crash_loop
8,90.5,73.9,0,2,Error,0,0,0,3,probe_failure
5,78.5,81.0,0,1,CrashLoopBackOff,0,0,0,3,probe_failure
9,64.1,60.2,0,0,Running,0,0,0,0,crash_loop
0,28.7,25.8,1,0,Running,0,0,0,0,healthy
8,80.1,74.3,0,1,Error,0,0,0,4,probe_failure
1,16.8,56.5,0,0,Running,0,0,0,0,healthy
11,63.9,55.5,0,1,Error,0,0,0,2,crash_loop
6,73.8,66.9,0,0,CrashLoopBackOff,0,0,0,6,probe_failure
1,2.0,19.9,0,0,Pending,0,0,6,0,scheduling_failure
1,35.7,48.1,0,0,Running,0,0,0,2,probe_failure
3,76.4,69.5,0,1,Running,0,0,0,2,crash_loop
1,38.4,54.8,1,0,Running,0,0,0,1,healthy
0,43.8,50.2,1,0,Unknown,0,0,0,0,healthy
1,29.7,52.5,1,0,Running,0,0,0,1,healthy
1,17.0,21.5,0,0,ContainerCreating,0,0,4,0,scheduling_failure
12,88.6,83.2,0,0,CrashLoopBackOff,0,0,0,4,probe_failure
4,68.3,71.3,0,1,Running,0,0,0,2,crash_loop
0,35.8,37.3,1,0,Running,0,0,0,0,healthy
0,17.9,13.0,0,0,Unschedulable,0,0,6,0,scheduling_failure
10,78.3,74.5,0,2,CrashLoopBackOff,0,0,0,5,probe_failure
0,33.9,58.1,1,0,Running,0,0,0,0,healthy
0,10.8,16.1,0,0,Unschedulable,0,0,4,0,scheduling_failure
1,16.1,18.0,1,0,Running,0,0,0,0,healthy
9,92.9,81.5,0,1,CrashLoopBackOff,0,0,0,5,probe_failure
9,100.0,38.5,0,0,Error,0,0,0,1,crash_loop
0,0.0,17.9,0,0,Pending,0,0,3,0,scheduling_failure
1,13.0,14.1,0,0,Pending,0,0,8,0,scheduling_failure
6,86.9,61.4,0,1,Error,0,0,0,2,probe_failure
2,58.8,72.6,1,2,Error,0,0,0,4,crash_loop
1,13.0,32.0,1,0,Unknown,0,0,0,0,healthy
0,46.9,43.2,1,0,Running,0,0,0,0,healthy
0,15.4,13.9,0,0,Pending,0,6,0,0,image_pull_error
0,43.9,44.3,1,0,Unknown,0,0,0,0,healthy
3,42.4,95.6,0,91,OOMKilled,2,0,0,2,oom_killed
1,22.0,55.7,1,0,Unknown,0,0,0,0,healthy
8,66.8,74.7,0,1,CrashLoopBackOff,0,0,0,5,probe_failure
1,11.0,22.0,0,0,Pending,0,0,4,0,probe_failure
0,16.3,22.4,0,0,Pending,0,0,5,0,scheduling_failure
0,11.2,20.1,0,0,Pending,0,0,7,0,scheduling_failure
0,15.1,8.1,0,0,ErrImagePull,0,3,0,0,image_pull_error
0,65.4,93.9,0,135,Error,3,0,0,1,oom_killed
13,84.4,67.1,0,1,CrashLoopBackOff,0,0,0,4,probe_failure
1,27.6,41.6,1,0,Running,0,0,0,0,healthy
9,64.3,73.0,0,1,Error,0,0,0,6,probe_failure
0,12.3,60.6,1,0,Unknown,0,0,0,0,healthy
13,64.6,85.9,0,2,CrashLoopBackOff,0,0,0,4,crash_loop
1,17.1,16.0,0,0,Pending,0,3,0,0,image_pull_error
2,50.2,52.2,0,0,Error,0,0,0,0,probe_failure
0,41.7,29.6,1,0,Unknown,0,0,0,1,healthy
1,18.9,59.6,1,0,Running,0,0,0,1,healthy
0,18.8,31.8,1,0,Running,0,0,0,0,healthy
1,17.4,12.6,0,0,ImagePullBackOff,0,6,0,0,image_pull_error
1,13.3,49.2,1,0,Running,0,0,0,0,healthy
0,29.2,31.0,1,0,Running,0,0,0,0,healthy
6,72.2,63.1,0,1,Error,0,0,0,2,probe_failure
1,30.9,62.2,1,0,Running,0,0,0,1,healthy
9,65.4,66.9,0,1,CrashLoopBackOff,0,0,0,4,probe_failure
2,59.6,94.6,0,2,Running,0,0,0,3,crash_loop
0,27.1,23.9,1,0,Running,0,0,0,0,healthy
0,9.2,38.5,1,0,Running,0,0,0,0,healthy
1,18.7,17.6,0,0,Pending,0,0,10,0,scheduling_failure
1,35.8,51.3,1,0,Running,0,0,0,1,healthy
3,85.4,87.3,0,139,Error,3,0,0,1,oom_killed
5,53.3,71.0,0,141,CrashLoopBackOff,2,0,0,2,oom_killed
0,27.5,41.0,1,0,Running,0,0,0,0,healthy
7,81.3,69.3,0,1,Error,0,0,0,4,probe_failure
9,75.3,75.7,0,1,CrashLoopBackOff,0,0,0,5,probe_failure
1,21.9,49.7,1,0,Running,0,0,0,1,healthy
1,14.2,18.7,1,0,Unschedulable,0,0,8,0,scheduling_failure
0,8.3,23.8,0,0,ImagePullBackOff,0,5,0,0,image_pull_error
6,74.9,71.0,0,1,CrashLoopBackOff,0,0,0,3,probe_failure
0,34.1,55.6,1,0,Running,0,0,0,0,healthy
0,13.6,36.6,1,0,Running,0,0,0,0,healthy
0,21.6,48.3,1,0,Unknown,0,0,0,0,healthy
10,83.2,82.9,0,1,Error,0,0,0,2,probe_failure
4,62.2,100.0,0,138,CrashLoopBackOff,3,0,0,1,oom_killed
0,23.8,39.7,1,0,Running,0,0,0,1,healthy
1,19.4,16.1,0,0,ContainerCreating,0,0,10,0,scheduling_failure
2,26.1,25.6,1,0,Unknown,0,0,0,0,healthy
3,28.5,45.9,0,1,Running,0,0,0,2,probe_failure
0,33.2,64.3,1,0,Unknown,0,0,0,1,healthy
4,91.2,67.1,0,2,Error,0,0,0,4,probe_failure
5,75.4,77.0,0,1,Error,0,0,0,2,probe_failure
7,85.2,68.3,0,1,Error,0,0,0,4,probe_failure
2,39.1,92.4,1,139,CrashLoopBackOff,2,0,0,5,oom_killed
0,32.8,30.6,1,0,Running,0,0,0,1,healthy
4,100.0,69.2,0,3,Error,0,0,0,0,crash_loop
3,52.4,96.1,0,134,OOMKilled,5,0,0,3,oom_killed
5,71.7,70.5,0,1,CrashLoopBackOff,0,0,0,7,probe_failure
9,81.3,80.6,0,1,Error,0,0,0,4,probe_failure
1,42.0,64.6,1,1,CrashLoopBackOff,0,0,0,8,probe_failure
0,41.3,14.4,1,0,Running,0,0,0,0,healthy
8,73.2,59.8,0,1,CrashLoopBackOff,0,0,0,3,probe_failure
7,52.0,71.3,0,3,Error,0,0,0,3,crash_loop
0,0.0,6.4,0,0,Pending,0,0,9,1,scheduling_failure
1,26.3,48.1,1,0,Running,0,0,0,0,healthy
2,32.4,100.0,0,133,OOMKilled,1,0,0,0,image_pull_error
0,15.1,32.7,1,0,Running,0,0,0,0,healthy
1,54.6,72.9,0,1,Error,0,0,0,5,probe_failure
0,44.4,26.0,1,0,Running,0,0,0,0,healthy
3,51.9,82.1,0,88,OOMKilled,4,0,0,2,oom_killed
1,11.3,13.1,0,0,Unschedulable,0,0,9,1,scheduling_failure
8,55.0,80.9,0,0,Error,0,0,0,6,crash_loop
0,6.2,18.2,0,0,Pending,0,5,0,0,image_pull_error
2,54.7,99.6,0,141,OOMKilled,3,0,0,1,oom_killed
1,34.9,33.2,1,0,Running,0,0,0,0,healthy
0,18.8,34.7,1,0,Running,0,0,0,0,healthy
1,42.2,52.3,0,1,Running,0,0,0,9,probe_failure
3,62.0,100.0,0,127,CrashLoopBackOff,4,0,0,4,oom_killed
0,14.6,46.4,1,0,Running,0,0,0,0,healthy
0,69.3,80.6,1,85,Error,2,0,0,2,oom_killed
1,7.0,13.1,0,0,ContainerCreating,0,0,6,2,scheduling_failure
11,73.9,59.7,0,1,CrashLoopBackOff,0,0,0,4,probe_failure
1,4.6,17.0,0,0,ContainerCreating,0,0,7,1,scheduling_failure
0,12.8,23.1,0,0,Unschedulable,0,0,7,0,scheduling_failure
0,48.7,16.7,1,0,Unknown,0,0,0,0,healthy
0,16.1,10.7,0,0,ContainerCreating,0,0,5,0,scheduling_failure
5,80.2,68.4,0,1,CrashLoopBackOff,0,0,0,3,probe_failure
5,48.9,83.3,0,91,Error,1,0,0,3,oom_killed
0,9.0,34.0,1,0,Unknown,0,0,0,0,healthy
8,64.7,71.4,0,1,CrashLoopBackOff,0,0,0,4,probe_failure
1,27.2,56.9,1,0,Unknown,0,0,0,0,healthy
0,20.1,31.7,1,0,Unknown,0,0,0,0,healthy
0,32.1,25.6,1,0,Running,0,0,0,0,healthy
1,8.8,31.0,1,0,Running,0,0,0,0,healthy
2,46.2,32.5,0,0,CrashLoopBackOff,0,0,0,7,probe_failure
0,11.5,20.5,0,0,ErrImagePull,0,6,0,0,image_pull_error
0,7.7,29.0,1,0,Running,0,0,0,1,healthy
9,34.1,68.8,0,3,CrashLoopBackOff,0,0,0,5,crash_loop
7,79.9,81.6,0,1,CrashLoopBackOff,0,0,0,3,probe_failure
0,47.5,89.4,0,140,Error,2,0,0,3,oom_killed
2,56.6,68.7,0,1,Running,0,0,0,2,probe_failure
0,6.5,10.7,0,0,ErrImagePull,0,5,0,1,image_pull_error
0,34.7,38.2,1,0,Running,0,0,0,0,healthy
0,7.1,17.5,0,0,Unschedulable,0,0,5,0,scheduling_failure
0,10.7,34.6,1,0,Running,0,0,0,0,healthy
0,20.0,66.0,1,0,Running,0,0,0,0,healthy
0,20.5,13.5,1,0,Running,0,0,0,0,healthy
1,40.0,97.8,0,139,OOMKilled,0,0,0,1,oom_killed
7,69.9,65.2,0,1,Error,0,0,0,5,probe_failure
0,39.9,23.4,1,0,Running,0,0,0,0,healthy
1,46.5,74.4,0,0,Running,0,0,0,8,probe_failure
0,30.3,19.1,1,0,Running,0,0,0,1,healthy
1,15.8,18.5,0,0,ImagePullBackOff,0,2,0,0,image_pull_error
3,80.3,48.8,0,0,Running,0,0,0,8,crash_loop
1,41.9,35.9,1,0,Running,0,0,0,0,healthy
2,66.0,90.0,1,135,CrashLoopBackOff,3,0,0,1,oom_killed
0,11.5,32.4,1,0,Running,0,0,0,0,healthy
0,43.9,49.4,1,0,CrashLoopBackOff,0,0,0,8,probe_failure
0,28.9,29.0,1,0,Running,0,0,0,1,healthy
11,88.1,79.2,0,1,CrashLoopBackOff,0,0,0,2,probe_failure
1,28.7,40.9,0,0,Running,0,0,0,0,crash_loop
2,41.7,62.8,0,0,CrashLoopBackOff,0,0,0,0,probe_failure
1,29.0,96.3,0,139,CrashLoopBackOff,4,0,0,0,oom_killed
4,36.8,89.4,0,137,CrashLoopBackOff,3,0,0,1,oom_killed
2,62.5,56.7,0,0,Error,0,0,0,7,probe_failure
0,25.9,20.5,0,0,ImagePullBackOff,0,1,0,0,image_pull_error
0,21.7,42.2,1,0,Unknown,0,0,0,0,healthy
1,61.9,89.1,0,134,Error,3,0,0,0,oom_killed
6,78.7,81.5,0,1,Error,0,0,0,3,probe_failure
7,89.1,91.7,0,1,CrashLoopBackOff,0,0,0,4,probe_failure
1,46.0,70.6,0,0,Running,0,0,0,4,probe_failure
2,68.1,94.9,0,1,Error,0,0,0,1,crash_loop
10,67.8,59.8,0,0,Running,0,0,0,0,crash_loop
8,48.9,20.4,0,1,CrashLoopBackOff,0,0,0,0,crash_loop
13,75.5,82.0,0,1,Error,0,0,0,5,probe_failure
7,87.4,71.6,0,1,CrashLoopBackOff,0,0,0,0,crash_loop
0,8.2,27.5,0,0,Pending,0,6,0,0,image_pull_error
6,69.4,92.2,0,2,Running,0,0,0,2,crash_loop
6,78.7,81.3,0,140,OOMKilled,3,0,0,1,oom_killed
8,69.7,61.9,0,1,CrashLoopBackOff,0,0,0,4,probe_failure
9,62.8,21.3,0,0,CrashLoopBackOff,0,0,0,3,crash_loop
4,40.4,100.0,0,135,OOMKilled,3,0,0,1,oom_killed
1,35.6,51.4,1,0,Running,0,0,0,0,healthy
1,28.4,41.5,1,0,Unknown,0,0,0,0,healthy
0,11.3,13.2,0,0,ContainerCreating,0,0,6,0,scheduling_failure
0,16.1,45.6,1,0,Running,0,0,0,0,healthy
6,89.4,71.2,0,1,CrashLoopBackOff,0,0,0,7,probe_failure
7,70.6,65.8,0,2,CrashLoopBackOff,0,0,0,3,probe_failure
1,58.3,84.7,0,138,OOMKilled,3,0,0,1,oom_killed
9,70.7,82.7,0,1,Error,0,0,0,6,probe_failure
0,21.2,39.0,1,0,Running,0,0,0,1,healthy
0,17.1,23.6,1,0,Running,0,0,0,0,healthy
2,48.9,100.0,0,136,OOMKilled,0,0,0,2,oom_killed
0,67.6,100.0,0,130,Error,4,0,0,3,oom_killed
6,74.1,67.3,0,2,CrashLoopBackOff,0,0,0,5,probe_failure
13,72.1,72.3,0,2,Error,0,0,0,5,crash_loop
0,42.2,33.9,1,0,Running,0,0,0,1,healthy
4,78.0,65.0,0,2,Running,0,0,0,4,crash_loop
5,75.7,66.7,0,1,Error,0,0,0,2,probe_failure
5,89.0,62.5,0,2,CrashLoopBackOff,0,0,0,4,probe_failure
0,9.6,12.3,0,0,Unschedulable,0,0,4,0,scheduling_failure
8,73.3,62.3,0,1,Error,0,0,0,4,probe_failure
5,74.1,69.4,0,0,Running,0,0,0,4,crash_loop
2,59.6,56.3,1,1,CrashLoopBackOff,0,0,0,8,probe_failure
1,23.1,25.4,1,0,Running,0,0,0,1,healthy
1,22.4,23.9,0,0,Pending,0,4,0,0,image_pull_error
7,72.0,68.8,0,1,CrashLoopBackOff,0,0,0,4,probe_failure
3,45.2,72.4,0,0,CrashLoopBackOff,0,0,0,5,probe_failure
0,11.2,27.5,1,0,Unknown,0,0,0,1,healthy
0,27.0,40.3,1,0,Running,0,0,0,0,healthy
1,28.7,37.5,1,0,Unknown,0,0,0,0,healthy
0,24.3,54.8,1,0,Running,0,0,0,0,oom_killed
9,72.7,78.7,0,1,CrashLoopBackOff,0,0,0,7,probe_failure
0,9.3,22.1,0,0,Pending,0,0,0,1,image_pull_error
0,0.0,12.6,0,0,Pending,0,0,6,0,scheduling_failure
0,22.4,41.8,1,0,Unknown,0,0,0,0,healthy
0,30.9,27.4,1,0,Running,0,0,0,0,healthy
6,78.1,66.8,0,1,CrashLoopBackOff,0,0,0,5,probe_failure
0,6.8,14.3,1,0,Pending,0,0,5,0,scheduling_failure
0,3.4,35.4,1,0,Running,0,0,0,0,healthy
0,15.6,19.5,0,1,ImagePullBackOff,0,7,0,1,image_pull_error
2,45.4,52.1,0,1,Running,0,0,0,3,probe_failure
0,7.0,21.5,0,0,ContainerCreating,0,0,4,0,crash_loop
0,13.3,23.7,0,0,Pending,0,3,0,0,image_pull_error
0,47.4,18.2,1,0,Running,0,0,0,0,healthy
0,35.8,27.8,1,0,Unknown,0,0,0,0,healthy
11,82.0,79.7,0,1,CrashLoopBackOff,0,0,0,5,probe_failure
0,24.9,26.2,1,0,Unknown,0,0,0,0,healthy
1,14.4,46.7,1,0,Unknown,0,0,0,0,healthy
15,73.1,65.0,1,0,Error,0,0,0,5,crash_loop
1,26.4,23.7,1,0,Running,0,0,0,1,healthy
0,16.3,39.8,1,0,Running,0,0,0,0,healthy
2,39.0,58.7,0,0,Running,0,0,0,7,probe_failure
6,77.3,78.2,0,1,CrashLoopBackOff,0,0,0,3,probe_failure
0,3.3,11.3,0,0,Unschedulable,0,0,5,0,scheduling_failure
0,14.7,8.5,0,0,ContainerCreating,0,0,8,0,scheduling_failure
6,97.7,73.0,0,1,Error,0,0,0,2,probe_failure
4,21.3,40.2,0,3,CrashLoopBackOff,0,0,0,7,crash_loop
8,75.4,83.8,1,1,Error,0,0,0,4,probe_failure
2,66.4,90.2,0,133,OOMKilled,5,0,0,2,oom_killed
7,75.6,82.5,0,1,CrashLoopBackOff,0,0,0,3,probe_failure
0,28.4,48.5,0,0,Unknown,0,0,0,0,healthy
0,34.5,39.5,1,0,Running,0,0,0,0,healthy
2,53.9,83.5,0,134,OOMKilled,2,0,0,0,oom_killed
1,43.7,48.7,0,1,CrashLoopBackOff,0,0,0,5,probe_failure
11,78.6,81.3,0,1,CrashLoopBackOff,0,0,0,4,probe_failure
0,37.8,21.3,1,0,Running,0,0,0,0,healthy
0,18.1,36.8,1,0,Running,0,0,0,0,healthy
4,83.6,60.1,0,0,Running,0,0,0,3,crash_loop
3,41.1,67.6,0,1,Running,0,0,0,3,probe_failure
1,21.3,40.9,1,0,Unknown,0,0,0,1,healthy
0,14.0,26.2,0,1,Pending,0,6,0,0,image_pull_error
0,1.1,10.3,0,0,ContainerCreating,0,0,4,0,scheduling_failure
0,10.6,22.9,0,0,ImagePullBackOff,0,0,0,0,image_pull_error
0,0.6,16.6,0,1,ImagePullBackOff,0,7,0,0,image_pull_error
2,63.7,66.9,0,0,Running,0,0,0,4,probe_failure
1,11.0,9.0,0,0,Pending,0,0,2,1,scheduling_failure
5,64.1,60.1,0,0,Error,0,0,0,6,probe_failure
1,59.7,57.5,0,1,Running,0,0,0,3,probe_failure
1,4.9,16.8,0,0,Pending,0,0,0,1,scheduling_failure
3,45.8,86.7,1,2,CrashLoopBackOff,0,0,0,1,crash_loop
3,50.8,78.3,0,0,Running,0,0,0,1,probe_failure
0,32.5,42.7,1,0,Running,0,0,0,0,healthy
0,50.2,100.0,0,139,Error,1,0,0,2,oom_killed
0,7.3,13.0,0,1,ImagePullBackOff,0,4,0,0,image_pull_error
0,31.6,59.4,1,0,Running,0,0,0,1,healthy
8,82.1,78.8,0,1,Error,0,0,0,1,probe_failure
0,19.8,44.7,1,0,Running,0,0,0,0,healthy
5,69.2,85.5,0,91,OOMKilled,2,0,0,0,oom_killed
1,45.2,52.6,0,1,Running,0,0,0,4,probe_failure
7,75.9,70.3,0,2,CrashLoopBackOff,0,0,0,4,probe_failure
0,18.7,68.9,1,0,Running,0,0,0,0,healthy
1,46.4,49.5,1,0,Unknown,0,0,0,1,healthy
0,9.9,23.0,1,0,Unknown,0,0,0,0,healthy
8,36.1,81.5,0,1,Error,0,0,0,6,crash_loop
9,74.4,66.3,0,1,CrashLoopBackOff,0,0,0,4,probe_failure
6,34.5,91.9,0,140,Error,3,0,0,2,oom_killed
0,10.1,52.3,1,0,Running,0,0,0,0,image_pull_error
8,86.4,60.6,0,1,Error,0,0,0,6,probe_failure
0,34.8,59.0,1,0,Running,0,0,0,1,healthy
1,53.2,58.0,0,135,Error,1,0,0,1,oom_killed
7,75.1,73.4,0,2,CrashLoopBackOff,0,0,0,6,probe_failure
4,52.2,100.0,0,94,CrashLoopBackOff,1,0,0,1,oom_killed
1,15.7,41.6,1,0,Running,0,0,0,0,healthy
2,73.6,94.1,0,138,OOMKilled,4,0,0,2,oom_killed
0,19.6,19.9,0,0,ContainerCreating,0,0,1,1,scheduling_failure
7,83.2,72.1,0,1,CrashLoopBackOff,0,0,0,5,probe_failure
11,28.0,60.5,0,2,Error,0,0,0,2,crash_loop
0,15.2,31.1,1,0,Unknown,0,0,0,1,healthy
2,49.1,75.7,0,1,Running,0,0,0,5,probe_failure
1,3.8,30.8,1,0,Unknown,0,0,0,1,healthy
0,13.5,35.5,1,0,Running,0,0,0,0,healthy
0,41.5,67.0,0,93,CrashLoopBackOff,2,0,0,2,oom_killed
0,8.2,24.2,0,0,ErrImagePull,0,7,0,1,image_pull_error
7,74.7,55.1,0,2,CrashLoopBackOff,0,0,0,5,probe_failure
0,1.0,22.4,0,0,ErrImagePull,0,4,0,0,image_pull_error
3,70.6,68.0,0,1,CrashLoopBackOff,0,0,0,4,probe_failure
0,27.3,23.7,1,0,Running,0,0,0,0,healthy
12,69.3,53.1,0,1,Running,0,0,0,0,crash_loop
1,20.3,40.1,1,0,Unknown,0,0,0,0,healthy
1,1.5,7.1,0,0,Pending,0,0,1,0,scheduling_failure
0,25.0,40.5,1,0,Running,0,0,0,0,healthy
1,16.8,40.8,1,0,Running,0,0,0,0,healthy
2,28.5,24.8,1,0,Running,0,0,0,0,healthy
1,42.2,42.3,1,0,Running,0,0,0,0,healthy
4,70.7,91.6,0,1,CrashLoopBackOff,0,0,0,4,probe_failure
2,67.7,49.4,0,0,Running,0,0,0,0,probe_failure
5,45.6,69.7,1,0,Running,0,0,0,2,crash_loop
1,6.8,21.5,0,0,ContainerCreating,0,0,4,0,scheduling_failure
0,8.2,65.9,0,0,Running,0,0,0,0,healthy
0,21.7,43.7,1,0,Running,0,0,0,0,healthy
0,20.7,16.7,0,0,Unschedulable,0,0,8,1,scheduling_failure
0,14.0,51.4,0,0,Running,0,0,0,0,healthy
0,11.8,52.9,1,0,Unknown,0,0,0,0,healthy
1,46.4,84.3,0,3,Running,0,0,0,6,crash_loop
7,90.1,86.6,0,0,Running,0,0,0,6,crash_loop
2,39.8,64.5,0,0,Error,0,0,0,7,probe_failure
0,19.9,22.2,1,0,Running,0,0,0,0,healthy
7,80.8,54.2,0,1,CrashLoopBackOff,0,0,0,1,crash_loop
10,69.4,83.5,0,1,CrashLoopBackOff,0,0,0,5,probe_failure
5,72.8,64.5,0,1,CrashLoopBackOff,0,0,0,3,probe_failure
4,78.3,71.5,0,2,CrashLoopBackOff,0,0,0,4,crash_loop
3,52.5,94.6,0,138,CrashLoopBackOff,4,0,0,3,oom_killed
1,23.6,37.2,1,0,Unknown,0,0,0,1,healthy
7,75.0,76.3,0,1,CrashLoopBackOff,0,0,0,2,probe_failure
0,20.2,26.5,1,0,Running,0,0,0,0,healthy
8,70.3,77.4,0,1,CrashLoopBackOff,0,0,0,4,probe_failure
3,51.6,87.3,0,91,OOMKilled,2,0,0,2,oom_killed
11,75.5,59.4,0,1,CrashLoopBackOff,0,0,0,5,probe_failure
3,60.8,96.1,0,138,CrashLoopBackOff,1,0,0,3,oom_killed
7,85.0,80.0,0,1,CrashLoopBackOff,0,0,0,3,probe_failure
1,26.0,41.4,1,0,Running,0,0,0,0,healthy
0,19.7,44.9,1,0,Unknown,0,0,0,0,healthy
0,24.5,38.2,1,0,Running,0,0,0,0,healthy
7,55.8,58.8,0,0,Running,0,0,0,6,healthy
6,64.5,67.4,0,2,CrashLoopBackOff,0,0,0,2,crash_loop
1,7.7,34.0,1,0,Pending,0,0,6,0,scheduling_failure
7,40.7,42.9,0,0,CrashLoopBackOff,0,0,0,1,crash_loop
8,73.0,66.2,0,1,CrashLoopBackOff,0,0,0,5,probe_failure
2,52.0,58.0,0,0,CrashLoopBackOff,0,0,0,0,probe_failure
11,98.7,79.0,0,2,Error,0,0,0,5,probe_failure
4,41.3,83.2,1,138,CrashLoopBackOff,0,0,0,2,oom_killed
7,77.0,76.4,0,0,Error,0,0,0,4,crash_loop
1,29.5,19.9,1,0,Unknown,0,0,0,1,healthy
1,18.6,21.8,1,0,Unknown,0,0,0,1,healthy
4,47.2,59.6,0,92,OOMKilled,4,0,0,3,oom_killed
0,25.4,30.6,0,0,Running,0,0,0,1,healthy
1,23.5,44.2,0,0,Running,0,0,0,0,healthy
0,5.7,18.3,0,0,Unschedulable,0,0,6,0,scheduling_failure
0,9.8,24.6,0,0,ErrImagePull,0,8,0,1,image_pull_error
8,67.0,56.1,0,1,CrashLoopBackOff,0,0,0,7,crash_loop
12,78.8,69.2,0,0,Error,0,0,0,8,scheduling_failure
0,31.1,24.6,1,0,Running,0,0,0,0,healthy
2,45.2,18.7,1,0,Running,0,0,0,0,healthy
7,86.8,63.7,0,1,CrashLoopBackOff,0,0,0,5,probe_failure
0,80.3,33.6,0,0,Running,0,0,0,1,crash_loop
7,62.6,64.7,0,1,Running,0,0,0,0,crash_loop
0,39.1,44.4,1,0,Running,0,0,0,0,healthy
0,9.4,13.9,0,0,ContainerCreating,0,0,6,0,scheduling_failure
0,16.7,27.9,0,0,ContainerCreating,0,0,7,1,scheduling_failure
0,39.5,29.7,1,0,Running,0,0,0,0,healthy
1,7.8,56.4,1,0,Running,0,0,0,0,healthy
5,55.4,58.6,0,1,CrashLoopBackOff,0,0,0,4,crash_loop
0,17.2,36.0,1,0,Running,0,0,0,0,healthy
10,65.5,73.4,0,1,Error,0,0,0,6,probe_failure
1,12.3,34.9,1,0,Running,0,0,0,0,healthy
1,35.4,71.9,1,1,Error,0,0,0,8,probe_failure
3,55.8,65.3,0,1,Running,0,0,0,7,probe_failure
0,44.1,36.3,1,0,Running,0,0,0,0,healthy
7,84.1,70.9,0,1,CrashLoopBackOff,0,0,0,3,probe_failure
1,0.8,11.3,0,0,ImagePullBackOff,0,6,0,0,image_pull_error
0,25.2,48.5,1,0,Running,0,0,0,0,healthy
0,5.9,8.8,0,0,Unschedulable,0,0,6,0,scheduling_failure
0,29.0,33.4,1,0,Running,0,0,0,0,healthy
6,72.6,52.7,0,2,Running,0,0,0,1,crash_loop
9,72.0,83.1,0,1,CrashLoopBackOff,0,0,0,6,probe_failure
1,43.4,93.6,0,95,Error,1,0,0,2,oom_killed
0,27.8,52.5,1,0,Running,0,0,0,1,healthy
3,58.6,92.2,0,135,CrashLoopBackOff,0,0,0,1,oom_killed
0,4.8,30.2,1,0,Running,0,0,0,0,healthy
4,64.6,83.9,0,1,CrashLoopBackOff,0,0,0,3,probe_failure
0,16.6,56.5,1,0,Running,0,0,0,1,healthy
8,85.4,82.4,0,1,CrashLoopBackOff,0,0,0,3,probe_failure
0,36.7,58.0,1,0,Running,0,0,0,0,healthy
12,77.6,86.0,0,1,CrashLoopBackOff,0,0,0,3,probe_failure
0,5.5,19.7,0,1,ErrImagePull,0,6,0,0,image_pull_error
2,42.3,74.0,0,0,Running,0,0,0,10,probe_failure
4,81.7,72.3,0,1,CrashLoopBackOff,0,0,0,5,probe_failure
1,46.2,50.5,1,0,Running,0,0,0,0,healthy
9,82.8,59.9,0,1,CrashLoopBackOff,0,0,0,3,probe_failure
2,33.7,46.3,0,1,Error,0,0,0,4,probe_failure
12,38.5,47.1,0,2,CrashLoopBackOff,0,0,0,5,crash_loop
5,64.0,82.3,0,90,CrashLoopBackOff,1,0,0,0,oom_killed
0,20.6,43.2,1,0,Running,0,0,0,0,healthy
0,5.8,10.9,0,0,ContainerCreating,0,0,4,0,scheduling_failure
9,59.5,67.6,0,0,CrashLoopBackOff,0,0,0,3,probe_failure
0,29.2,40.8,1,0,Running,0,0,0,0,healthy
0,20.4,36.6,1,0,Running,0,0,0,1,healthy
2,27.2,45.4,1,0,Running,0,0,0,1,healthy
0,21.4,6.2,0,0,Pending,0,0,4,0,scheduling_failure
0,4.1,11.7,0,0,Pending,0,0,4,0,scheduling_failure
0,36.3,43.1,1,0,Running,0,0,0,0,healthy
6,71.4,85.5,0,2,CrashLoopBackOff,0,0,0,4,crash_loop
8,46.6,80.3,0,1,CrashLoopBackOff,0,0,0,3,crash_loop
9,74.0,61.6,0,0,CrashLoopBackOff,0,0,0,3,probe_failure
0,26.1,39.4,1,0,Running,0,0,0,0,healthy
5,63.8,72.8,0,0,CrashLoopBackOff,0,0,0,2,probe_failure
0,7.1,24.2,0,0,ImagePullBackOff,0,5,0,0,image_pull_error
2,18.3,60.9,1,1,CrashLoopBackOff,0,0,0,2,probe_failure
9,46.8,65.1,0,1,CrashLoopBackOff,0,0,0,5,crash_loop
0,48.9,47.4,1,0,Running,0,0,0,1,healthy
0,43.1,19.4,1,0,Running,0,0,0,0,healthy
0,20.2,19.5,0,0,ImagePullBackOff,0,8,0,1,image_pull_error
1,3.7,22.4,0,0,ImagePullBackOff,0,3,0,0,image_pull_error
1,11.7,34.5,1,0,Running,0,0,0,0,healthy
9,26.8,95.2,0,1,Running,0,0,0,0,crash_loop
1,11.6,24.5,0,0,Pending,0,0,6,0,scheduling_failure
0,7.7,5.6,0,0,Pending,0,0,5,1,scheduling_failure
0,36.2,45.9,1,0,Running,0,0,0,0,healthy
3,51.2,71.3,0,135,CrashLoopBackOff,1,0,0,2,oom_killed
0,29.2,52.5,1,0,Unknown,0,0,0,0,healthy
0,22.4,34.8,1,0,Running,0,0,0,0,healthy
0,32.3,60.9,1,0,Running,0,0,0,0,healthy
8,55.7,52.5,0,1,Error,0,0,0,4,crash_loop
18,43.8,66.2,1,0,Error,0,0,0,3,crash_loop
5,71.1,61.5,0,1,Error,0,0,0,4,crash_loop
4,71.5,96.3,0,135,OOMKilled,4,0,0,3,oom_killed
6,73.8,56.8,0,3,Error,0,0,0,1,crash_loop
11,62.4,65.3,0,1,Error,0,0,0,3,crash_loop
0,13.0,9.1,0,0,Unschedulable,0,0,9,0,scheduling_failure
1,26.0,19.8,1,0,Unknown,0,0,0,0,healthy
1,29.5,31.6,1,0,Running,0,0,0,0,healthy
1,32.4,37.1,1,0,Unknown,0,0,0,0,healthy
0,12.3,16.0,0,1,ImagePullBackOff,0,3,0,1,image_pull_error
1,57.8,61.5,0,0,CrashLoopBackOff,0,0,0,3,probe_failure
8,87.6,71.7,0,0,CrashLoopBackOff,0,0,0,4,probe_failure
2,33.2,68.6,0,0,CrashLoopBackOff,0,0,0,3,probe_failure
1,9.9,20.7,0,0,ImagePullBackOff,0,1,0,0,image_pull_error
7,53.4,63.2,0,1,CrashLoopBackOff,0,0,0,3,crash_loop
0,8.0,57.0,1,0,Unknown,0,0,0,1,healthy
2,9.4,51.1,0,0,CrashLoopBackOff,0,0,0,6,probe_failure
0,10.7,43.1,1,0,Unknown,0,0,0,0,healthy
0,26.0,17.5,0,0,ImagePullBackOff,0,6,0,0,image_pull_error
9,74.3,67.7,0,2,CrashLoopBackOff,0,0,0,5,probe_failure
0,23.3,36.9,1,0,Running,0,0,0,1,healthy
1,26.1,31.5,1,0,Running,0,0,0,0,healthy
8,82.5,63.0,0,1,CrashLoopBackOff,0,0,0,4,probe_failure
11,69.1,71.6,0,1,CrashLoopBackOff,0,0,0,5,probe_failure
7,68.6,63.4,0,1,CrashLoopBackOff,0,0,0,4,probe_failure
2,44.3,91.4,0,140,OOMKilled,3,0,0,2,oom_killed
0,12.4,18.5,0,0,ErrImagePull,0,6,0,0,image_pull_error
0,30.4,34.1,1,0,Running,0,0,0,0,healthy
1,30.0,42.7,1,0,Running,0,0,0,1,healthy
9,58.5,58.0,0,3,Error,0,0,0,2,crash_loop
0,22.9,53.7,1,0,Unknown,0,0,0,1,healthy
1,11.7,11.7,1,0,Unknown,0,0,0,1,healthy
7,74.1,86.3,0,1,Error,0,0,0,8,crash_loop
0,27.0,34.4,1,0,Unknown,0,0,0,1,healthy
0,24.6,38.6,1,0,Running,0,0,0,0,healthy
4,84.9,63.9,0,1,CrashLoopBackOff,0,0,0,6,probe_failure
1,26.1,51.8,1,0,Running,0,0,0,0,healthy
0,21.7,32.3,1,0,Running,0,0,0,0,healthy
0,16.7,43.8,1,0,Running,0,0,0,0,healthy
0,25.6,41.8,1,0,Running,0,0,0,0,healthy
0,5.7,21.9,0,0,Pending,0,0,6,1,scheduling_failure
6,79.4,66.5,0,2,CrashLoopBackOff,0,0,0,2,crash_loop
7,58.9,100.0,0,137,OOMKilled,3,0,0,3,oom_killed
0,47.6,76.7,1,0,Running,0,0,0,6,probe_failure
0,15.8,14.2,0,0,Pending,0,4,0,0,image_pull_error
0,44.4,44.4,1,0,Unknown,0,0,0,0,healthy
1,40.7,42.7,1,0,Running,0,0,0,0,healthy
4,92.5,58.0,0,1,Running,0,0,0,4,crash_loop
1,6.6,25.2,0,0,ErrImagePull,0,7,0,0,image_pull_error
5,61.8,77.8,0,3,Error,0,0,0,6,crash_loop
4,56.1,78.1,0,92,OOMKilled,0,0,0,3,oom_killed
0,31.3,31.7,1,0,Running,0,0,0,0,healthy
0,7.0,31.6,0,0,Pending,0,0,5,0,scheduling_failure
0,8.9,16.8,0,0,Pending,0,0,4,0,scheduling_failure
1,0.0,51.7,1,0,Unknown,0,0,0,1,healthy
5,50.7,85.0,0,142,CrashLoopBackOff,0,0,0,3,oom_killed
8,73.7,62.4,0,1,CrashLoopBackOff,0,0,0,7,probe_failure
10,67.0,73.4,0,2,Error,0,0,0,4,probe_failure
0,28.9,12.6,1,0,Running,0,0,0,0,healthy
0,27.5,40.1,1,0,Running,0,0,0,0,healthy
3,74.8,93.9,0,134,CrashLoopBackOff,1,0,0,1,oom_killed
7,76.9,77.4,0,1,Error,0,0,0,3,probe_failure
7,80.4,75.9,0,1,Error,0,0,0,4,probe_failure
1,18.2,40.9,1,0,Running,0,0,0,1,healthy
0,5.9,4.9,0,0,Unschedulable,0,0,7,0,scheduling_failure
8,85.5,58.8,0,1,Error,0,0,0,3,probe_failure
1,39.1,65.0,1,0,Running,0,0,0,0,healthy
1,70.8,76.8,0,138,CrashLoopBackOff,0,0,0,3,oom_killed
2,49.3,85.6,0,89,OOMKilled,1,0,0,2,oom_killed
0,29.0,50.8,1,0,Unknown,0,0,0,0,healthy
9,65.2,72.6,0,1,CrashLoopBackOff,0,0,0,3,probe_failure
0,9.9,12.0,0,0,Pending,0,6,0,0,image_pull_error
10,84.5,73.0,0,1,Error,0,0,0,4,probe_failure
9,57.3,57.9,0,2,Running,0,0,0,3,crash_loop
0,32.9,56.9,1,0,Running,0,0,0,1,healthy
0,4.6,13.2,0,0,ContainerCreating,0,0,7,1,scheduling_failure
0,7.6,16.1,0,0,ContainerCreating,0,0,8,1,scheduling_failure
1,10.2,9.7,0,0,Pending,0,0,7,0,scheduling_failure
8,44.4,61.2,1,0,Running,0,0,0,1,crash_loop
10,77.4,68.9,0,1,CrashLoopBackOff,0,0,0,3,probe_failure
0,44.9,52.1,0,0,CrashLoopBackOff,0,0,0,6,probe_failure
1,28.5,34.8,1,0,Running,0,0,0,1,healthy
9,61.3,73.4,0,1,Error,0,0,0,4,probe_failure
0,0.6,14.6,0,0,Pending,0,2,0,0,image_pull_error
0,9.8,23.0,0,0,ImagePullBackOff,0,5,0,0,image_pull_error
7,80.3,74.9,0,1,CrashLoopBackOff,0,0,0,3,probe_failure
0,8.0,19.3,0,0,Pending,0,5,0,0,image_pull_error
1,39.9,66.7,0,1,Error,0,0,0,4,probe_failure
9,78.7,60.0,0,1,Error,0,0,0,4,probe_failure
11,69.7,64.5,0,2,Error,0,0,0,3,probe_failure
5,45.8,100.0,1,136,Error,3,0,0,1,oom_killed
0,3.6,11.8,0,0,ErrImagePull,0,4,0,0,image_pull_error
5,69.2,64.2,0,2,Error,0,0,0,3,crash_loop
3,62.5,93.8,0,87,OOMKilled,5,0,0,3,oom_killed
10,73.7,44.3,0,1,CrashLoopBackOff,0,0,0,5,crash_loop
6,85.7,65.6,0,1,CrashLoopBackOff,0,0,0,2,probe_failure
1,45.0,35.5,1,0,Running,0,0,0,0,healthy
3,49.3,67.2,0,1,CrashLoopBackOff,0,0,0,11,probe_failure
0,34.3,30.5,1,0,Unknown,0,0,0,0,healthy
0,11.0,13.4,0,0,ContainerCreating,0,0,5,0,scheduling_failure
1,33.2,29.9,1,0,Unknown,0,0,0,0,healthy
0,21.0,19.7,0,1,ErrImagePull,0,1,0,0,image_pull_error
9,68.2,77.6,0,1,Error,0,0,0,5,probe_failure
6,86.0,80.9,0,2,CrashLoopBackOff,0,0,0,3,crash_loop
0,32.5,12.6,1,0,Running,0,0,0,1,healthy
1,9.7,44.5,1,0,Running,0,0,0,1,healthy
12,76.5,59.4,0,1,Running,0,0,0,9,crash_loop
7,51.7,49.4,0,2,Error,0,0,0,9,crash_loop
8,69.3,78.0,0,0,CrashLoopBackOff,0,0,0,4,probe_failure
1,11.0,19.5,0,0,Unschedulable,0,0,9,0,scheduling_failure
0,21.6,21.3,0,0,ImagePullBackOff,0,6,0,1,image_pull_error
1,23.1,17.8,0,0,Unschedulable,0,0,6,0,scheduling_failure
0,10.4,14.8,0,0,ImagePullBackOff,0,5,0,0,image_pull_error
7,78.8,63.5,0,1,CrashLoopBackOff,0,0,0,5,probe_failure
0,14.8,21.5,0,0,ImagePullBackOff,0,7,0,0,image_pull_error
0,29.0,30.1,1,0,Running,0,0,0,0,healthy
8,79.0,72.1,0,1,Error,0,0,0,6,probe_failure
1,42.1,32.7,1,0,Running,0,0,0,0,healthy
0,27.0,61.1,1,0,Unknown,0,0,0,1,healthy
0,29.5,65.9,1,0,Running,0,0,0,0,healthy
5,84.1,65.6,0,1,CrashLoopBackOff,0,0,0,5,probe_failure
8,68.1,75.2,0,1,Error,0,0,0,4,probe_failure
9,61.5,52.6,0,0,Running,0,0,0,2,crash_loop
1,29.7,13.4,0,0,ErrImagePull,0,6,0,1,image_pull_error
4,45.5,100.0,0,139,CrashLoopBackOff,4,0,0,3,oom_killed
1,23.0,30.5,1,0,Running,0,0,0,0,healthy
6,82.6,68.6,0,2,CrashLoopBackOff,0,0,0,4,probe_failure
0,8.3,19.4,0,0,Pending,0,5,0,0,image_pull_error
7,68.0,53.4,0,0,Error,0,0,0,4,crash_loop
0,14.6,17.1,0,0,Unschedulable,0,0,6,0,scheduling_failure
8,72.7,81.6,1,1,Running,0,0,0,5,crash_loop
0,37.4,48.7,1,0,Unknown,0,0,0,0,healthy
0,25.0,18.6,1,0,Unknown,0,0,0,0,healthy
0,4.5,16.5,0,0,Pending,0,0,4,0,scheduling_failure
0,10.6,28.4,0,0,Unschedulable,0,0,5,1,scheduling_failure
8,84.2,76.9,0,1,CrashLoopBackOff,0,0,0,3,probe_failure
10,85.5,62.3,0,1,CrashLoopBackOff,0,0,0,5,probe_failure
8,77.2,68.4,0,1,Error,0,0,0,3,probe_failure
0,23.2,52.9,1,0,Unknown,0,0,0,0,healthy
0,26.6,33.7,1,0,Running,0,0,0,0,healthy
0,16.2,72.8,1,0,Running,0,0,0,0,healthy
5,64.5,59.2,0,1,CrashLoopBackOff,0,0,0,7,probe_failure
2,58.5,48.1,0,0,CrashLoopBackOff,0,0,0,2,probe_failure
0,28.6,40.1,1,0,Running,0,0,0,0,healthy
0,8.7,6.7,1,0,Pending,0,0,4,1,scheduling_failure
0,33.1,43.9,0,0,Running,0,0,0,0,healthy
13,46.2,67.2,0,2,CrashLoopBackOff,0,0,0,3,crash_loop
1,30.1,34.4,1,0,Running,0,0,0,1,healthy
0,20.3,53.0,1,0,Running,0,0,0,0,healthy
1,23.0,33.1,0,0,Unknown,0,0,0,0,healthy
0,5.6,51.9,1,0,Running,0,0,0,1,healthy
0,8.0,19.7,0,0,Pending,0,0,5,0,scheduling_failure
4,39.9,66.0,0,1,Running,0,0,0,6,probe_failure
1,13.5,28.2,1,0,Running,0,0,0,0,healthy
3,86.7,50.9,0,1,CrashLoopBackOff,0,0,0,5,crash_loop
4,32.2,64.5,0,1,CrashLoopBackOff,0,0,0,6,probe_failure
10,77.2,72.4,0,0,CrashLoopBackOff,0,0,0,4,probe_failure
0,40.2,54.7,1,0,Running,0,0,0,0,healthy
0,17.0,24.8,1,0,Running,0,0,0,0,healthy
0,31.3,33.3,1,0,Running,0,0,0,1,healthy
1,19.7,34.9,0,0,ErrImagePull,0,5,0,0,image_pull_error
0,5.7,10.8,0,0,Unschedulable,0,0,6,0,scheduling_failure
3,48.6,49.1,0,1,Error,0,0,0,4,probe_failure
5,51.2,67.2,0,0,CrashLoopBackOff,0,0,0,7,crash_loop
1,12.7,14.0,0,0,ImagePullBackOff,0,0,0,1,image_pull_error
0,18.4,47.9,1,0,Running,0,0,0,0,healthy
4,58.1,98.7,0,140,Error,3,0,0,1,oom_killed
1,42.9,84.9,0,141,Error,3,0,0,1,oom_killed
11,78.2,75.5,0,1,CrashLoopBackOff,0,0,0,4,probe_failure
4,33.6,81.2,0,0,Running,0,0,0,2,crash_loop
0,46.7,57.2,1,0,Running,0,0,0,1,healthy
1,55.9,73.6,0,0,Running,0,0,0,10,probe_failure
5,78.1,68.1,0,0,Running,0,0,0,3,crash_loop
2,38.8,68.5,0,1,Running,0,0,0,7,probe_failure
1,23.6,42.8,1,0,Running,0,0,0,0,healthy
6,84.7,97.9,0,1,CrashLoopBackOff,0,0,0,5,crash_loop
7,74.6,62.3,0,0,Running,0,0,0,2,crash_loop
8,86.3,76.4,0,1,CrashLoopBackOff,0,0,0,4,probe_failure
7,81.4,72.8,0,1,CrashLoopBackOff,0,0,0,4,probe_failure
12,79.6,78.4,0,1,CrashLoopBackOff,0,0,0,4,probe_failure
0,15.9,12.0,0,0,Pending,0,7,0,0,image_pull_error
0,34.1,43.0,1,0,Unknown,0,0,0,1,healthy
0,13.4,60.4,1,0,Running,0,0,0,0,healthy
0,23.8,39.6,1,0,Running,0,0,0,0,healthy
4,66.4,95.8,0,134,CrashLoopBackOff,4,0,0,3,oom_killed
3,56.7,88.4,0,139,OOMKilled,6,0,0,0,oom_killed
7,78.9,69.5,0,1,Error,0,0,0,4,probe_failure
0,27.0,39.2,1,0,Running,0,0,0,0,healthy
0,36.7,55.2,1,0,Running,0,0,0,0,healthy
6,69.5,65.2,0,0,Error,0,0,0,1,crash_loop
0,39.9,24.0,1,0,Running,0,0,0,0,healthy
8,78.6,68.0,0,1,Error,0,0,0,4,probe_failure
0,38.2,29.1,1,0,Running,0,0,0,1,healthy
7,76.3,78.3,0,1,CrashLoopBackOff,0,0,0,5,probe_failure
0,5.3,3.7,0,0,Unschedulable,0,0,10,0,scheduling_failure
0,6.5,13.1,0,0,ContainerCreating,0,0,5,0,scheduling_failure
2,73.1,64.9,0,1,Running,0,0,0,8,probe_failure
0,1.3,26.8,0,0,Pending,0,6,0,1,image_pull_error
8,54.0,73.5,0,1,Error,0,0,0,5,crash_loop
0,44.5,31.7,1,0,Running,0,0,0,0,healthy
8,84.7,84.5,0,1,Error,0,0,0,6,probe_failure
0,14.9,42.9,1,0,Running,0,0,0,0,healthy
9,73.8,71.9,0,1,Error,0,0,0,7,probe_failure
0,10.9,16.1,0,0,Pending,0,3,0,1,image_pull_error
8,74.6,78.6,0,1,CrashLoopBackOff,0,0,0,5,probe_failure
0,15.7,20.6,0,0,Pending,0,5,0,1,image_pull_error
0,7.5,20.1,0,0,Unschedulable,0,0,8,0,scheduling_failure
0,10.1,19.2,0,0,ContainerCreating,0,0,6,0,scheduling_failure
1,36.0,44.4,1,0,Running,0,0,0,0,healthy
4,60.5,81.2,0,2,Error,0,0,0,4,crash_loop
12,100.0,57.0,1,1,Running,0,0,0,0,crash_loop
7,80.6,60.3,0,1,Error,0,0,0,4,probe_failure
2,58.3,59.3,0,1,Error,0,0,0,7,probe_failure
0,12.3,26.0,1,0,Running,0,0,0,1,healthy
2,59.2,66.2,0,0,CrashLoopBackOff,0,0,0,2,probe_failure
5,77.8,97.2,0,95,CrashLoopBackOff,5,0,0,3,oom_killed
2,65.3,93.0,1,135,CrashLoopBackOff,1,0,0,4,oom_killed
10,91.1,73.6,0,1,Error,0,0,0,7,probe_failure
0,16.8,33.4,1,0,Unknown,0,0,0,0,healthy
4,39.1,100.0,0,135,CrashLoopBackOff,0,0,0,1,oom_killed
0,16.9,44.7,1,0,Running,0,0,0,0,healthy
0,61.4,56.6,0,0,CrashLoopBackOff,0,0,0,4,crash_loop
0,13.6,20.4,1,0,Running,0,0,0,0,healthy
0,13.7,30.1,1,0,Running,0,0,0,0,healthy
0,32.0,49.5,1,0,Running,0,0,0,0,healthy
0,34.9,51.6,1,0,Running,0,0,0,0,healthy
1,5.1,15.7,0,0,ErrImagePull,0,5,0,1,image_pull_error
4,41.9,46.0,1,0,CrashLoopBackOff,0,0,0,6,crash_loop
9,92.8,73.1,0,1,CrashLoopBackOff,0,0,0,5,probe_failure
0,31.4,60.6,1,0,Running,0,0,0,0,healthy
1,38.1,66.4,0,1,Running,0,0,0,4,probe_failure
1,35.0,24.7,1,0,Running,0,0,0,0,healthy
11,73.6,83.3,0,0,Running,0,0,0,0,crash_loop
3,43.9,53.8,0,1,Error,0,0,0,4,probe_failure
4,90.8,69.3,0,1,CrashLoopBackOff,0,0,0,2,crash_loop
3,36.7,50.6,0,0,Running,0,0,0,8,probe_failure
1,23.5,42.2,1,0,Running,0,0,0,0,healthy
1,3.6,20.9,0,0,Pending,0,0,5,0,scheduling_failure
4,69.1,90.0,0,137,Error,5,0,0,3,oom_killed
1,0.0,11.4,0,0,Pending,0,0,5,0,scheduling_failure
9,70.2,78.0,0,1,CrashLoopBackOff,0,0,0,4,probe_failure
9,19.9,56.6,0,1,CrashLoopBackOff,0,0,0,7,crash_loop
5,70.7,65.4,0,4,Error,0,0,0,3,crash_loop
0,46.0,39.4,1,0,Running,0,0,0,0,healthy
0,19.6,44.8,1,0,Running,0,0,0,0,healthy
1,20.6,54.7,1,0,Running,0,0,0,0,healthy
0,38.3,99.6,0,136,OOMKilled,3,0,0,3,oom_killed
0,2.7,32.9,1,0,Running,0,0,0,0,healthy
0,16.5,51.1,1,0,Unknown,0,0,0,0,healthy
3,61.7,100.0,0,135,Error,0,0,0,2,oom_killed
9,77.5,78.4,0,2,CrashLoopBackOff,0,0,0,3,probe_failure
6,100.0,75.8,1,2,Error,0,0,0,9,crash_loop
1,24.2,38.6,1,0,Running,0,0,0,0,healthy
9,83.5,79.0,0,1,CrashLoopBackOff,0,0,0,2,probe_failure
6,64.0,62.0,0,1,CrashLoopBackOff,0,0,0,4,probe_failure
1,31.0,26.2,1,0,Unknown,0,0,0,1,healthy
8,69.9,52.4,0,1,CrashLoopBackOff,0,0,0,3,probe_failure
1,12.2,28.6,1,0,Running,0,0,0,0,healthy
0,39.8,36.3,1,0,Running,0,0,0,0,healthy
8,70.4,72.4,0,0,Error,0,0,0,4,probe_failure
1,38.7,32.4,1,0,Running,0,0,0,0,healthy
10,86.7,72.1,0,1,Error,0,0,0,4,probe_failure
8,70.6,53.5,0,0,CrashLoopBackOff,0,0,0,4,crash_loop
4,81.2,84.2,0,1,Error,0,0,0,4,probe_failure
0,21.4,30.0,1,0,Running,0,0,0,0,healthy
4,57.8,87.1,0,138,OOMKilled,0,0,0,0,oom_killed
1,41.5,60.4,0,1,Error,0,0,0,4,probe_failure
0,23.8,28.3,1,0,Unknown,0,0,0,0,healthy
1,23.0,25.4,1,0,Running,0,0,0,0,healthy
0,24.9,38.1,1,0,Running,0,0,0,1,oom_killed
10,32.0,47.1,0,1,Error,0,0,0,7,crash_loop
0,11.1,18.8,0,0,ImagePullBackOff,0,7,0,0,image_pull_error
1,6.3,15.7,0,0,Unschedulable,0,0,6,1,scheduling_failure
6,53.6,52.4,1,1,Running,0,0,0,6,crash_loop
0,19.6,52.3,1,0,Running,0,0,0,0,healthy
11,75.9,72.1,0,1,CrashLoopBackOff,0,0,0,6,probe_failure
11,75.5,55.5,0,1,Error,0,0,0,7,probe_failure
0,8.2,20.8,0,0,Unschedulable,0,0,7,1,scheduling_failure
0,22.8,35.8,1,0,Running,0,0,0,0,healthy
2,54.9,29.2,0,0,Error,0,0,0,3,probe_failure
4,51.4,95.9,0,134,Error,3,0,0,3,oom_killed
8,72.6,73.7,0,2,Error,0,0,0,6,probe_failure
0,25.3,47.2,1,0,Running,0,0,0,0,healthy
2,53.2,100.0,0,139,OOMKilled,4,0,0,1,oom_killed
4,53.7,77.7,0,84,Error,2,0,0,3,oom_killed
0,8.3,47.0,1,0,Running,0,0,0,0,healthy
4,46.3,81.6,0,88,Error,2,0,0,2,oom_killed
1,45.1,67.1,0,1,Running,0,0,0,8,probe_failure
1,28.8,36.5,1,0,Running,0,0,0,0,healthy
0,0.6,23.6,0,0,ErrImagePull,0,3,0,1,image_pull_error
5,83.5,65.5,0,0,Error,0,0,0,6,probe_failure
3,63.8,86.1,0,2,Error,0,0,0,3,crash_loop
2,56.6,67.8,0,1,CrashLoopBackOff,0,0,0,2,probe_failure
1,19.1,26.0,1,0,Unknown,0,0,0,0,probe_failure
5,72.2,77.7,0,1,CrashLoopBackOff,0,0,0,7,probe_failure
10,73.2,65.4,0,1,CrashLoopBackOff,0,0,0,3,probe_failure
2,63.9,63.0,1,1,Running,0,0,0,3,probe_failure
11,43.5,59.7,0,0,Error,0,0,0,4,crash_loop
13,64.4,78.9,0,1,CrashLoopBackOff,0,0,0,2,probe_failure
0,13.8,15.0,0,0,Pending,0,0,6,0,scheduling_failure
0,30.1,24.8,1,0,Running,0,0,0,0,healthy
0,72.3,92.1,0,89,Error,0,0,0,2,oom_killed
1,40.9,60.2,0,1,Error,0,0,0,3,probe_failure
3,51.1,48.5,0,0,CrashLoopBackOff,0,0,0,7,probe_failure
0,9.5,20.8,0,0,ImagePullBackOff,0,6,0,0,image_pull_error
0,18.7,38.9,1,0,Unknown,0,0,0,1,healthy
4,70.6,81.0,0,2,Running,0,0,0,8,image_pull_error
10,77.6,71.6,0,2,CrashLoopBackOff,0,0,0,4,probe_failure
1,32.1,32.1,1,0,Running,0,0,0,0,healthy
1,65.0,76.5,0,143,OOMKilled,1,0,0,1,oom_killed
11,83.6,63.3,0,0,Running,0,0,0,4,crash_loop
0,5.4,54.8,1,0,Running,0,0,0,0,healthy
1,28.2,30.4,1,0,Running,0,0,0,0,healthy
6,61.6,67.4,0,0,CrashLoopBackOff,0,0,0,3,crash_loop
11,67.3,76.4,0,1,Error,0,0,0,3,probe_failure
5,76.3,68.3,0,1,CrashLoopBackOff,0,0,0,4,probe_failure
0,11.5,11.0,0,0,Pending,0,0,6,1,scheduling_failure
5,78.0,77.2,0,1,CrashLoopBackOff,0,0,0,4,probe_failure
4,38.1,70.8,0,2,Error,0,0,0,5,crash_loop
2,50.9,97.0,1,137,Error,3,0,0,2,oom_killed
11,39.5,85.8,0,1,CrashLoopBackOff,0,0,0,3,crash_loop
0,25.5,33.9,0,0,Unschedulable,0,0,5,0,scheduling_failure
0,3.7,20.3,0,0,ImagePullBackOff,0,6,0,0,image_pull_error
0,26.1,27.9,1,0,Unknown,0,0,0,0,healthy
0,26.0,24.6,1,0,Unknown,0,0,0,0,healthy
1,18.6,28.5,1,0,Running,0,0,0,0,healthy
1,44.1,63.6,0,0,CrashLoopBackOff,0,0,0,7,probe_failure
0,1.1,21.7,0,0,Pending,0,0,3,0,scheduling_failure
1,29.9,58.6,1,0,Running,0,0,0,1,healthy
0,27.5,42.9,1,0,Running,0,0,0,0,healthy
10,68.3,80.2,0,1,CrashLoopBackOff,0,0,0,5,probe_failure
0,21.3,17.7,0,0,ImagePullBackOff,0,5,0,0,image_pull_error
9,50.6,60.3,0,0,Running,0,0,0,4,crash_loop
0,18.7,50.8,1,0,Running,0,0,0,1,healthy
1,13.6,18.0,0,0,ErrImagePull,0,4,0,0,image_pull_error
1,26.4,57.2,1,0,Running,0,0,0,1,healthy
0,22.9,29.1,1,0,Running,0,0,0,1,healthy
0,46.2,27.9,1,0,Unknown,0,0,0,0,healthy
1,7.3,20.0,0,0,ErrImagePull,0,6,0,1,image_pull_error
0,9.5,30.1,0,0,Running,0,0,0,0,healthy
0,15.1,12.9,0,0,Pending,0,7,0,0,image_pull_error
1,32.6,54.9,1,0,Running,0,0,0,0,healthy
0,19.8,9.7,0,0,Pending,0,8,0,0,image_pull_error
5,50.6,46.1,0,3,Running,0,0,0,1,crash_loop
0,5.0,12.5,0,1,ImagePullBackOff,0,3,0,1,image_pull_error
11,87.9,72.4,0,0,Error,0,0,0,3,probe_failure
7,72.6,74.1,0,1,CrashLoopBackOff,0,0,0,3,probe_failure
9,88.1,78.0,0,2,CrashLoopBackOff,0,0,0,3,probe_failure
0,8.2,4.9,0,0,ContainerCreating,0,0,9,0,scheduling_failure
1,47.5,52.4,0,0,CrashLoopBackOff,0,0,0,5,probe_failure
6,66.7,58.4,0,1,CrashLoopBackOff,0,0,0,1,probe_failure
1,8.8,14.3,0,0,Pending,0,6,0,0,image_pull_error
2,76.4,44.4,0,1,Running,0,0,0,3,crash_loop
2,50.6,42.9,0,1,CrashLoopBackOff,0,0,0,1,probe_failure
0,15.5,33.5,1,0,Running,0,0,0,0,healthy
0,56.1,12.5,0,0,Running,0,0,0,0,healthy
4,50.4,91.7,0,88,CrashLoopBackOff,6,0,0,2,oom_killed
0,12.3,12.3,0,0,ErrImagePull,0,4,0,0,image_pull_error
8,57.5,78.9,0,1,Error,0,0,0,4,crash_loop
3,63.6,48.5,0,1,Running,0,0,0,2,crash_loop
1,38.2,18.1,1,0,Unknown,0,0,0,0,healthy
1,26.0,20.8,1,0,Running,0,0,0,0,healthy
7,96.5,89.9,0,1,Error,0,0,0,3,crash_loop
1,37.9,51.2,1,0,Running,0,0,0,0,healthy
0,26.4,28.7,1,0,Running,0,0,0,0,healthy
1,17.4,20.9,0,0,Pending,0,1,0,0,image_pull_error
0,26.1,48.9,1,0,Unknown,0,0,0,0,healthy
1,7.0,19.2,0,0,ImagePullBackOff,0,1,0,0,image_pull_error
3,43.1,82.9,0,1,CrashLoopBackOff,0,0,0,3,crash_loop
1,1.1,22.7,0,1,ErrImagePull,0,7,0,0,image_pull_error
16,76.7,67.4,1,0,CrashLoopBackOff,0,0,0,5,crash_loop
0,15.8,11.8,0,1,Pending,0,5,0,0,image_pull_error
1,13.8,38.6,1,0,Running,0,0,0,0,healthy
7,72.0,76.8,0,1,Error,0,0,0,3,probe_failure
11,76.7,60.5,0,1,CrashLoopBackOff,0,0,0,4,probe_failure
5,62.9,68.9,0,0,Error,0,0,0,4,crash_loop
0,14.5,36.4,1,0,Running,0,0,0,0,healthy
4,69.8,58.3,0,0,Running,0,0,0,3,crash_loop
0,20.8,50.8,1,0,Unknown,0,0,0,0,healthy
2,51.3,45.5,0,1,Error,0,0,0,4,probe_failure
0,7.0,28.0,0,0,ErrImagePull,0,6,0,1,image_pull_error
8,72.0,73.1,0,1,CrashLoopBackOff,0,0,0,7,probe_failure
0,16.7,10.1,0,0,ErrImagePull,0,4,0,0,image_pull_error
4,68.1,71.5,0,138,CrashLoopBackOff,3,0,0,3,oom_killed
0,25.7,50.7,1,0,Running,0,0,0,0,healthy
4,48.0,85.3,0,1,Running,0,0,0,5,crash_loop
0,42.3,39.0,1,0,Unknown,0,0,0,1,healthy
0,23.1,39.5,1,0,Running,0,0,0,0,healthy
0,30.6,36.0,1,0,Running,0,0,0,0,healthy
0,20.4,38.9,1,0,Unknown,0,0,0,0,healthy
1,10.9,14.0,0,0,Pending,0,0,8,0,scheduling_failure
5,43.1,82.1,0,132,CrashLoopBackOff,2,0,0,3,oom_killed
2,26.8,61.3,0,1,Error,0,0,0,5,probe_failure
11,77.4,75.5,0,1,CrashLoopBackOff,0,0,0,5,probe_failure
7,67.7,68.4,0,3,Error,0,0,0,8,crash_loop
11,85.8,70.4,0,1,CrashLoopBackOff,0,0,0,3,probe_failure
10,72.0,86.9,0,1,Error,0,0,0,6,probe_failure
0,10.5,32.8,1,0,Running,0,0,0,0,healthy
9,80.9,72.4,0,2,Error,0,0,0,3,probe_failure
2,47.2,37.8,1,0,Running,0,0,0,0,healthy
0,17.8,7.6,0,0,ContainerCreating,0,0,6,0,scheduling_failure
3,74.7,98.6,0,134,Error,2,0,0,4,oom_killed
10,76.1,80.6,0,1,CrashLoopBackOff,0,0,0,6,probe_failure
1,7.8,33.9,1,0,Running,0,0,0,0,healthy
0,9.3,29.1,1,0,Unknown,0,0,0,1,healthy
3,38.7,46.5,0,1,Running,0,0,0,3,probe_failure
9,60.6,68.1,0,1,CrashLoopBackOff,0,0,0,5,probe_failure
3,72.2,59.7,0,1,CrashLoopBackOff,0,0,0,10,probe_failure
5,86.1,69.8,0,1,CrashLoopBackOff,0,0,0,2,probe_failure
0,23.8,31.0,1,0,Running,0,0,0,0,healthy
2,40.5,59.9,0,0,CrashLoopBackOff,0,0,0,1,probe_failure
0,26.3,43.3,1,0,Unknown,0,0,0,0,healthy
7,68.2,73.3,0,1,Error,0,0,0,3,probe_failure
1,27.7,25.6,1,0,Running,0,0,0,0,healthy
0,20.7,24.9,1,0,Unknown,0,0,0,0,image_pull_error
1,17.9,50.3,1,0,Unknown,0,0,0,1,healthy
4,61.8,64.5,1,1,CrashLoopBackOff,0,0,0,5,crash_loop
0,8.3,18.0,1,0,ContainerCreating,0,0,5,0,scheduling_failure
1,50.9,35.1,1,0,Running,0,0,0,0,healthy
1,37.2,69.8,0,1,Running,0,0,0,5,probe_failure
9,79.5,80.8,0,1,CrashLoopBackOff,0,0,0,4,probe_failure
0,26.1,72.4,1,0,Running,0,0,0,0,healthy
5,54.9,94.0,0,140,Error,1,0,0,3,oom_killed
0,39.5,38.2,1,0,Running,0,0,0,0,healthy
6,83.0,88.6,0,1,CrashLoopBackOff,0,0,0,2,probe_failure
0,37.2,35.0,1,0,Unknown,0,0,0,0,healthy
10,63.0,57.5,0,0,Running,0,0,0,2,crash_loop
10,72.8,53.2,0,0,Running,0,0,0,7,crash_loop
1,9.3,19.4,0,0,ContainerCreating,0,0,8,0,scheduling_failure
0,8.4,17.7,0,0,ErrImagePull,0,5,0,0,image_pull_error
0,22.6,26.2,1,0,Running,0,0,0,0,healthy
10,78.2,76.6,0,1,CrashLoopBackOff,0,0,0,4,probe_failure
7,90.5,66.5,0,1,CrashLoopBackOff,0,0,0,3,probe_failure
7,100.0,63.9,0,1,CrashLoopBackOff,0,0,0,1,crash_loop
2,39.5,74.5,0,0,Error,0,0,0,5,probe_failure
1,16.4,10.7,0,0,Pending,0,3,0,0,image_pull_error
0,12.6,52.0,1,0,Running,0,0,0,0,healthy
1,18.2,43.4,1,0,Unknown,0,0,0,1,healthy
0,20.5,16.0,1,0,Running,0,0,0,1,healthy
0,17.4,7.6,0,0,ImagePullBackOff,0,3,0,0,image_pull_error
1,62.1,56.8,0,1,Error,0,0,0,10,probe_failure
0,32.7,53.0,1,0,Running,0,0,0,0,healthy
10,66.7,53.5,1,1,Error,0,0,0,2,crash_loop
0,52.3,41.3,1,0,Running,0,0,0,1,healthy
4,83.0,37.8,0,2,CrashLoopBackOff,0,0,0,1,crash_loop
1,21.2,19.5,1,0,Running,0,0,0,0,image_pull_error
0,28.2,42.5,1,0,Running,0,0,0,1,healthy
1,40.2,34.0,1,0,Unknown,0,0,0,0,healthy
2,45.2,59.4,0,1,Running,0,0,0,7,probe_failure
3,47.1,56.7,0,1,CrashLoopBackOff,0,0,0,8,probe_failure
13,68.4,72.4,0,2,Running,0,0,0,5,crash_loop
1,48.3,91.0,0,137,OOMKilled,2,0,0,1,oom_killed
1,19.3,40.4,1,0,Running,0,0,0,0,healthy
1,35.1,54.5,1,0,Running,0,0,0,0,healthy
4,35.1,96.6,0,136,Error,3,0,0,2,oom_killed
0,13.8,20.3,1,0,ErrImagePull,0,5,0,0,image_pull_error
1,31.2,30.7,1,0,Running,0,0,0,0,healthy
5,73.6,59.2,0,1,CrashLoopBackOff,0,0,0,4,probe_failure
3,41.6,64.1,0,0,Running,0,0,0,7,probe_failure
0,19.0,40.4,1,0,Running,0,0,0,0,healthy
1,8.6,17.0,0,0,Unschedulable,0,0,7,0,scheduling_failure
2,54.2,68.4,0,85,CrashLoopBackOff,1,0,0,1,oom_killed
1,48.9,78.4,0,91,Error,2,0,0,3,oom_killed
2,65.8,99.7,0,138,OOMKilled,4,0,0,1,oom_killed
0,25.9,51.2,1,0,Running,0,0,0,1,healthy
6,65.6,70.0,0,1,CrashLoopBackOff,0,0,0,3,probe_failure
8,68.6,72.6,0,1,Error,0,0,0,4,probe_failure
10,91.1,63.9,0,1,Error,0,0,0,5,probe_failure
0,36.4,54.3,1,0,Running,0,0,0,1,healthy
0,30.0,51.2,1,0,Unknown,0,0,0,0,healthy
0,5.3,32.5,0,1,Pending,0,5,0,0,image_pull_error
9,85.1,72.9,0,2,CrashLoopBackOff,0,0,0,4,probe_failure
8,82.0,45.2,0,1,CrashLoopBackOff,0,0,0,5,probe_failure
6,75.0,77.1,0,2,CrashLoopBackOff,0,0,0,2,probe_failure
8,60.8,73.5,0,1,CrashLoopBackOff,0,0,0,5,probe_failure
0,6.2,18.6,1,0,Running,0,0,0,0,healthy
9,76.0,78.4,0,1,Error,0,0,0,3,probe_failure
0,3.5,12.6,0,0,ErrImagePull,0,3,0,1,image_pull_error
1,26.8,50.9,1,0,Running,0,0,0,0,healthy
3,38.2,85.3,1,141,CrashLoopBackOff,5,0,0,1,oom_killed
0,30.3,27.2,1,0,Running,0,0,0,0,healthy
0,17.2,46.4,1,0,Running,0,0,0,1,healthy
0,40.2,22.6,1,0,Running,0,0,0,1,healthy
0,2.9,52.0,1,0,Running,0,0,0,1,healthy
0,18.5,33.8,1,0,Running,0,0,0,0,healthy
0,17.6,47.9,1,0,Running,0,0,0,0,healthy
10,76.3,59.8,0,1,Error,0,0,0,6,probe_failure
8,70.1,82.6,0,1,CrashLoopBackOff,0,0,0,5,probe_failure
0,9.2,13.7,0,0,ContainerCreating,0,0,4,0,scheduling_failure
1,0.0,68.0,1,0,Unknown,0,0,0,0,healthy
6,90.8,77.8,0,1,Error,0,0,0,5,probe_failure
0,39.5,50.8,1,0,Running,0,0,0,0,healthy
5,45.6,84.6,0,134,CrashLoopBackOff,3,0,0,2,oom_killed
0,59.3,31.5,1,0,Running,0,0,0,0,healthy
0,23.8,43.2,0,0,Running,0,0,0,0,healthy
1,13.7,16.3,0,1,ErrImagePull,0,0,0,1,image_pull_error
9,78.4,71.1,0,1,Error,0,0,0,3,probe_failure
4,76.7,71.8,0,1,CrashLoopBackOff,0,0,0,5,probe_failure
9,67.9,68.1,0,1,CrashLoopBackOff,0,0,0,4,probe_failure
1,64.1,56.4,0,1,Running,0,0,0,1,probe_failure
6,67.0,81.6,0,1,Error,0,0,0,3,crash_loop
0,10.1,24.0,0,0,Pending,0,5,0,0,image_pull_error
0,11.3,7.6,0,0,Unschedulable,0,0,8,0,scheduling_failure
3,69.4,94.1,0,138,CrashLoopBackOff,2,0,0,0,oom_killed
0,13.4,55.4,1,0,Running,0,0,0,1,healthy
0,22.8,43.2,1,0,Unknown,0,0,0,0,healthy
2,57.5,58.1,0,1,CrashLoopBackOff,0,0,0,6,probe_failure
0,14.6,9.6,0,0,Pending,0,0,4,1,scheduling_failure
0,6.7,15.4,0,0,ErrImagePull,0,2,0,1,image_pull_error
0,11.0,33.7,1,0,Running,0,0,0,0,healthy
1,44.0,38.6,1,0,Running,0,0,0,0,healthy
0,14.0,38.3,1,0,Running,0,0,0,0,healthy
0,10.6,14.0,0,0,Unschedulable,0,0,6,1,scheduling_failure
5,87.7,88.0,0,1,Error,0,0,0,6,probe_failure
3,43.4,77.8,0,136,Error,5,0,0,1,oom_killed
0,39.3,62.6,1,0,Unknown,0,0,0,0,healthy
6,22.6,69.0,0,1,Error,0,0,0,3,scheduling_failure
1,30.2,25.4,1,0,Running,0,0,0,1,healthy
10,76.8,74.2,0,1,CrashLoopBackOff,0,0,0,3,probe_failure
0,9.5,19.3,0,0,ErrImagePull,0,4,0,0,crash_loop
0,40.1,46.3,1,0,Running,0,0,0,0,healthy
0,38.3,49.0,1,0,Running,0,0,0,1,healthy
1,34.8,6.3,1,0,Running,0,0,0,0,healthy
4,47.9,77.3,0,83,Error,3,0,0,3,oom_killed
0,11.4,20.9,1,0,Running,0,0,0,0,healthy
3,37.2,85.9,0,136,OOMKilled,2,0,0,2,oom_killed
8,76.3,85.0,0,1,CrashLoopBackOff,0,0,0,3,probe_failure
1,41.4,26.7,1,0,Running,0,0,0,0,healthy
8,54.4,62.9,0,1,Running,0,0,0,5,crash_loop
9,69.4,42.6,0,1,Error,0,0,0,4,crash_loop
3,40.4,95.9,0,137,Error,3,0,0,2,oom_killed
0,32.6,38.9,1,0,Unknown,0,0,0,0,healthy
1,27.5,39.6,1,0,Running,0,0,0,1,healthy
0,23.1,33.7,1,0,Running,0,0,0,0,healthy
3,36.2,86.6,0,135,Error,2,0,0,4,oom_killed
1,45.2,71.6,0,1,CrashLoopBackOff,0,0,0,5,probe_failure
8,77.0,60.7,0,1,CrashLoopBackOff,0,0,0,6,probe_failure
9,68.1,68.8,0,0,CrashLoopBackOff,0,0,0,4,probe_failure
1,15.8,38.5,1,0,Unknown,0,0,0,0,healthy
0,32.9,72.5,1,0,Running,0,0,0,0,healthy
2,38.7,64.3,0,1,Running,0,0,0,6,scheduling_failure
0,47.2,50.6,0,1,CrashLoopBackOff,0,0,0,9,probe_failure
0,9.4,9.5,0,0,ErrImagePull,0,4,0,0,image_pull_error
2,17.3,56.0,1,0,Running,0,0,0,1,healthy
0,45.7,54.4,1,0,Running,0,0,0,0,healthy
0,6.9,23.0,0,0,ImagePullBackOff,0,6,0,0,image_pull_error
13,44.6,87.3,0,1,CrashLoopBackOff,0,0,0,2,crash_loop
3,46.3,61.5,0,0,CrashLoopBackOff,0,0,0,3,probe_failure
5,70.8,58.7,0,1,Error,0,0,0,4,probe_failure
12,80.5,67.2,0,1,CrashLoopBackOff,0,0,0,5,probe_failure
5,76.1,83.6,0,1,CrashLoopBackOff,0,0,0,3,crash_loop
0,8.4,29.7,1,0,Running,0,0,0,0,healthy
0,11.9,41.0,1,0,Running,0,0,0,1,healthy
0,18.6,22.5,1,0,Running,0,0,0,0,healthy
1,10.0,23.4,0,0,Unschedulable,0,0,4,0,crash_loop
1,45.9,44.9,0,0,CrashLoopBackOff,0,0,0,3,crash_loop
6,75.7,79.5,0,1,CrashLoopBackOff,0,0,0,4,probe_failure
0,29.2,39.7,1,0,Running,0,0,0,0,healthy
0,5.4,14.5,0,0,ErrImagePull,0,4,0,0,image_pull_error
1,37.4,89.1,0,0,Error,0,0,0,2,probe_failure
0,28.3,59.7,1,0,Unknown,0,0,0,0,healthy
0,16.7,18.7,0,0,ImagePullBackOff,0,3,0,0,image_pull_error
0,7.3,16.8,0,0,Pending,0,0,4,0,scheduling_failure
9,65.5,65.6,0,1,CrashLoopBackOff,0,0,0,2,probe_failure
1,7.9,27.3,0,0,Pending,0,0,1,0,scheduling_failure
0,7.8,34.3,0,0,Unschedulable,0,0,6,0,scheduling_failure
3,36.1,52.8,0,1,Error,0,0,0,5,probe_failure
2,39.5,30.7,0,0,Error,0,0,0,6,probe_failure
3,64.2,38.3,0,1,CrashLoopBackOff,0,0,0,7,probe_failure
1,68.1,60.8,0,142,Error,6,0,0,3,oom_killed
0,50.1,56.7,0,0,Running,0,0,0,3,probe_failure
1,40.8,31.8,1,0,Unknown,0,0,0,0,healthy
13,76.3,74.2,0,2,CrashLoopBackOff,0,0,0,5,probe_failure
0,1.7,15.7,0,0,Unschedulable,0,0,5,0,scheduling_failure
0,30.4,34.3,1,0,Running,0,0,0,0,healthy
0,15.3,32.4,1,0,Running,0,0,0,0,healthy
6,72.4,60.1,1,2,CrashLoopBackOff,0,0,0,3,probe_failure
0,12.9,28.7,0,0,ContainerCreating,0,0,7,0,scheduling_failure
7,80.3,65.6,0,1,CrashLoopBackOff,0,0,0,2,probe_failure
2,62.0,77.1,0,0,Running,0,0,0,5,probe_failure
10,81.2,69.3,0,1,Error,0,0,0,2,probe_failure
8,85.0,65.0,0,1,CrashLoopBackOff,0,0,0,4,probe_failure
0,31.5,10.9,1,0,Running,0,0,0,0,healthy
9,76.6,70.0,0,1,CrashLoopBackOff,0,0,0,3,probe_failure
0,46.4,28.9,1,0,Running,0,0,0,0,healthy
3,64.1,49.0,0,1,CrashLoopBackOff,0,0,0,1,probe_failure
3,56.9,79.5,0,135,CrashLoopBackOff,3,0,0,2,oom_killed
0,39.2,35.7,1,0,Running,0,0,0,0,healthy
7,72.1,74.7,0,0,Error,0,0,0,5,probe_failure
13,57.0,66.6,0,2,CrashLoopBackOff,0,0,0,10,crash_loop
1,47.8,44.8,1,0,Running,0,0,0,0,healthy
6,75.5,68.1,0,1,Error,0,0,0,4,probe_failure
7,94.7,100.0,0,2,Running,0,0,0,2,crash_loop
2,41.6,47.4,0,1,Error,0,0,0,7,probe_failure
3,36.1,71.1,0,1,CrashLoopBackOff,0,0,0,10,probe_failure
0,31.7,50.0,1,0,Running,0,0,0,0,healthy
9,71.4,72.3,0,1,CrashLoopBackOff,0,0,0,2,probe_failure
8,45.6,63.6,0,1,CrashLoopBackOff,0,0,0,5,crash_loop
3,80.5,100.0,0,2,CrashLoopBackOff,0,0,0,5,crash_loop
9,69.1,63.4,0,1,CrashLoopBackOff,0,0,0,6,probe_failure
4,62.3,75.5,0,0,CrashLoopBackOff,0,0,0,5,probe_failure
0,12.3,39.3,1,0,Unknown,0,0,0,1,healthy
11,75.1,66.2,0,2,CrashLoopBackOff,0,0,0,6,probe_failure
4,35.5,54.1,0,0,Running,0,0,0,4,probe_failure
2,52.1,46.4,0,0,Running,0,0,0,10,probe_failure
3,85.6,51.7,0,1,Error,0,0,0,4,crash_loop
1,14.4,16.7,0,0,ImagePullBackOff,0,5,0,0,image_pull_error
0,24.5,55.6,1,0,Running,0,0,0,0,healthy
0,3.2,22.8,0,0,ContainerCreating,0,0,7,0,scheduling_failure
0,15.0,39.8,1,0,Running,0,0,0,0,healthy
0,21.4,20.2,0,0,Pending,0,5,0,1,image_pull_error
10,39.2,31.7,0,0,Running,0,0,0,0,crash_loop
0,16.7,12.1,0,0,ErrImagePull,0,5,0,0,image_pull_error
10,83.3,64.2,0,1,CrashLoopBackOff,0,0,0,4,probe_failure
0,20.2,47.9,1,0,Running,0,0,0,0,oom_killed
1,48.1,87.7,0,136,CrashLoopBackOff,4,0,0,1,oom_killed
3,55.3,98.9,1,145,CrashLoopBackOff,0,0,0,0,oom_killed
3,72.7,45.3,1,0,CrashLoopBackOff,0,0,0,4,probe_failure
8,65.6,70.3,0,1,CrashLoopBackOff,0,0,0,5,probe_failure
2,58.6,75.1,0,2,Error,0,0,0,4,crash_loop
5,73.8,66.6,0,1,CrashLoopBackOff,0,0,0,5,probe_failure
1,13.9,19.3,0,1,Pending,0,7,0,0,image_pull_error
7,74.4,67.3,0,2,CrashLoopBackOff,0,0,0,4,probe_failure
4,46.8,74.2,0,136,Error,2,0,0,3,oom_killed
0,4.8,14.0,0,0,ImagePullBackOff,0,5,0,2,image_pull_error
4,77.8,72.4,0,2,CrashLoopBackOff,0,0,0,6,crash_loop
6,68.9,69.4,0,1,CrashLoopBackOff,0,0,0,6,probe_failure
4,78.3,67.3,1,1,Running,0,0,0,6,crash_loop
10,64.8,84.2,0,0,Running,0,0,0,6,crash_loop
10,73.7,76.7,0,1,CrashLoopBackOff,0,0,0,4,probe_failure
1,14.9,43.8,1,0,Running,0,0,0,0,healthy
5,75.1,65.4,0,2,Error,0,0,0,4,probe_failure
6,81.7,69.3,0,1,Error,0,0,0,5,probe_failure
1,32.6,69.7,1,0,Running,0,0,0,0,healthy
0,25.0,41.2,1,0,Running,0,0,0,0,healthy
0,8.3,11.9,0,0,Pending,0,7,0,0,image_pull_error
0,3.5,52.9,1,0,Running,0,0,0,0,healthy
0,21.7,20.2,1,1,ErrImagePull,0,7,0,0,image_pull_error
0,28.3,55.5,1,0,Running,0,0,0,1,healthy
0,50.9,7.4,1,0,Running,0,0,0,0,healthy
0,17.4,47.4,1,0,Running,0,0,0,1,healthy
0,37.2,49.4,0,0,Running,0,0,0,0,healthy
1,16.6,45.9,1,0,Unknown,0,0,0,1,healthy
0,7.2,6.2,0,0,Pending,0,0,7,0,scheduling_failure
0,49.4,58.6,1,0,Running,0,0,0,1,healthy
0,32.1,54.1,0,0,CrashLoopBackOff,0,0,0,6,probe_failure
5,91.3,68.5,0,2,Running,0,0,0,8,crash_loop
1,30.1,43.1,1,0,Running,0,0,0,0,healthy
0,23.0,44.0,1,0,Unknown,0,0,0,1,healthy
9,64.1,76.5,0,1,Error,0,0,0,3,probe_failure
1,25.8,42.2,1,0,Unknown,0,0,0,0,healthy
0,22.6,50.1,1,0,Running,0,0,0,0,healthy
10,71.8,64.9,0,1,CrashLoopBackOff,0,0,0,5,probe_failure
1,24.9,36.7,1,0,Running,0,0,0,0,healthy
2,38.5,47.4,1,0,CrashLoopBackOff,0,0,0,6,probe_failure
0,16.5,59.8,1,0,Running,0,0,0,0,image_pull_error
5,76.2,77.6,0,135,CrashLoopBackOff,0,0,0,2,oom_killed
0,27.2,51.5,1,0,Unknown,0,0,0,1,healthy
2,43.9,50.4,0,0,Running,0,0,0,7,probe_failure
0,20.8,13.8,0,0,ErrImagePull,0,4,0,0,image_pull_error
0,42.5,82.6,0,135,CrashLoopBackOff,1,0,0,3,oom_killed
1,62.7,52.2,0,0,Running,0,0,0,5,crash_loop
1,13.8,19.2,1,0,Unknown,0,0,0,1,healthy
0,33.9,27.5,1,0,Running,0,0,0,0,healthy
0,11.2,29.6,1,0,Running,0,0,0,0,healthy
0,6.0,0.0,0,0,Unschedulable,0,0,7,1,scheduling_failure
0,7.7,21.7,0,0,ImagePullBackOff,0,3,0,0,image_pull_error
5,52.7,49.5,0,2,Error,0,0,0,4,crash_loop
5,87.3,86.5,0,1,Error,0,0,0,8,crash_loop
12,69.2,82.1,0,1,CrashLoopBackOff,0,0,0,1,probe_failure
1,7.4,4.6,0,0,ImagePullBackOff,0,3,0,1,image_pull_error
3,66.8,53.1,0,1,CrashLoopBackOff,0,0,0,4,probe_failure
6,79.8,82.2,0,1,CrashLoopBackOff,0,0,0,4,probe_failure
2,38.6,47.7,0,0,Error,0,0,0,0,probe_failure
7,76.8,69.9,0,1,CrashLoopBackOff,0,0,0,3,probe_failure
0,6.1,41.6,1,0,Running,0,0,0,0,healthy
7,76.9,60.4,0,1,Error,0,0,0,5,probe_failure
1,10.7,32.8,1,0,Unknown,0,0,0,0,healthy
0,13.8,8.3,1,0,ImagePullBackOff,0,5,0,0,image_pull_error
10,63.6,79.3,0,2,CrashLoopBackOff,0,0,0,1,crash_loop
0,19.3,51.0,1,0,Unknown,0,0,0,0,healthy
0,18.7,50.9,1,0,Running,0,0,0,1,healthy
10,77.6,75.9,0,1,CrashLoopBackOff,0,0,0,4,probe_failure
0,36.0,47.0,1,0,Running,0,0,0,0,healthy
11,47.5,62.1,0,1,Running,0,0,0,3,crash_loop
0,33.0,48.5,1,0,Unknown,0,0,0,0,healthy
4,68.5,67.0,0,1,CrashLoopBackOff,0,0,0,4,probe_failure
3,92.5,86.9,0,2,Running,0,0,0,4,crash_loop
6,70.5,78.1,0,1,CrashLoopBackOff,0,0,0,3,probe_failure
8,68.5,67.2,0,1,Error,0,0,0,3,probe_failure
1,69.2,58.0,0,0,Running,0,0,0,5,probe_failure
0,30.6,42.8,1,0,Unknown,0,0,0,0,healthy
1,30.8,47.9,1,0,Unknown,0,0,0,0,healthy
12,81.3,59.5,0,1,CrashLoopBackOff,0,0,0,0,crash_loop
0,17.7,18.0,0,0,Pending,0,5,0,0,scheduling_failure
0,6.2,10.1,0,0,Unschedulable,0,0,7,1,scheduling_failure
0,26.3,35.0,1,0,Unknown,0,0,0,0,healthy
1,17.8,8.1,0,0,Pending,0,0,7,0,scheduling_failure
9,74.5,79.8,0,1,CrashLoopBackOff,0,0,0,4,probe_failure
1,26.3,51.2,1,0,Running,0,0,0,0,healthy
0,7.6,11.4,0,1,Pending,0,0,0,1,image_pull_error
11,71.4,59.5,0,1,CrashLoopBackOff,0,0,0,5,probe_failure
0,11.9,19.0,0,0,ImagePullBackOff,0,3,0,0,image_pull_error
8,76.4,62.4,0,1,CrashLoopBackOff,0,0,0,3,probe_failure
0,18.5,46.4,1,0,Running,0,0,0,0,healthy
1,71.4,87.3,0,143,OOMKilled,3,0,0,2,oom_killed
5,57.5,74.1,1,88,Error,1,0,0,3,oom_killed
3,45.5,100.0,0,140,CrashLoopBackOff,2,0,0,3,oom_killed
0,17.8,66.9,0,0,Error,0,0,0,0,probe_failure
0,3.5,13.8,0,0,Pending,0,0,10,0,scheduling_failure
0,31.6,29.3,1,0,Running,0,0,0,1,healthy
1,41.3,25.3,1,0,Unknown,0,0,0,0,healthy
1,15.3,32.7,1,0,Running,0,0,0,0,healthy
6,58.3,60.6,0,1,CrashLoopBackOff,0,0,0,2,crash_loop
0,18.2,35.5,1,0,Running,0,0,0,0,healthy
1,51.6,45.7,1,0,Running,0,0,0,1,healthy
10,72.4,69.7,0,1,CrashLoopBackOff,0,0,0,5,probe_failure
6,65.9,61.1,0,0,Error,0,0,0,4,crash_loop
8,77.9,78.6,0,0,CrashLoopBackOff,0,0,0,3,probe_failure
0,10.1,7.2,0,0,ContainerCreating,0,0,5,0,scheduling_failure
0,27.7,37.8,1,0,Unknown,0,0,0,0,healthy
0,55.7,60.7,0,1,CrashLoopBackOff,0,0,0,9,probe_failure
6,79.3,69.3,0,1,CrashLoopBackOff,0,0,0,4,probe_failure
1,30.3,46.2,1,0,Running,0,0,0,0,healthy
0,45.4,48.7,1,0,Unknown,0,0,0,0,healthy
3,48.2,100.0,0,135,OOMKilled,2,0,0,3,oom_killed
0,7.8,21.2,0,0,Pending,0,0,7,0,scheduling_failure
3,61.2,89.8,0,142,CrashLoopBackOff,1,0,0,3,oom_killed
0,6.6,20.9,0,0,Pending,0,7,0,0,image_pull_error
1,33.7,59.5,1,0,Running,0,0,0,10,probe_failure
9,72.9,83.1,0,0,CrashLoopBackOff,0,0,0,5,probe_failure
1,12.6,41.1,1,0,Unknown,0,0,0,0,healthy
3,51.3,66.1,0,90,CrashLoopBackOff,1,0,0,3,oom_killed
13,69.5,74.9,0,0,CrashLoopBackOff,0,0,0,6,probe_failure
0,10.0,15.3,0,0,ContainerCreating,0,0,5,1,scheduling_failure
0,3.7,54.4,1,0,Running,0,0,0,0,healthy
1,25.2,30.5,1,0,Running,0,0,0,1,healthy
2,78.2,93.5,0,139,CrashLoopBackOff,4,0,0,1,oom_killed
1,40.1,32.3,1,0,Running,0,0,0,1,healthy
7,45.7,81.2,0,2,Running,0,0,0,10,crash_loop
4,72.3,51.6,1,0,CrashLoopBackOff,0,0,0,4,probe_failure
0,9.0,10.0,0,0,Pending,0,0,8,0,scheduling_failure
11,65.2,73.9,0,0,Running,0,0,0,3,crash_loop
2,57.3,64.7,0,1,Running,0,0,0,2,probe_failure
3,59.9,89.0,0,89,Error,3,0,0,1,oom_killed
1,18.5,43.3,1,0,Running,0,0,0,1,healthy
0,10.4,8.3,0,0,ErrImagePull,0,2,0,0,image_pull_error
1,33.1,32.0,1,0,Running,0,0,0,0,healthy
0,3.6,9.0,0,0,ImagePullBackOff,0,0,0,0,image_pull_error
10,58.3,56.5,0,1,Running,0,0,0,6,crash_loop
0,34.9,60.9,1,0,Unknown,0,0,0,0,healthy
0,3.3,8.3,0,0,Pending,0,0,1,0,scheduling_failure
0,12.5,20.1,0,0,Unschedulable,0,0,6,0,scheduling_failure
8,88.4,59.3,1,4,CrashLoopBackOff,0,0,0,3,crash_loop
0,93.9,86.3,0,0,Running,0,0,0,5,crash_loop
9,88.3,53.6,0,1,CrashLoopBackOff,0,0,0,5,probe_failure
10,78.3,63.6,0,1,CrashLoopBackOff,0,0,0,6,probe_failure
0,2.8,23.5,1,0,Pending,0,0,5,0,scheduling_failure
0,18.6,42.7,1,0,Unknown,0,0,0,0,healthy
0,20.4,33.0,1,0,Running,0,0,0,1,healthy
0,6.5,39.3,1,0,Running,0,0,0,0,healthy
0,24.6,36.7,1,0,Running,0,0,0,0,healthy
4,43.2,100.0,0,139,CrashLoopBackOff,4,0,0,4,oom_killed
9,97.9,79.7,0,1,CrashLoopBackOff,0,0,0,2,crash_loop
2,61.2,77.6,0,140,CrashLoopBackOff,3,0,0,2,oom_killed
6,61.6,78.3,0,1,Error,0,0,0,4,probe_failure
0,16.7,40.6,1,0,Unknown,0,0,0,0,healthy
0,17.3,37.2,1,0,Unknown,0,0,0,1,healthy
0,20.8,41.3,1,0,Running,0,0,0,0,healthy
7,70.4,65.9,1,1,CrashLoopBackOff,0,0,0,4,probe_failure
7,79.2,71.6,0,1,Error,0,0,0,4,probe_failure
2,50.4,67.0,0,0,Error,0,0,0,4,probe_failure
1,10.2,28.7,0,0,ContainerCreating,0,0,4,0,scheduling_failure
3,44.7,75.1,1,140,OOMKilled,1,0,0,1,oom_killed
1,15.4,40.5,1,0,Unknown,0,0,0,0,healthy
8,79.0,66.5,0,1,Error,0,0,0,6,probe_failure
8,62.3,73.2,0,1,CrashLoopBackOff,0,0,0,0,crash_loop
1,4.3,25.1,0,0,Pending,0,2,0,0,image_pull_error
1,19.5,29.5,1,0,Unknown,0,0,0,1,healthy
0,19.8,41.9,1,0,Running,0,0,0,1,healthy
0,15.7,25.5,0,1,ErrImagePull,0,5,0,0,image_pull_error
9,75.3,75.5,0,0,CrashLoopBackOff,0,0,0,5,probe_failure
0,38.1,63.5,1,0,Running,0,0,0,0,healthy
16,49.0,26.1,0,4,Error,0,0,0,3,crash_loop
0,28.5,40.6,1,0,Running,0,0,0,0,healthy
1,1.4,28.0,0,0,ContainerCreating,0,0,6,1,scheduling_failure
0,20.1,62.5,1,0,Running,0,0,0,1,healthy
0,72.5,90.2,0,135,Error,4,0,0,0,oom_killed
3,44.1,97.2,0,134,CrashLoopBackOff,4,0,0,3,oom_killed
9,75.3,74.5,0,2,Error,0,0,0,4,probe_failure
0,15.8,46.7,1,0,Running,0,0,0,1,healthy
0,17.0,43.5,1,0,Running,0,0,0,0,healthy
0,15.2,48.1,1,0,Running,0,0,0,0,healthy
0,0.0,41.0,1,0,Running,0,0,0,0,healthy
0,47.7,63.6,1,0,Running,0,0,0,0,healthy
4,64.8,47.8,0,0,Error,0,0,0,1,crash_loop
9,72.3,72.2,0,1,CrashLoopBackOff,0,0,0,3,probe_failure
7,36.9,27.5,1,1,Running,0,0,0,5,crash_loop
4,67.3,98.7,0,99,CrashLoopBackOff,1,0,0,2,oom_killed
1,41.2,48.4,1,0,Running,0,0,0,1,healthy
10,36.5,68.0,0,0,Error,0,0,0,4,crash_loop
7,88.3,53.5,0,1,Error,0,0,0,5,probe_failure
1,56.5,48.6,0,1,Running,0,0,0,2,probe_failure
4,66.6,64.7,0,139,CrashLoopBackOff,1,0,0,2,oom_killed
1,75.2,67.6,0,0,CrashLoopBackOff,0,0,0,5,probe_failure
0,15.5,16.6,0,0,Pending,0,0,4,1,scheduling_failure
6,69.6,66.7,0,0,CrashLoopBackOff,0,0,0,5,probe_failure
0,10.0,63.8,1,0,Unknown,0,0,0,0,healthy
0,33.1,51.1,1,0,Unknown,0,0,0,0,healthy
2,53.5,81.0,0,139,CrashLoopBackOff,2,0,0,2,oom_killed
9,81.8,71.0,0,0,Error,0,0,0,3,probe_failure
2,71.9,94.9,0,86,Error,4,0,0,2,oom_killed
0,20.1,26.7,1,0,Running,0,0,0,0,healthy
0,20.1,21.8,1,0,Running,0,0,0,0,healthy
0,23.9,50.1,1,0,Running,0,0,0,0,healthy
8,79.2,68.9,0,1,CrashLoopBackOff,0,0,0,6,probe_failure
7,80.0,81.5,0,1,CrashLoopBackOff,0,0,0,4,probe_failure
3,38.0,97.6,0,135,OOMKilled,2,0,0,2,oom_killed
0,37.1,32.5,1,0,Running,0,0,0,1,healthy
5,91.4,82.3,0,1,Error,0,0,0,2,crash_loop
1,25.6,35.5,1,0,Running,0,0,0,0,healthy
0,41.9,45.2,0,1,Error,0,0,0,4,probe_failure
3,43.1,82.4,0,133,CrashLoopBackOff,3,0,0,0,oom_killed
1,12.2,67.1,1,0,Running,0,0,0,1,healthy
9,73.9,73.9,0,1,CrashLoopBackOff,0,0,0,4,probe_failure
2,57.3,65.2,0,0,CrashLoopBackOff,0,0,0,6,probe_failure
13,96.9,87.9,0,0,CrashLoopBackOff,0,0,0,6,crash_loop
0,46.5,100.0,0,91,OOMKilled,2,0,0,0,oom_killed
1,48.0,42.4,1,0,Running,0,0,0,1,healthy
1,30.3,43.7,1,0,Running,0,0,0,0,healthy
1,10.5,8.0,0,0,Pending,0,5,0,0,image_pull_error
0,12.3,21.7,0,0,Pending,0,1,0,0,image_pull_error
8,68.6,74.2,0,1,CrashLoopBackOff,0,0,0,3,probe_failure
0,3.9,12.3,0,0,ImagePullBackOff,0,6,0,0,image_pull_error
0,30.0,35.3,1,0,Unknown,0,0,0,0,healthy
4,75.9,66.4,0,1,Running,0,0,0,6,probe_failure
0,7.1,16.4,0,0,Unschedulable,0,0,4,0,scheduling_failure
7,81.4,67.5,0,1,CrashLoopBackOff,0,0,0,3,probe_failure
0,20.7,49.2,1,0,Running,0,0,0,0,healthy
9,81.5,67.4,0,2,Error,0,0,0,4,probe_failure
8,78.1,79.4,0,1,CrashLoopBackOff,0,0,0,5,probe_failure
1,62.9,64.1,1,1,Error,0,0,0,4,probe_failure
2,51.5,54.2,0,0,CrashLoopBackOff,0,0,0,3,probe_failure
0,0.3,19.8,0,1,ErrImagePull,0,6,0,1,image_pull_error
4,73.5,80.3,0,93,Error,1,0,0,1,oom_killed
4,48.0,94.2,0,87,CrashLoopBackOff,1,0,0,1,oom_killed
8,62.2,66.9,0,0,CrashLoopBackOff,0,0,0,5,probe_failure
1,12.3,5.0,0,0,Unschedulable,0,0,9,0,scheduling_failure
4,43.3,78.7,0,94,CrashLoopBackOff,0,0,0,2,oom_killed
9,89.7,60.9,0,1,CrashLoopBackOff,0,0,0,5,probe_failure
3,66.6,84.6,1,137,Error,3,0,0,3,oom_killed
7,69.9,78.3,0,1,CrashLoopBackOff,0,0,0,5,probe_failure
8,90.1,83.8,0,0,CrashLoopBackOff,0,0,0,4,probe_failure
0,62.5,28.4,1,0,Unknown,0,0,0,0,healthy
0,10.6,9.5,0,0,Pending,0,0,5,0,scheduling_failure
1,3.5,44.4,1,0,Running,0,0,0,0,healthy
0,24.6,26.9,1,0,Running,0,0,0,0,healthy
3,78.4,73.3,0,1,CrashLoopBackOff,0,0,0,3,probe_failure
0,20.6,9.9,0,0,ErrImagePull,0,5,0,0,image_pull_error
0,23.4,51.0,1,0,Running,0,0,0,0,healthy
8,72.2,67.8,0,1,CrashLoopBackOff,0,0,0,3,probe_failure
2,59.6,68.3,0,0,CrashLoopBackOff,0,0,0,3,probe_failure
6,81.3,67.6,0,0,CrashLoopBackOff,0,0,0,3,probe_failure
0,8.9,23.0,0,0,ImagePullBackOff,0,4,0,0,image_pull_error
0,14.6,0.0,0,1,ImagePullBackOff,0,5,0,0,image_pull_error
2,44.6,33.5,0,0,Error,0,0,0,0,probe_failure
0,18.8,27.5,1,0,Running,0,0,0,0,healthy
8,81.7,71.8,0,1,CrashLoopBackOff,0,0,0,1,probe_failure
10,70.6,89.8,1,1,Running,0,0,0,2,crash_loop
0,9.1,55.5,1,0,Unknown,0,0,0,0,healthy
0,17.7,31.7,1,0,Unknown,0,0,0,0,healthy
0,6.1,21.3,0,0,ErrImagePull,0,6,0,1,image_pull_error
1,23.7,48.7,1,0,Running,0,0,0,1,healthy
0,21.6,22.2,1,0,Unknown,0,0,0,0,healthy
0,0.0,16.6,1,0,Unknown,0,0,0,0,healthy
0,32.0,73.8,1,0,Running,0,0,0,0,healthy
0,7.3,24.8,0,0,Pending,0,3,0,0,image_pull_error
2,73.3,66.1,0,138,OOMKilled,6,0,0,0,oom_killed
0,18.2,55.1,1,0,Unknown,0,0,0,0,healthy
7,90.3,74.9,0,1,CrashLoopBackOff,0,0,0,4,probe_failure
3,55.5,93.9,0,136,CrashLoopBackOff,0,0,0,2,oom_killed
6,76.3,78.2,0,1,CrashLoopBackOff,0,0,0,3,probe_failure
8,27.1,61.8,0,0,Error,0,0,0,8,crash_loop
1,41.5,34.4,1,0,Running,0,0,0,0,healthy
0,6.7,20.5,0,0,ImagePullBackOff,0,4,0,0,image_pull_error
0,7.0,13.1,0,0,ImagePullBackOff,0,8,0,0,image_pull_error
1,44.6,41.5,1,0,Running,0,0,0,1,healthy
0,26.0,33.3,1,0,Running,0,0,0,0,healthy
11,81.8,75.7,0,1,CrashLoopBackOff,0,0,0,6,probe_failure
0,1.3,19.4,0,0,Pending,0,0,6,0,scheduling_failure
6,58.7,60.0,0,0,Running,0,0,0,1,crash_loop
4,61.8,95.0,0,0,Error,0,0,0,0,crash_loop
5,74.2,91.1,0,2,Running,0,0,0,5,crash_loop
8,82.4,72.7,0,1,CrashLoopBackOff,0,0,0,2,probe_failure
1,9.5,46.9,1,0,Running,0,0,0,1,healthy
0,15.5,13.1,0,0,Pending,0,3,0,1,image_pull_error
0,20.1,32.3,1,0,Unknown,0,0,0,0,healthy
7,70.3,56.5,0,1,CrashLoopBackOff,0,0,0,4,probe_failure
4,50.2,90.4,0,88,CrashLoopBackOff,5,0,0,0,oom_killed
8,65.9,93.6,0,0,CrashLoopBackOff,0,0,0,5,crash_loop
9,61.1,66.6,0,1,CrashLoopBackOff,0,0,0,4,probe_failure
3,29.8,85.3,0,138,CrashLoopBackOff,3,0,0,3,oom_killed
0,25.5,42.0,1,0,Running,0,0,0,0,healthy
0,36.6,30.3,1,0,Running,0,0,0,0,healthy
0,38.3,35.5,1,0,Running,0,0,0,0,healthy
1,0.2,7.5,0,0,Pending,0,6,0,1,image_pull_error
3,40.1,82.4,0,138,OOMKilled,1,0,0,2,oom_killed
1,71.6,90.1,0,88,OOMKilled,3,0,0,1,oom_killed
1,41.5,45.3,0,0,Running,0,0,0,3,probe_failure
3,64.7,89.2,0,0,Running,0,0,0,4,crash_loop
3,41.2,76.6,0,141,OOMKilled,1,0,0,2,oom_killed
6,71.0,66.7,0,0,CrashLoopBackOff,0,0,0,3,probe_failure
2,54.9,99.8,0,138,Error,1,0,0,1,oom_killed
0,12.9,25.4,0,0,ErrImagePull,0,8,0,0,image_pull_error
1,54.5,55.8,0,0,Error,0,0,0,4,probe_failure
0,12.3,46.8,1,0,Unknown,0,0,0,1,healthy
0,27.0,21.7,1,0,Running,0,0,0,0,healthy
0,40.0,33.5,1,0,Running,0,0,0,0,healthy
0,10.5,17.1,0,0,ErrImagePull,0,8,0,1,image_pull_error
5,62.2,74.4,0,0,CrashLoopBackOff,0,0,0,9,crash_loop
3,36.7,72.8,0,137,OOMKilled,3,0,0,1,oom_killed
0,2.7,7.3,1,0,ImagePullBackOff,0,3,0,0,image_pull_error
6,72.0,68.7,0,2,CrashLoopBackOff,0,0,0,4,probe_failure
8,67.5,72.5,0,1,CrashLoopBackOff,0,0,0,3,probe_failure
10,87.2,69.5,0,0,CrashLoopBackOff,0,0,0,4,probe_failure
2,69.2,91.7,0,135,Error,6,0,0,2,oom_killed
0,31.9,40.8,1,0,Running,0,0,0,0,probe_failure
1,26.6,42.0,1,0,Running,0,0,0,0,healthy
8,74.1,74.8,0,1,CrashLoopBackOff,0,0,0,4,probe_failure
0,19.8,19.7,0,0,ErrImagePull,0,3,0,1,image_pull_error
1,30.6,34.4,1,0,Running,0,0,0,0,healthy
1,52.0,85.1,0,1,Running,0,0,0,3,crash_loop
8,73.6,76.0,0,1,Error,0,0,0,5,probe_failure
10,74.3,62.6,0,0,Error,0,0,0,7,crash_loop
1,28.2,27.0,1,0,Running,0,0,0,0,healthy
7,62.7,100.0,0,145,OOMKilled,3,0,0,2,oom_killed
4,54.7,67.3,0,1,Error,0,0,0,4,probe_failure
2,47.2,57.2,0,0,CrashLoopBackOff,0,0,0,7,probe_failure
7,85.8,62.3,0,1,CrashLoopBackOff,0,0,0,6,probe_failure
9,66.8,71.9,0,1,CrashLoopBackOff,0,0,0,4,probe_failure
0,11.7,11.6,0,0,Unschedulable,0,0,5,0,scheduling_failure
5,58.0,92.9,0,139,OOMKilled,1,0,0,1,oom_killed
2,44.0,72.9,1,88,OOMKilled,1,0,0,1,oom_killed
2,80.7,53.5,0,1,Error,0,0,0,5,crash_loop
1,10.4,17.7,0,0,ImagePullBackOff,0,0,0,0,image_pull_error
1,14.9,18.4,0,0,ContainerCreating,0,0,3,0,scheduling_failure
1,9.6,12.6,0,0,Pending,0,7,0,0,image_pull_error
1,3.6,24.0,0,0,ImagePullBackOff,0,6,0,0,image_pull_error
10,65.2,85.0,0,1,CrashLoopBackOff,0,0,0,4,probe_failure
1,63.8,65.6,0,137,Error,1,0,0,2,oom_killed
2,59.1,56.3,0,0,CrashLoopBackOff,0,0,0,5,probe_failure
3,42.1,71.5,0,0,CrashLoopBackOff,0,0,0,2,probe_failure
1,37.5,43.9,1,0,Unknown,0,0,0,0,healthy
1,10.4,16.6,0,1,ImagePullBackOff,0,6,0,1,image_pull_error
2,53.5,74.9,0,2,Error,0,0,0,3,crash_loop
6,54.9,59.8,0,138,CrashLoopBackOff,2,0,0,4,oom_killed
0,12.5,12.8,0,0,ContainerCreating,0,0,6,0,scheduling_failure
0,38.8,54.0,1,0,Running,0,0,0,0,healthy
11,76.8,79.9,0,0,CrashLoopBackOff,0,0,0,3,probe_failure
0,62.3,59.1,0,1,Error,0,0,0,5,crash_loop
6,78.3,64.9,0,0,CrashLoopBackOff,0,0,0,3,probe_failure
1,50.3,64.8,0,1,Running,0,0,0,3,probe_failure
0,0.0,44.0,1,0,Unknown,0,0,0,0,healthy
0,51.3,24.9,1,0,Running,0,0,0,0,healthy
4,74.5,75.2,0,1,CrashLoopBackOff,0,0,0,3,probe_failure
7,85.1,64.2,0,2,CrashLoopBackOff,0,0,0,1,crash_loop
7,82.5,92.5,0,1,CrashLoopBackOff,0,0,0,4,probe_failure
2,33.1,62.1,0,1,CrashLoopBackOff,0,0,0,8,probe_failure
1,16.9,20.6,0,0,Unschedulable,0,0,9,0,scheduling_failure
0,4.1,8.3,0,0,Pending,0,0,4,1,scheduling_failure
0,15.3,46.1,1,0,Running,0,0,0,0,probe_failure
2,48.3,52.2,0,0,Running,0,0,0,4,probe_failure
10,61.9,64.4,0,1,CrashLoopBackOff,0,0,0,9,crash_loop
0,51.1,66.1,0,0,CrashLoopBackOff,0,0,0,11,probe_failure
8,67.6,72.5,0,3,Error,0,0,0,0,crash_loop
1,21.0,42.7,1,0,Running,0,0,0,0,healthy
0,30.2,43.8,1,0,Running,0,0,0,0,healthy
3,36.2,51.5,0,1,Error,0,0,0,5,probe_failure
0,11.2,71.2,1,0,Running,0,0,0,1,healthy
0,24.8,48.2,1,0,Running,0,0,0,0,healthy
8,79.2,71.8,0,2,Error,0,0,0,0,crash_loop
3,32.6,64.2,0,0,CrashLoopBackOff,0,0,0,7,probe_failure
0,11.6,55.2,1,0,Running,0,0,0,0,healthy
10,83.4,68.4,0,0,CrashLoopBackOff,0,0,0,5,probe_failure
3,35.0,61.0,0,0,Running,0,0,0,5,probe_failure
8,65.8,69.9,0,1,CrashLoopBackOff,0,0,0,1,probe_failure
1,20.5,19.5,1,0,Unknown,0,0,0,0,healthy
1,49.6,88.9,0,88,CrashLoopBackOff,0,0,0,3,oom_killed
0,10.2,13.6,0,0,Pending,0,7,0,0,image_pull_error
0,31.0,23.1,1,0,Running,0,0,0,1,healthy
7,69.0,61.8,0,1,CrashLoopBackOff,0,0,0,3,probe_failure
1,25.0,34.2,1,0,Running,0,0,0,0,healthy
1,48.1,31.1,1,0,Unknown,0,0,0,0,healthy
0,54.9,73.4,0,87,CrashLoopBackOff,1,0,0,4,oom_killed
0,10.7,50.5,1,0,Unknown,0,0,0,0,healthy
6,71.3,85.1,0,1,Error,0,0,0,3,probe_failure
9,74.8,33.6,0,1,CrashLoopBackOff,0,0,0,5,crash_loop
6,72.7,77.3,0,2,CrashLoopBackOff,0,0,0,3,probe_failure
5,64.3,51.5,0,0,CrashLoopBackOff,0,0,0,1,crash_loop
0,72.4,47.4,0,0,Error,0,0,0,9,probe_failure
1,48.0,41.4,1,0,Running,0,0,0,0,healthy
7,80.0,76.0,0,1,Error,0,0,0,7,probe_failure
1,17.0,35.3,1,0,Unknown,0,0,0,1,healthy
4,73.3,66.3,1,1,Running,0,0,0,6,crash_loop
0,11.3,17.1,0,0,Pending,0,0,2,0,scheduling_failure
1,9.9,19.9,0,0,ContainerCreating,0,0,6,1,scheduling_failure
0,5.2,9.1,0,1,ImagePullBackOff,0,8,0,0,image_pull_error
0,14.5,22.0,0,0,ErrImagePull,0,5,0,0,image_pull_error
0,22.1,40.6,1,0,Unknown,0,0,0,0,healthy
6,86.7,77.1,0,1,CrashLoopBackOff,0,0,0,4,probe_failure
8,72.1,64.0,0,1,Running,0,0,0,5,crash_loop
0,11.7,39.4,0,0,Running,0,0,0,0,healthy
0,18.2,35.2,1,0,Unknown,0,0,0,1,healthy
9,84.9,79.2,1,1,CrashLoopBackOff,0,0,0,3,probe_failure
9,76.8,73.0,0,1,Error,0,0,0,6,probe_failure
0,12.6,14.4,0,0,ImagePullBackOff,0,9,0,0,image_pull_error
0,17.0,14.3,0,1,Pending,0,8,0,1,image_pull_error
5,56.5,90.1,0,88,OOMKilled,3,0,0,2,oom_killed
11,93.1,75.7,0,1,CrashLoopBackOff,0,0,0,3,probe_failure
0,22.9,30.1,1,0,Running,0,0,0,0,healthy
0,50.7,29.6,1,0,Unknown,0,0,0,1,healthy
11,67.8,84.8,1,1,Error,0,0,0,5,probe_failure
1,12.1,29.7,0,0,Pending,0,7,0,0,image_pull_error
3,62.1,92.7,1,89,Error,1,0,0,2,oom_killed
2,15.3,24.2,0,0,Pending,0,0,4,1,scheduling_failure
4,60.2,14.3,1,1,CrashLoopBackOff,0,0,0,2,crash_loop
0,9.0,15.1,0,0,ContainerCreating,0,0,4,0,scheduling_failure
0,39.3,34.9,1,0,Unknown,0,0,0,0,healthy
0,40.7,32.9,1,0,Unknown,0,0,0,1,healthy
3,50.6,79.7,0,137,Error,0,0,0,1,oom_killed
0,5.4,12.2,0,0,Unschedulable,0,0,7,0,scheduling_failure
0,25.4,49.2,0,0,Running,0,0,0,1,healthy
1,17.2,16.9,0,0,Unschedulable,0,0,5,0,scheduling_failure
0,19.8,18.4,0,1,ErrImagePull,0,8,0,0,image_pull_error
1,2.1,15.3,0,0,Pending,0,7,0,0,image_pull_error
0,33.6,57.5,1,0,Running,0,0,0,0,healthy
2,40.5,89.8,0,136,OOMKilled,4,0,0,1,oom_killed
1,11.5,15.5,0,0,Pending,0,3,0,1,image_pull_error
8,67.4,69.9,0,2,CrashLoopBackOff,0,0,0,3,probe_failure
7,71.9,76.0,0,1,CrashLoopBackOff,0,0,0,3,probe_failure
